0 1 0.0196078431372549
2 3 0.016129032258064516
2 4 0.013513513513513514
5 6 0.010752688172043012
5 7 0.02040816326530612
8 9 0.037037037037037035
10 11 0.016129032258064516
12 13 0.01639344262295082
12 14 0.01818181818181818
15 16 0.014705882352941176
17 18 0.021739130434782608
12 19 0.016129032258064516
20 21 0.009009009009009009
20 22 0.07692307692307693
23 24 0.038461538461538464
23 25 0.03125
23 26 0.03333333333333333
23 27 0.0196078431372549
23 28 0.010416666666666666
23 29 0.020833333333333332
23 30 0.01818181818181818
23 31 0.02564102564102564
23 32 0.03125
23 33 0.041666666666666664
23 34 0.043478260869565216
23 35 0.018867924528301886
23 36 0.023255813953488372
23 37 0.045454545454545456
23 38 0.034482758620689655
23 39 0.030303030303030304
23 40 0.020833333333333332
41 42 0.02
43 44 0.010869565217391304
45 46 0.014705882352941176
47 48 0.021739130434782608
49 50 0.06666666666666667
41 51 0.016129032258064516
52 53 0.037037037037037035
54 55 0.02857142857142857
54 56 0.02564102564102564
54 57 0.018518518518518517
54 58 0.009708737864077669
54 59 0.021739130434782608
60 61 0.01818181818181818
54 54 0.023809523809523808
62 63 0.009615384615384616
64 65 0.025
62 4 0.013513513513513514
66 67 0.125
68 69 0.024390243902439025
42 41 0.015151515151515152
70 71 0.06666666666666667
72 21 0.009009009009009009
71 70 0.0625
73 74 0.013157894736842105
75 76 0.045454545454545456
75 48 0.021739130434782608
77 78 0.043478260869565216
77 79 0.02857142857142857
80 81 0.010869565217391304
80 68 0.02564102564102564
19 62 0.00558659217877095
82 83 0.011627906976744186
22 21 0.009009009009009009
82 84 0.020833333333333332
21 72 0.16666666666666666
41 85 0.02857142857142857
41 86 0.006493506493506494
41 87 0.009174311926605505
82 86 0.006493506493506494
88 89 0.017543859649122806
90 91 0.037037037037037035
92 20 0.015625
41 93 0.0196078431372549
41 94 0.02702702702702703
41 95 0.02702702702702703
89 96 0.010309278350515464
89 88 0.03333333333333333
97 98 0.043478260869565216
97 99 0.043478260869565216
97 100 0.027777777777777776
97 101 0.04
97 102 0.0625
103 104 0.03125
51 41 0.015151515151515152
82 105 0.008695652173913044
90 106 0.0078125
62 107 0.005917159763313609
108 109 0.25
108 66 0.05
108 110 0.1111111111111111
108 111 0.125
108 112 0.058823529411764705
113 114 0.009174311926605505
115 116 0.014705882352941176
117 118 0.041666666666666664
76 119 0.07692307692307693
17 120 0.07142857142857142
82 121 0.006369426751592357
122 123 0.03333333333333333
14 12 0.021739130434782608
124 125 0.05
13 126 0.03571428571428571
127 128 0.007575757575757576
127 129 0.007194244604316547
127 130 0.027777777777777776
131 132 0.019230769230769232
40 26 0.03333333333333333
40 29 0.020833333333333332
18 133 0.0136986301369863
56 55 0.02857142857142857
56 54 0.023809523809523808
56 59 0.021739130434782608
134 6 0.010752688172043012
115 62 0.00558659217877095
135 136 0.037037037037037035
137 138 0.034482758620689655
137 137 0.012987012987012988
22 20 0.015625
139 140 0.030303030303030304
141 142 0.010101010101010102
143 143 0.022222222222222223
143 51 0.016129032258064516
143 133 0.0136986301369863
144 145 0.02127659574468085
146 147 0.02702702702702703
83 82 0.008264462809917356
148 149 0.041666666666666664
150 103 0.023255813953488372
150 150 0.03125
49 84 0.020833333333333332
151 28 0.010416666666666666
152 153 0.043478260869565216
153 152 0.016666666666666666
154 155 0.018867924528301886
156 157 0.018518518518518517
139 15 0.022222222222222223
158 159 0.029411764705882353
4 2 0.012987012987012988
4 3 0.016129032258064516
133 18 0.021739130434782608
160 161 0.02857142857142857
84 162 0.0196078431372549
84 50 0.06666666666666667
84 49 0.07692307692307693
84 71 0.06666666666666667
72 163 0.02702702702702703
164 139 0.027777777777777776
165 166 0.007874015748031496
167 168 0.015873015873015872
123 122 0.047619047619047616
169 115 0.009900990099009901
169 170 0.011494252873563218
40 171 0.02564102564102564
123 103 0.023255813953488372
123 172 0.014285714285714285
123 61 0.01818181818181818
123 123 0.03333333333333333
24 96 0.010309278350515464
81 80 0.01639344262295082
173 21 0.009009009009009009
174 175 0.125
176 177 0.024390243902439025
176 178 0.034482758620689655
122 179 0.02040816326530612
21 22 0.07692307692307693
180 130 0.027777777777777776
181 182 0.03571428571428571
129 183 0.006993006993006993
184 184 0.013888888888888888
181 179 0.02040816326530612
185 52 0.05555555555555555
70 186 0.05
106 187 0.02564102564102564
137 175 0.125
137 174 0.015384615384615385
188 189 0.01639344262295082
108 190 0.034482758620689655
191 157 0.018518518518518517
191 191 0.02127659574468085
192 193 0.04
192 194 0.023809523809523808
192 195 0.034482758620689655
192 2 0.012987012987012988
192 192 0.05263157894736842
41 196 0.043478260869565216
41 197 0.030303030303030304
41 198 0.05263157894736842
41 199 0.02631578947368421
41 200 0.029411764705882353
41 167 0.02040816326530612
41 201 0.023255813953488372
41 202 0.16666666666666666
41 203 0.02564102564102564
41 204 0.03571428571428571
41 205 0.037037037037037035
41 206 0.022727272727272728
41 207 0.034482758620689655
208 208 0.019230769230769232
61 123 0.03333333333333333
209 210 0.012987012987012988
41 128 0.007575757575757576
211 54 0.023809523809523808
115 212 0.009900990099009901
106 189 0.01639344262295082
137 208 0.019230769230769232
212 115 0.009900990099009901
56 58 0.009708737864077669
30 25 0.03125
30 36 0.023255813953488372
30 41 0.015151515151515152
155 213 0.027777777777777776
48 47 0.02127659574468085
214 180 0.014705882352941176
96 24 0.038461538461538464
4 4 0.013513513513513514
4 62 0.00558659217877095
155 215 0.013333333333333334
216 15 0.022222222222222223
170 170 0.011494252873563218
71 217 0.06666666666666667
71 50 0.06666666666666667
71 49 0.07692307692307693
13 13 0.01639344262295082
98 97 0.047619047619047616
74 1 0.0196078431372549
74 218 0.023255813953488372
74 219 0.05555555555555555
74 215 0.013333333333333334
74 220 0.07142857142857142
74 221 0.018518518518518517
74 222 0.017857142857142856
74 223 0.024390243902439025
74 18 0.021739130434782608
74 224 0.1
74 225 0.04
74 226 0.021739130434782608
74 227 0.05263157894736842
74 17 0.01639344262295082
74 228 0.045454545454545456
229 64 0.007352941176470588
100 97 0.047619047619047616
230 21 0.009009009009009009
230 20 0.015625
231 232 0.012987012987012988
233 209 0.016666666666666666
233 234 0.029411764705882353
233 235 0.05555555555555555
233 236 0.020833333333333332
233 159 0.029411764705882353
233 237 0.043478260869565216
233 210 0.012987012987012988
233 238 0.027777777777777776
233 239 0.09090909090909091
233 240 0.05
233 241 0.05
233 242 0.03571428571428571
233 243 0.021739130434782608
233 244 0.037037037037037035
245 115 0.009900990099009901
246 247 0.06666666666666667
248 74 0.013157894736842105
13 238 0.027777777777777776
106 62 0.00558659217877095
106 249 0.008928571428571428
13 27 0.0196078431372549
13 209 0.016666666666666666
103 250 0.03333333333333333
40 251 0.03225806451612903
175 252 0.012195121951219513
169 251 0.03225806451612903
115 169 0.010416666666666666
232 231 0.02040816326530612
75 253 0.043478260869565216
75 40 0.020833333333333332
175 174 0.015384615384615385
254 137 0.012987012987012988
249 212 0.009900990099009901
249 255 0.022222222222222223
249 256 0.00847457627118644
222 74 0.013157894736842105
183 257 0.0625
17 218 0.023255813953488372
183 198 0.05263157894736842
183 258 0.03125
183 183 0.006993006993006993
19 12 0.021739130434782608
259 72 0.16666666666666666
259 260 0.05263157894736842
75 261 0.023255813953488372
115 170 0.011494252873563218
251 169 0.010416666666666666
262 262 0.045454545454545456
263 263 0.02127659574468085
264 265 0.03225806451612903
264 266 0.043478260869565216
264 267 0.05555555555555555
106 268 0.034482758620689655
269 45 0.02631578947368421
129 270 0.08333333333333333
271 272 0.024390243902439025
81 256 0.00847457627118644
46 139 0.027777777777777776
46 15 0.022222222222222223
46 273 0.041666666666666664
46 272 0.024390243902439025
46 274 0.043478260869565216
46 164 0.02564102564102564
46 216 0.038461538461538464
46 45 0.02631578947368421
275 276 0.1111111111111111
277 277 0.0625
155 114 0.009174311926605505
158 62 0.00558659217877095
129 278 0.025
101 101 0.04
29 40 0.020833333333333332
279 107 0.005917159763313609
155 208 0.019230769230769232
231 280 0.009615384615384616
281 281 0.022222222222222223
282 283 0.008333333333333333
155 284 0.02857142857142857
46 46 0.014705882352941176
160 28 0.010416666666666666
160 23 0.014705882352941176
285 286 0.024390243902439025
285 211 0.00847457627118644
258 183 0.006993006993006993
69 287 0.058823529411764705
280 231 0.02040816326530612
212 249 0.008928571428571428
162 288 0.03571428571428571
162 71 0.06666666666666667
162 84 0.020833333333333332
280 289 0.125
280 270 0.08333333333333333
280 196 0.043478260869565216
280 168 0.015873015873015872
280 167 0.02040816326530612
280 290 0.014925373134328358
280 203 0.02564102564102564
280 14 0.01818181818181818
280 291 0.045454545454545456
280 284 0.02857142857142857
280 129 0.007194244604316547
280 130 0.027777777777777776
280 292 0.029411764705882353
293 19 0.016129032258064516
254 226 0.021739130434782608
129 294 0.045454545454545456
189 106 0.0078125
295 296 0.014285714285714285
165 115 0.009900990099009901
287 69 0.024390243902439025
287 80 0.01639344262295082
74 248 0.05
74 297 0.05263157894736842
74 73 0.04
298 299 0.047619047619047616
281 137 0.012987012987012988
147 62 0.00558659217877095
147 249 0.008928571428571428
62 300 0.025
301 248 0.05
302 303 0.012048192771084338
303 302 0.043478260869565216
304 303 0.012048192771084338
252 233 0.022222222222222223
252 166 0.007874015748031496
252 121 0.006369426751592357
252 145 0.02127659574468085
252 115 0.009900990099009901
136 115 0.009900990099009901
92 22 0.07692307692307693
303 304 0.03571428571428571
268 106 0.0078125
252 212 0.009900990099009901
252 288 0.03571428571428571
252 58 0.009708737864077669
252 175 0.125
252 305 0.019230769230769232
252 48 0.021739130434782608
12 293 0.0625
306 62 0.00558659217877095
281 2 0.012987012987012988
236 209 0.016666666666666666
236 238 0.027777777777777776
236 235 0.05555555555555555
236 243 0.021739130434782608
236 244 0.037037037037037035
102 97 0.047619047619047616
175 15 0.022222222222222223
6 5 0.008064516129032258
17 307 0.08333333333333333
17 308 0.02857142857142857
17 1 0.0196078431372549
17 177 0.024390243902439025
17 74 0.013157894736842105
17 309 0.034482758620689655
17 215 0.013333333333333334
17 248 0.05
17 220 0.07142857142857142
17 310 0.041666666666666664
17 85 0.02857142857142857
17 311 0.03225806451612903
17 221 0.018518518518518517
17 312 0.047619047619047616
17 222 0.017857142857142856
17 313 0.058823529411764705
17 223 0.024390243902439025
17 0 0.03125
17 224 0.1
17 314 0.03125
17 225 0.04
17 315 0.125
17 226 0.021739130434782608
17 73 0.04
17 316 0.02631578947368421
17 317 0.05263157894736842
17 228 0.045454545454545456
245 318 0.02
35 62 0.00558659217877095
236 319 0.09090909090909091
167 167 0.02040816326530612
167 201 0.023255813953488372
167 133 0.0136986301369863
167 18 0.021739130434782608
320 321 0.02702702702702703
254 62 0.00558659217877095
322 45 0.02631578947368421
220 177 0.024390243902439025
215 295 0.01818181818181818
321 320 0.025
102 323 0.03225806451612903
102 300 0.025
147 212 0.009900990099009901
147 42 0.02
147 105 0.008695652173913044
11 324 0.07142857142857142
21 173 0.015873015873015872
21 325 0.038461538461538464
21 10 0.024390243902439025
21 20 0.015625
21 306 0.03125
21 326 0.02702702702702703
21 327 0.034482758620689655
21 230 0.058823529411764705
328 329 0.011764705882352941
64 229 0.037037037037037035
215 5 0.008064516129032258
209 236 0.020833333333333332
18 62 0.00558659217877095
73 330 0.1111111111111111
73 248 0.05
73 331 0.05263157894736842
73 297 0.05263157894736842
73 17 0.01639344262295082
290 290 0.014925373134328358
141 332 0.05555555555555555
69 306 0.03125
139 46 0.014705882352941176
333 114 0.009174311926605505
334 335 0.043478260869565216
336 337 0.02702702702702703
336 116 0.014705882352941176
336 165 0.010869565217391304
336 115 0.009900990099009901
336 136 0.037037037037037035
336 338 0.019230769230769232
336 169 0.010416666666666666
336 251 0.03225806451612903
336 135 0.02857142857142857
336 339 0.025
340 134 0.047619047619047616
251 336 0.03125
58 57 0.018518518518518517
341 74 0.013157894736842105
341 309 0.034482758620689655
341 215 0.013333333333333334
341 311 0.03225806451612903
341 222 0.017857142857142856
341 316 0.02631578947368421
191 342 0.022727272727272728
191 277 0.0625
191 149 0.041666666666666664
191 262 0.045454545454545456
191 343 0.05
191 344 0.07142857142857142
191 345 0.043478260869565216
191 346 0.041666666666666664
191 214 0.02
191 347 0.041666666666666664
191 348 0.25
191 349 0.05555555555555555
191 350 0.05
191 284 0.02857142857142857
191 351 0.023255813953488372
191 231 0.02040816326530612
191 278 0.025
191 130 0.027777777777777776
191 178 0.034482758620689655
191 122 0.047619047619047616
191 179 0.02040816326530612
191 352 0.047619047619047616
191 207 0.034482758620689655
353 354 0.1
353 185 0.1
90 13 0.01639344262295082
114 155 0.018867924528301886
288 233 0.022222222222222223
142 355 0.024390243902439025
356 357 0.023809523809523808
114 113 0.013513513513513514
47 339 0.025
194 194 0.023809523809523808
194 195 0.034482758620689655
63 137 0.012987012987012988
43 358 0.025
63 63 0.009615384615384616
359 360 0.03571428571428571
86 128 0.007575757575757576
64 5 0.008064516129032258
160 187 0.02564102564102564
114 361 0.02127659574468085
232 103 0.023255813953488372
244 236 0.020833333333333332
160 190 0.034482758620689655
69 212 0.009900990099009901
335 334 0.05555555555555555
114 129 0.007194244604316547
243 271 0.017241379310344827
184 190 0.034482758620689655
212 69 0.024390243902439025
62 18 0.021739130434782608
44 362 0.016129032258064516
44 293 0.0625
271 243 0.021739130434782608
310 62 0.00558659217877095
252 105 0.008695652173913044
88 303 0.012048192771084338
153 62 0.00558659217877095
363 283 0.008333333333333333
363 161 0.02857142857142857
363 280 0.009615384615384616
363 256 0.00847457627118644
363 211 0.00847457627118644
363 364 0.1111111111111111
363 106 0.0078125
363 236 0.020833333333333332
363 365 0.011111111111111112
363 249 0.008928571428571428
114 263 0.02127659574468085
114 318 0.02
145 87 0.009174311926605505
145 252 0.012195121951219513
263 114 0.009174311926605505
39 28 0.010416666666666666
105 252 0.012195121951219513
153 366 0.011627906976744186
165 28 0.010416666666666666
165 114 0.009174311926605505
165 169 0.010416666666666666
165 367 0.014084507042253521
37 37 0.045454545454545456
52 185 0.1
187 329 0.011764705882352941
187 106 0.0078125
220 223 0.024390243902439025
52 52 0.05555555555555555
52 368 0.022222222222222223
252 304 0.03571428571428571
252 96 0.010309278350515464
252 89 0.017543859649122806
252 88 0.03333333333333333
252 302 0.043478260869565216
252 369 0.16666666666666666
116 169 0.010416666666666666
362 44 0.010869565217391304
362 293 0.0625
184 298 0.1111111111111111
169 116 0.014705882352941176
178 176 0.04
265 264 0.037037037037037035
236 363 0.02564102564102564
195 194 0.023809523809523808
40 370 0.07142857142857142
238 236 0.020833333333333332
170 136 0.037037037037037035
353 371 0.013157894736842105
86 205 0.037037037037037035
86 41 0.015151515151515152
190 184 0.013888888888888888
372 373 0.043478260869565216
288 162 0.0196078431372549
160 113 0.013513513513513514
54 211 0.00847457627118644
180 343 0.05
55 58 0.009708737864077669
160 263 0.02127659574468085
62 153 0.043478260869565216
374 44 0.010869565217391304
58 208 0.019230769230769232
62 340 0.010869565217391304
14 290 0.014925373134328358
170 115 0.009900990099009901
5 215 0.013333333333333334
80 375 0.018867924528301886
376 377 0.011363636363636364
22 92 0.02631578947368421
94 201 0.023255813953488372
58 162 0.0196078431372549
55 54 0.023809523809523808
295 378 0.041666666666666664
295 379 0.029411764705882353
295 103 0.023255813953488372
295 380 0.030303030303030304
295 381 0.037037037037037035
295 382 0.2
295 376 0.027777777777777776
295 181 0.022222222222222223
295 383 0.16666666666666666
295 384 0.0625
295 283 0.008333333333333333
295 157 0.018518518518518517
295 385 0.047619047619047616
295 386 0.125
295 387 0.043478260869565216
295 388 0.043478260869565216
295 389 0.029411764705882353
295 390 0.034482758620689655
295 61 0.01818181818181818
295 391 0.05263157894736842
295 392 0.05263157894736842
295 393 0.015151515151515152
295 394 0.03333333333333333
295 250 0.03333333333333333
295 395 0.027777777777777776
295 396 0.07142857142857142
295 397 0.029411764705882353
295 398 0.25
295 377 0.011363636363636364
295 368 0.022222222222222223
295 104 0.03125
295 321 0.02702702702702703
295 60 0.02564102564102564
295 150 0.03125
295 320 0.025
295 295 0.01818181818181818
40 35 0.018867924528301886
37 30 0.01818181818181818
133 307 0.08333333333333333
133 399 0.05555555555555555
133 167 0.02040816326530612
133 400 0.034482758620689655
133 133 0.0136986301369863
133 401 0.03125
133 232 0.012987012987012988
133 291 0.045454545454545456
133 284 0.02857142857142857
133 206 0.022727272727272728
133 402 0.1111111111111111
133 52 0.05555555555555555
133 179 0.02040816326530612
133 403 0.058823529411764705
68 21 0.009009009009009009
404 166 0.007874015748031496
113 160 0.0047169811320754715
405 106 0.0078125
306 69 0.024390243902439025
113 47 0.02127659574468085
43 406 0.04
43 407 0.045454545454545456
103 378 0.041666666666666664
103 377 0.011363636363636364
103 321 0.02702702702702703
157 395 0.027777777777777776
213 155 0.018867924528301886
263 160 0.0047169811320754715
4 63 0.009615384615384616
4 286 0.024390243902439025
183 282 0.009433962264150943
286 4 0.013513513513513514
213 61 0.01818181818181818
213 320 0.025
61 380 0.030303030303030304
2 195 0.034482758620689655
114 256 0.00847457627118644
114 365 0.011111111111111112
2 305 0.019230769230769232
286 174 0.015384615384615385
183 303 0.012048192771084338
377 376 0.027777777777777776
408 408 0.02631578947368421
377 103 0.023255813953488372
164 216 0.038461538461538464
409 409 0.03333333333333333
305 2 0.012987012987012988
305 63 0.009615384615384616
2 2 0.012987012987012988
410 329 0.011764705882352941
355 256 0.00847457627118644
355 365 0.011111111111111112
135 135 0.02857142857142857
132 411 0.013513513513513514
132 132 0.019230769230769232
114 340 0.010869565217391304
412 4 0.013513513513513514
412 2 0.012987012987012988
183 129 0.007194244604316547
201 94 0.02702702702702703
63 3 0.016129032258064516
63 62 0.00558659217877095
57 137 0.012987012987012988
2 412 0.016666666666666666
157 191 0.02127659574468085
135 336 0.03125
172 413 0.041666666666666664
172 123 0.03333333333333333
193 193 0.04
3 63 0.009615384615384616
377 61 0.01818181818181818
296 296 0.014285714285714285
63 174 0.015384615384615385
96 96 0.010309278350515464
149 148 0.07142857142857142
414 415 0.3333333333333333
306 306 0.03125
61 377 0.011363636363636364
195 2 0.012987012987012988
258 329 0.011764705882352941
267 19 0.016129032258064516
5 5 0.008064516129032258
327 21 0.009009009009009009
327 416 0.3333333333333333
327 173 0.015873015873015872
48 50 0.06666666666666667
48 75 0.07142857142857142
263 417 0.018867924528301886
50 87 0.009174311926605505
50 49 0.07692307692307693
50 71 0.06666666666666667
50 84 0.020833333333333332
418 62 0.00558659217877095
418 184 0.013888888888888888
418 299 0.047619047619047616
216 164 0.02564102564102564
9 19 0.016129032258064516
214 345 0.043478260869565216
214 351 0.023255813953488372
419 290 0.014925373134328358
29 420 0.009174311926605505
9 421 0.020833333333333332
366 366 0.011627906976744186
417 263 0.02127659574468085
87 422 0.03225806451612903
87 154 0.02631578947368421
87 41 0.015151515151515152
87 145 0.02127659574468085
87 50 0.06666666666666667
254 186 0.05
422 87 0.009174311926605505
115 136 0.037037037037037035
249 105 0.008695652173913044
423 417 0.018867924528301886
16 424 0.011111111111111112
284 155 0.018867924528301886
13 301 0.008620689655172414
38 25 0.03125
38 26 0.03333333333333333
38 40 0.020833333333333332
425 426 0.021739130434782608
115 427 0.02127659574468085
417 423 0.03125
118 117 0.06666666666666667
86 189 0.01639344262295082
329 187 0.02564102564102564
174 63 0.009615384615384616
21 68 0.02564102564102564
329 410 0.1111111111111111
231 172 0.014285714285714285
154 87 0.009174311926605505
428 429 0.03333333333333333
184 299 0.047619047619047616
430 249 0.008928571428571428
282 212 0.009900990099009901
282 121 0.006369426751592357
282 83 0.011627906976744186
282 424 0.011111111111111112
71 162 0.0196078431372549
71 431 0.043478260869565216
71 432 0.14285714285714285
71 433 0.05263157894736842
71 83 0.011627906976744186
71 84 0.020833333333333332
13 36 0.023255813953488372
270 129 0.007194244604316547
434 215 0.013333333333333334
132 285 0.014705882352941176
179 157 0.018518518518518517
115 338 0.019230769230769232
435 435 0.25
435 147 0.02702702702702703
39 23 0.014705882352941176
424 15 0.022222222222222223
424 45 0.02631578947368421
115 337 0.02702702702702703
115 436 0.3333333333333333
115 123 0.03333333333333333
115 437 0.038461538461538464
115 165 0.010869565217391304
115 336 0.03125
115 438 0.013157894736842105
115 251 0.03225806451612903
115 439 0.3333333333333333
115 135 0.02857142857142857
115 339 0.025
138 137 0.012987012987012988
105 249 0.008928571428571428
440 413 0.041666666666666664
440 275 0.04
440 178 0.034482758620689655
394 104 0.03125
414 414 0.3333333333333333
29 23 0.014705882352941176
441 360 0.03571428571428571
20 86 0.006493506493506494
85 17 0.01639344262295082
30 23 0.014705882352941176
85 41 0.015151515151515152
417 442 0.045454545454545456
23 115 0.009900990099009901
417 443 0.023809523809523808
417 444 0.04
212 282 0.009433962264150943
212 145 0.02127659574468085
137 57 0.018518518518518517
27 23 0.014705882352941176
438 35 0.018867924528301886
434 23 0.014705882352941176
255 249 0.008928571428571428
139 129 0.007194244604316547
139 445 0.041666666666666664
417 113 0.013513513513513514
417 114 0.009174311926605505
140 139 0.027777777777777776
140 446 0.045454545454545456
140 447 0.03571428571428571
140 448 0.030303030303030304
438 169 0.010416666666666666
139 342 0.022727272727272728
35 438 0.013157894736842105
321 104 0.03125
414 449 1.0
115 23 0.014705882352941176
55 56 0.02564102564102564
55 57 0.018518518518518517
324 11 0.016129032258064516
23 434 0.006622516556291391
57 55 0.02857142857142857
450 434 0.006622516556291391
29 438 0.013157894736842105
338 116 0.014705882352941176
250 150 0.03125
160 405 0.012048192771084338
363 154 0.02631578947368421
74 177 0.024390243902439025
74 74 0.013157894736842105
19 267 0.05555555555555555
288 217 0.06666666666666667
288 84 0.020833333333333332
438 29 0.020833333333333332
451 452 0.034482758620689655
284 160 0.0047169811320754715
437 135 0.02857142857142857
178 177 0.024390243902439025
135 437 0.038461538461538464
116 338 0.019230769230769232
86 453 0.05
454 357 0.023809523809523808
169 438 0.013157894736842105
210 210 0.012987012987012988
405 160 0.0047169811320754715
169 338 0.019230769230769232
248 142 0.010101010101010102
73 73 0.04
437 455 0.0196078431372549
456 456 0.5
84 82 0.008264462809917356
84 121 0.006369426751592357
65 457 0.04
73 215 0.013333333333333334
21 212 0.009900990099009901
212 21 0.009009009009009009
458 129 0.007194244604316547
164 46 0.014705882352941176
177 176 0.04
177 178 0.034482758620689655
139 164 0.02564102564102564
62 283 0.008333333333333333
152 147 0.02702702702702703
21 74 0.013157894736842105
107 113 0.013513513513513514
107 417 0.018867924528301886
107 114 0.009174311926605505
147 152 0.016666666666666666
333 62 0.00558659217877095
223 459 0.015384615384615385
406 11 0.016129032258064516
40 48 0.021739130434782608
238 244 0.037037037037037035
253 75 0.07142857142857142
260 74 0.013157894736842105
417 62 0.00558659217877095
113 417 0.018867924528301886
106 405 0.012048192771084338
62 333 0.010638297872340425
139 429 0.03333333333333333
434 450 0.018867924528301886
434 460 0.022727272727272728
434 365 0.011111111111111112
68 80 0.01639344262295082
275 172 0.014285714285714285
461 45 0.02631578947368421
116 336 0.03125
283 308 0.02857142857142857
462 463 0.5
216 216 0.038461538461538464
207 41 0.015151515151515152
448 140 0.030303030303030304
448 272 0.024390243902439025
448 46 0.014705882352941176
448 45 0.02631578947368421
244 238 0.027777777777777776
62 441 0.022727272727272728
338 123 0.03333333333333333
268 459 0.015384615384615385
464 280 0.009615384615384616
465 155 0.018867924528301886
422 404 0.01639344262295082
466 421 0.020833333333333332
142 187 0.02564102564102564
160 18 0.021739130434782608
61 295 0.01818181818181818
467 152 0.016666666666666666
58 305 0.019230769230769232
26 38 0.034482758620689655
26 40 0.020833333333333332
351 180 0.014705882352941176
148 468 0.047619047619047616
265 19 0.016129032258064516
314 17 0.01639344262295082
160 284 0.02857142857142857
455 375 0.018867924528301886
91 469 0.05555555555555555
283 282 0.009433962264150943
170 470 0.047619047619047616
102 2 0.012987012987012988
393 378 0.041666666666666664
393 379 0.029411764705882353
393 103 0.023255813953488372
393 381 0.037037037037037035
393 376 0.027777777777777776
393 181 0.022222222222222223
393 385 0.047619047619047616
393 388 0.043478260869565216
393 390 0.034482758620689655
393 61 0.01818181818181818
393 392 0.05263157894736842
393 393 0.015151515151515152
393 394 0.03333333333333333
393 296 0.014285714285714285
393 250 0.03333333333333333
393 395 0.027777777777777776
393 397 0.029411764705882353
393 377 0.011363636363636364
393 368 0.022222222222222223
393 104 0.03125
393 321 0.02702702702702703
393 60 0.02564102564102564
393 150 0.03125
393 320 0.025
393 295 0.01818181818181818
232 52 0.05555555555555555
375 455 0.0196078431372549
171 40 0.020833333333333332
471 472 0.14285714285714285
471 255 0.022222222222222223
105 473 0.013333333333333334
105 434 0.006622516556291391
152 467 0.05
280 464 0.023255813953488372
474 91 0.037037037037037035
126 13 0.01639344262295082
176 292 0.029411764705882353
470 170 0.011494252873563218
79 62 0.00558659217877095
258 62 0.00558659217877095
166 424 0.011111111111111112
375 143 0.022222222222222223
375 475 0.5
375 356 0.02127659574468085
375 329 0.011764705882352941
375 66 0.05
375 469 0.05555555555555555
375 108 0.02702702702702703
375 110 0.1111111111111111
375 375 0.018867924528301886
375 91 0.037037037037037035
375 476 0.14285714285714285
375 111 0.125
375 474 0.01639344262295082
375 112 0.058823529411764705
375 328 0.0625
375 357 0.023809523809523808
375 477 0.09090909090909091
375 258 0.03125
375 478 0.037037037037037035
375 90 0.041666666666666664
381 177 0.024390243902439025
381 176 0.04
381 344 0.07142857142857142
381 479 0.2
381 320 0.025
480 282 0.009433962264150943
91 375 0.018867924528301886
123 338 0.019230769230769232
52 232 0.012987012987012988
267 265 0.03225806451612903
320 381 0.037037037037037035
106 44 0.010869565217391304
106 190 0.034482758620689655
292 176 0.04
164 388 0.043478260869565216
166 165 0.010869565217391304
86 106 0.0078125
80 287 0.058823529411764705
481 55 0.02857142857142857
116 136 0.037037037037037035
454 189 0.01639344262295082
165 337 0.02702702702702703
165 361 0.02127659574468085
165 27 0.0196078431372549
165 30 0.01818181818181818
165 116 0.014705882352941176
165 133 0.0136986301369863
165 165 0.010869565217391304
165 336 0.03125
165 136 0.037037037037037035
165 135 0.02857142857142857
139 139 0.027777777777777776
482 340 0.010869565217391304
2 102 0.0625
106 42 0.02
351 178 0.034482758620689655
249 115 0.009900990099009901
249 169 0.010416666666666666
329 66 0.05
329 328 0.0625
169 249 0.008928571428571428
481 58 0.009708737864077669
483 377 0.011363636363636364
12 265 0.03225806451612903
58 366 0.011627906976744186
137 107 0.005917159763313609
291 291 0.045454545454545456
214 214 0.02
481 211 0.00847457627118644
481 208 0.019230769230769232
283 82 0.008264462809917356
283 121 0.006369426751592357
316 1 0.0196078431372549
2 194 0.023809523809523808
172 275 0.04
107 137 0.012987012987012988
62 152 0.016666666666666666
387 296 0.014285714285714285
387 295 0.01818181818181818
62 474 0.01639344262295082
62 258 0.03125
303 183 0.006993006993006993
380 380 0.030303030303030304
178 344 0.07142857142857142
434 105 0.008695652173913044
408 59 0.021739130434782608
172 93 0.0196078431372549
194 2 0.012987012987012988
167 280 0.009615384615384616
115 107 0.005917159763313609
62 314 0.03125
377 377 0.011363636363636364
150 393 0.015151515151515152
290 484 0.05263157894736842
100 429 0.03333333333333333
429 164 0.02564102564102564
194 192 0.05263157894736842
13 10 0.024390243902439025
429 140 0.030303030303030304
429 447 0.03571428571428571
429 448 0.030303030303030304
13 446 0.045454545454545456
13 35 0.018867924528301886
164 429 0.03333333333333333
340 114 0.009174311926605505
63 371 0.013157894736842105
63 363 0.02564102564102564
13 25 0.03125
44 407 0.045454545454545456
13 303 0.012048192771084338
13 95 0.02702702702702703
13 129 0.007194244604316547
340 340 0.010869565217391304
170 485 0.037037037037037035
400 260 0.05263157894736842
149 149 0.041666666666666664
309 215 0.013333333333333334
309 222 0.017857142857142856
296 393 0.015151515151515152
104 103 0.023255813953488372
3 3 0.016129032258064516
258 474 0.01639344262295082
184 418 0.034482758620689655
318 486 0.022727272727272728
314 62 0.00558659217877095
314 85 0.02857142857142857
487 488 0.14285714285714285
489 489 0.037037037037037035
20 230 0.058823529411764705
417 151 0.023809523809523808
145 121 0.006369426751592357
75 372 0.045454545454545456
105 82 0.008264462809917356
259 20 0.015625
448 40 0.020833333333333332
335 15 0.022222222222222223
63 4 0.013513513513513514
215 215 0.013333333333333334
329 143 0.022222222222222223
329 356 0.02127659574468085
329 108 0.02702702702702703
329 375 0.018867924528301886
329 357 0.023809523809523808
329 478 0.037037037037037035
329 90 0.041666666666666664
36 129 0.007194244604316547
187 142 0.010101010101010102
311 459 0.015384615384615385
47 443 0.023809523809523808
420 29 0.020833333333333332
19 161 0.02857142857142857
23 62 0.00558659217877095
155 285 0.014705882352941176
176 344 0.07142857142857142
95 201 0.023255813953488372
282 62 0.00558659217877095
249 62 0.00558659217877095
249 355 0.024390243902439025
218 74 0.013157894736842105
121 212 0.009900990099009901
81 107 0.005917159763313609
81 62 0.00558659217877095
128 86 0.006493506493506494
107 99 0.043478260869565216
212 121 0.006369426751592357
103 103 0.023255813953488372
311 215 0.013333333333333334
490 129 0.007194244604316547
490 365 0.011111111111111112
491 168 0.015873015873015872
491 167 0.02040816326530612
199 196 0.043478260869565216
199 51 0.016129032258064516
199 197 0.030303030303030304
199 199 0.02631578947368421
199 200 0.029411764705882353
199 128 0.007575757575757576
199 167 0.02040816326530612
199 203 0.02564102564102564
199 204 0.03571428571428571
199 206 0.022727272727272728
199 41 0.015151515151515152
199 94 0.02702702702702703
199 95 0.02702702702702703
199 207 0.034482758620689655
199 201 0.023255813953488372
429 139 0.027777777777777776
429 46 0.014705882352941176
340 10 0.024390243902439025
46 429 0.03333333333333333
363 63 0.009615384615384616
162 492 0.043478260869565216
64 91 0.037037037037037035
62 81 0.010869565217391304
132 271 0.017241379310344827
428 139 0.027777777777777776
428 446 0.045454545454545456
428 447 0.03571428571428571
346 157 0.018518518518518517
346 294 0.045454545454545456
450 440 0.015873015873015872
450 275 0.04
450 458 0.024390243902439025
95 13 0.01639344262295082
186 121 0.006369426751592357
321 103 0.023255813953488372
10 260 0.05263157894736842
493 294 0.045454545454545456
494 83 0.011627906976744186
440 450 0.018867924528301886
312 377 0.011363636363636364
33 23 0.014705882352941176
490 106 0.0078125
3 2 0.012987012987012988
64 141 0.014705882352941176
210 159 0.029411764705882353
210 158 0.023255813953488372
309 74 0.013157894736842105
309 272 0.024390243902439025
309 223 0.024390243902439025
257 278 0.025
251 251 0.03225806451612903
107 161 0.02857142857142857
190 106 0.0078125
168 129 0.007194244604316547
86 295 0.01818181818181818
20 495 0.02040816326530612
495 20 0.015625
379 157 0.018518518518518517
198 183 0.006993006993006993
282 16 0.014705882352941176
83 496 0.05
157 396 0.07142857142857142
497 78 0.043478260869565216
36 28 0.010416666666666666
62 79 0.02857142857142857
295 86 0.006493506493506494
107 4 0.013513513513513514
68 62 0.00558659217877095
28 36 0.023255813953488372
232 232 0.012987012987012988
264 498 0.01639344262295082
298 184 0.013888888888888888
305 285 0.014705882352941176
198 387 0.043478260869565216
86 86 0.006493506493506494
181 181 0.022222222222222223
181 394 0.03333333333333333
181 250 0.03333333333333333
181 377 0.011363636363636364
181 104 0.03125
278 257 0.0625
499 44 0.010869565217391304
499 500 0.05555555555555555
499 501 0.07142857142857142
499 502 0.05555555555555555
499 503 0.08333333333333333
499 406 0.04
499 407 0.045454545454545456
499 504 0.027777777777777776
499 505 0.07692307692307693
499 43 0.09090909090909091
499 358 0.025
499 506 0.0196078431372549
265 267 0.05555555555555555
254 107 0.005917159763313609
7 44 0.010869565217391304
62 226 0.021739130434782608
23 460 0.022727272727272728
131 411 0.013513513513513514
245 113 0.013513513513513514
206 346 0.041666666666666664
62 30 0.01818181818181818
62 23 0.014705882352941176
62 128 0.007575757575757576
62 41 0.015151515151515152
507 243 0.021739130434782608
129 168 0.015873015873015872
508 509 0.02127659574468085
305 58 0.009708737864077669
89 469 0.05555555555555555
96 89 0.017543859649122806
309 309 0.034482758620689655
113 151 0.023809523809523808
141 7 0.02040816326530612
267 498 0.01639344262295082
86 510 0.05263157894736842
128 62 0.00558659217877095
54 281 0.022222222222222223
19 265 0.03225806451612903
485 170 0.011494252873563218
294 346 0.041666666666666664
191 511 0.047619047619047616
174 174 0.015384615384615385
97 300 0.025
19 362 0.016129032258064516
260 248 0.05
260 297 0.05263157894736842
260 259 0.04
35 24 0.038461538461538464
107 174 0.015384615384615385
512 155 0.018867924528301886
174 107 0.005917159763313609
300 97 0.047619047619047616
513 222 0.017857142857142856
113 361 0.02127659574468085
113 263 0.02127659574468085
113 444 0.04
113 318 0.02
113 423 0.03125
113 245 0.02127659574468085
174 4 0.013513513513513514
514 514 0.09090909090909091
362 498 0.01639344262295082
5 117 0.06666666666666667
28 35 0.018867924528301886
305 211 0.00847457627118644
129 114 0.009174311926605505
12 12 0.021739130434782608
486 394 0.03333333333333333
178 351 0.023255813953488372
28 23 0.014705882352941176
434 128 0.007575757575757576
434 161 0.02857142857142857
434 19 0.016129032258064516
434 129 0.007194244604316547
174 164 0.02564102564102564
129 365 0.011111111111111112
249 129 0.007194244604316547
411 132 0.019230769230769232
155 512 0.25
168 515 0.02564102564102564
516 517 0.07692307692307693
91 514 0.09090909090909091
213 360 0.03571428571428571
269 46 0.014705882352941176
222 513 0.024390243902439025
321 394 0.03333333333333333
515 168 0.015873015873015872
84 84 0.020833333333333332
42 74 0.013157894736842105
345 180 0.014705882352941176
154 363 0.02564102564102564
518 173 0.015873015873015872
354 353 0.034482758620689655
152 62 0.00558659217877095
394 321 0.02702702702702703
283 62 0.00558659217877095
173 518 0.015151515151515152
41 62 0.00558659217877095
51 280 0.009615384615384616
211 285 0.014705882352941176
211 305 0.019230769230769232
141 430 0.024390243902439025
519 519 0.14285714285714285
300 160 0.0047169811320754715
160 362 0.016129032258064516
59 520 0.020833333333333332
59 137 0.012987012987012988
211 481 0.02564102564102564
211 208 0.019230769230769232
269 140 0.030303030303030304
160 300 0.025
211 286 0.024390243902439025
211 96 0.010309278350515464
521 340 0.010869565217391304
521 134 0.047619047619047616
430 141 0.014705882352941176
62 417 0.018867924528301886
211 55 0.02857142857142857
114 169 0.010416666666666666
4 194 0.023809523809523808
58 252 0.012195121951219513
58 404 0.01639344262295082
522 523 0.0625
524 72 0.16666666666666666
377 378 0.041666666666666664
377 250 0.03333333333333333
377 368 0.022222222222222223
377 104 0.03125
377 150 0.03125
40 438 0.013157894736842105
74 42 0.02
7 141 0.014705882352941176
484 87 0.009174311926605505
440 168 0.015873015873015872
59 55 0.02857142857142857
222 215 0.013333333333333334
2 55 0.02857142857142857
499 525 0.029411764705882353
92 520 0.020833333333333332
157 6 0.010752688172043012
157 64 0.007352941176470588
44 44 0.010869565217391304
103 526 0.02
263 444 0.04
263 423 0.03125
263 245 0.02127659574468085
263 76 0.045454545454545456
263 485 0.037037037037037035
115 115 0.009900990099009901
174 286 0.024390243902439025
211 371 0.013157894736842105
183 365 0.011111111111111112
44 500 0.05555555555555555
44 43 0.09090909090909091
44 365 0.011111111111111112
527 318 0.02
527 48 0.021739130434782608
283 256 0.00847457627118644
283 365 0.011111111111111112
37 36 0.023255813953488372
128 205 0.037037037037037035
527 114 0.009174311926605505
104 394 0.03333333333333333
104 321 0.02702702702702703
114 527 0.06666666666666667
183 106 0.0078125
150 377 0.011363636363636364
6 157 0.018518518518518517
258 258 0.03125
520 92 0.02631578947368421
30 62 0.00558659217877095
42 87 0.009174311926605505
87 484 0.05263157894736842
300 107 0.005917159763313609
342 139 0.027777777777777776
450 256 0.00847457627118644
107 300 0.025
528 64 0.007352941176470588
528 489 0.037037037037037035
21 520 0.020833333333333332
438 40 0.020833333333333332
95 41 0.015151515151515152
105 393 0.015151515151515152
105 493 0.0136986301369863
105 145 0.02127659574468085
105 147 0.02702702702702703
150 368 0.022222222222222223
150 104 0.03125
249 363 0.02564102564102564
145 212 0.009900990099009901
145 42 0.02
145 427 0.02127659574468085
96 302 0.043478260869565216
269 288 0.03571428571428571
466 141 0.014705882352941176
466 529 0.03125
466 496 0.05
466 498 0.01639344262295082
438 170 0.011494252873563218
482 41 0.015151515151515152
438 151 0.023809523809523808
246 530 0.125
170 438 0.013157894736842105
48 527 0.06666666666666667
356 329 0.011764705882352941
329 474 0.01639344262295082
506 64 0.007352941176470588
113 442 0.045454545454545456
92 100 0.027777777777777776
356 356 0.02127659574468085
340 531 0.021739130434782608
141 466 0.027777777777777776
477 108 0.02702702702702703
477 91 0.037037037037037035
175 532 0.05
113 333 0.010638297872340425
252 408 0.02631578947368421
252 132 0.019230769230769232
252 2 0.012987012987012988
46 269 0.014492753623188406
196 41 0.015151515151515152
173 513 0.024390243902439025
229 229 0.037037037037037035
438 123 0.03333333333333333
160 180 0.014705882352941176
82 366 0.011627906976744186
64 89 0.017543859649122806
434 533 0.011764705882352941
180 257 0.0625
145 145 0.02127659574468085
89 474 0.01639344262295082
133 51 0.016129032258064516
252 269 0.014492753623188406
106 16 0.014705882352941176
423 263 0.02127659574468085
123 438 0.013157894736842105
534 256 0.00847457627118644
531 340 0.010869565217391304
100 92 0.02631578947368421
318 527 0.06666666666666667
135 251 0.03225806451612903
201 486 0.022727272727272728
284 149 0.041666666666666664
42 190 0.034482758620689655
13 506 0.0196078431372549
300 62 0.00558659217877095
13 535 0.1111111111111111
536 86 0.006493506493506494
168 440 0.015873015873015872
89 437 0.038461538461538464
141 64 0.007352941176470588
177 344 0.07142857142857142
176 176 0.04
370 417 0.018867924528301886
114 245 0.02127659574468085
63 520 0.020833333333333332
232 537 0.05555555555555555
466 9 0.037037037037037035
370 40 0.020833333333333332
92 538 0.1111111111111111
211 211 0.00847457627118644
303 13 0.01639344262295082
465 465 0.1111111111111111
15 139 0.027777777777777776
539 78 0.043478260869565216
190 42 0.02
447 139 0.027777777777777776
447 446 0.045454545454545456
474 329 0.011764705882352941
160 45 0.02631578947368421
86 540 0.125
322 139 0.027777777777777776
249 434 0.006622516556291391
303 62 0.00558659217877095
340 521 0.07692307692307693
184 81 0.010869565217391304
197 128 0.007575757575757576
251 116 0.014705882352941176
328 459 0.015384615384615385
288 252 0.012195121951219513
249 42 0.02
249 106 0.0078125
188 459 0.015384615384615385
116 251 0.03225806451612903
541 181 0.022222222222222223
542 183 0.006993006993006993
542 399 0.05555555555555555
542 413 0.041666666666666664
542 168 0.015873015873015872
542 543 0.030303030303030304
542 256 0.00847457627118644
542 419 0.013888888888888888
542 440 0.015873015873015872
542 544 0.03571428571428571
542 275 0.04
542 458 0.024390243902439025
542 403 0.058823529411764705
82 283 0.008333333333333333
275 542 0.07142857142857142
42 249 0.008928571428571428
16 106 0.0078125
464 483 0.027777777777777776
42 183 0.006993006993006993
42 81 0.010869565217391304
42 115 0.009900990099009901
84 288 0.03571428571428571
51 133 0.0136986301369863
440 542 0.07142857142857142
288 71 0.06666666666666667
133 128 0.007575757575757576
133 280 0.009615384615384616
288 70 0.0625
495 363 0.02564102564102564
13 90 0.041666666666666664
440 226 0.021739130434782608
177 17 0.01639344262295082
121 82 0.008264462809917356
121 105 0.008695652173913044
534 544 0.03571428571428571
29 25 0.03125
29 26 0.03333333333333333
29 27 0.0196078431372549
29 30 0.01818181818181818
29 33 0.041666666666666664
29 34 0.043478260869565216
29 35 0.018867924528301886
29 38 0.034482758620689655
29 39 0.030303030303030304
29 545 0.05263157894736842
151 438 0.013157894736842105
327 5 0.008064516129032258
175 288 0.03571428571428571
91 474 0.01639344262295082
59 54 0.023809523809523808
59 56 0.02564102564102564
59 58 0.009708737864077669
423 455 0.0196078431372549
86 362 0.016129032258064516
40 37 0.045454545454545456
284 377 0.011363636363636364
280 133 0.0136986301369863
13 118 0.041666666666666664
258 402 0.1111111111111111
217 432 0.14285714285714285
217 433 0.05263157894736842
217 366 0.011627906976744186
217 84 0.020833333333333332
217 70 0.0625
305 57 0.018518518518518517
62 170 0.011494252873563218
181 296 0.014285714285714285
378 377 0.011363636363636364
62 329 0.011764705882352941
331 73 0.04
250 181 0.022222222222222223
250 394 0.03333333333333333
250 250 0.03333333333333333
250 377 0.011363636363636364
250 104 0.03125
423 76 0.045454545454545456
121 233 0.022222222222222223
121 145 0.02127659574468085
121 546 0.0136986301369863
474 478 0.037037037037037035
164 174 0.015384615384615385
255 363 0.02564102564102564
86 536 0.09090909090909091
61 320 0.025
155 518 0.015151515151515152
474 110 0.1111111111111111
283 107 0.005917159763313609
283 142 0.010101010101010102
13 2 0.012987012987012988
250 103 0.023255813953488372
160 321 0.02702702702702703
282 254 0.034482758620689655
395 395 0.027777777777777776
113 443 0.023809523809523808
113 547 0.034482758620689655
113 171 0.02564102564102564
12 141 0.014705882352941176
105 121 0.006369426751592357
534 440 0.015873015873015872
544 542 0.07142857142857142
421 529 0.03125
170 548 0.05
545 29 0.020833333333333332
421 496 0.05
149 277 0.0625
149 284 0.02857142857142857
209 233 0.022222222222222223
387 198 0.05263157894736842
298 246 0.08333333333333333
252 412 0.016666666666666666
431 50 0.06666666666666667
89 303 0.012048192771084338
549 550 0.04
323 97 0.047619047619047616
323 102 0.0625
316 379 0.029411764705882353
269 256 0.00847457627118644
240 210 0.012987012987012988
526 103 0.023255813953488372
209 58 0.009708737864077669
45 461 0.0625
160 61 0.01818181818181818
82 233 0.022222222222222223
82 546 0.0136986301369863
537 232 0.012987012987012988
107 256 0.00847457627118644
496 421 0.020833333333333332
496 529 0.03125
473 29 0.020833333333333332
462 462 0.04
160 319 0.09090909090909091
251 40 0.020833333333333332
97 323 0.03225806451612903
32 23 0.014705882352941176
335 322 0.05
86 223 0.024390243902439025
32 26 0.03333333333333333
183 64 0.007352941176470588
434 163 0.02702702702702703
434 255 0.022222222222222223
434 81 0.010869565217391304
434 106 0.0078125
434 471 0.125
434 189 0.01639344262295082
434 551 0.08333333333333333
357 357 0.023809523809523808
254 282 0.009433962264150943
254 142 0.010101010101010102
552 305 0.019230769230769232
434 490 0.029411764705882353
362 86 0.006493506493506494
210 240 0.05
553 554 0.09090909090909091
553 340 0.010869565217391304
174 285 0.014705882352941176
174 16 0.014705882352941176
174 371 0.013157894736842105
174 46 0.014705882352941176
167 41 0.015151515151515152
167 51 0.016129032258064516
19 7 0.02040816326530612
179 381 0.037037037037037035
140 174 0.015384615384615385
324 555 0.06666666666666667
157 377 0.011363636363636364
423 423 0.03125
174 3 0.016129032258064516
174 140 0.030303030303030304
107 306 0.03125
282 226 0.021739130434782608
370 47 0.02127659574468085
370 41 0.015151515151515152
370 38 0.034482758620689655
62 114 0.009174311926605505
62 365 0.011111111111111112
302 89 0.017543859649122806
153 107 0.005917159763313609
434 249 0.008928571428571428
232 321 0.02702702702702703
249 430 0.024390243902439025
195 195 0.034482758620689655
450 95 0.02702702702702703
458 542 0.07142857142857142
321 232 0.012987012987012988
310 78 0.043478260869565216
2 252 0.012195121951219513
185 354 0.1
28 114 0.009174311926605505
28 165 0.010869565217391304
28 169 0.010416666666666666
28 367 0.014084507042253521
114 283 0.008333333333333333
114 63 0.009615384615384616
114 62 0.00558659217877095
58 55 0.02857142857142857
58 56 0.02564102564102564
58 59 0.021739130434782608
58 209 0.016666666666666666
114 28 0.010416666666666666
114 165 0.010869565217391304
114 367 0.014084507042253521
306 107 0.005917159763313609
379 316 0.02631578947368421
95 64 0.007352941176470588
116 361 0.02127659574468085
51 29 0.020833333333333332
14 280 0.009615384615384616
215 222 0.017857142857142856
2 13 0.01639344262295082
232 556 0.14285714285714285
377 157 0.018518518518518517
167 351 0.023255813953488372
447 447 0.03571428571428571
377 181 0.022222222222222223
377 296 0.014285714285714285
447 46 0.014705882352941176
359 452 0.034482758620689655
351 167 0.02040816326530612
245 114 0.009174311926605505
245 48 0.021739130434782608
296 377 0.011363636363636364
296 181 0.022222222222222223
385 296 0.014285714285714285
183 543 0.030303030303030304
107 62 0.00558659217877095
296 295 0.01818181818181818
296 385 0.047619047619047616
133 557 0.06666666666666667
359 558 0.09090909090909091
62 256 0.00847457627118644
123 41 0.015151515151515152
285 305 0.019230769230769232
559 282 0.009433962264150943
62 434 0.006622516556291391
62 106 0.0078125
62 249 0.008928571428571428
528 528 0.1111111111111111
308 283 0.008333333333333333
285 208 0.019230769230769232
560 459 0.015384615384615385
2 63 0.009615384615384616
462 561 1.0
5 64 0.007352941176470588
5 327 0.034482758620689655
6 327 0.034482758620689655
327 6 0.010752688172043012
283 5 0.008064516129032258
438 438 0.013157894736842105
322 140 0.030303030303030304
322 335 0.043478260869565216
322 273 0.041666666666666664
322 334 0.05555555555555555
6 379 0.029411764705882353
6 489 0.037037037037037035
48 252 0.012195121951219513
412 252 0.012195121951219513
64 95 0.02702702702702703
529 359 0.05
372 433 0.05263157894736842
372 86 0.006493506493506494
372 134 0.047619047619047616
372 83 0.011627906976744186
419 542 0.07142857142857142
254 115 0.009900990099009901
254 31 0.02564102564102564
47 41 0.015151515151515152
338 115 0.009900990099009901
47 114 0.009174311926605505
99 107 0.005917159763313609
506 44 0.010869565217391304
506 365 0.011111111111111112
529 421 0.020833333333333332
404 58 0.009708737864077669
447 448 0.030303030303030304
179 180 0.014705882352941176
21 363 0.02564102564102564
562 562 0.038461538461538464
495 211 0.00847457627118644
218 196 0.043478260869565216
96 115 0.009900990099009901
96 170 0.011494252873563218
96 252 0.012195121951219513
170 96 0.010309278350515464
196 95 0.02702702702702703
40 417 0.018867924528301886
160 338 0.019230769230769232
269 216 0.038461538461538464
95 207 0.034482758620689655
181 150 0.03125
232 284 0.02857142857142857
159 209 0.016666666666666666
40 25 0.03125
40 27 0.0196078431372549
40 28 0.010416666666666666
40 30 0.01818181818181818
40 33 0.041666666666666664
40 34 0.043478260869565216
40 38 0.034482758620689655
40 39 0.030303030303030304
40 545 0.05263157894736842
150 181 0.022222222222222223
417 318 0.02
483 464 0.023255813953488372
3 4 0.013513513513513514
395 157 0.018518518518518517
62 70 0.0625
563 290 0.014925373134328358
232 133 0.0136986301369863
232 557 0.06666666666666667
115 302 0.043478260869565216
87 441 0.022727272727272728
19 473 0.013333333333333334
504 160 0.0047169811320754715
134 372 0.045454545454545456
134 553 0.125
134 482 0.02857142857142857
134 173 0.015873015873015872
134 521 0.07692307692307693
87 493 0.0136986301369863
196 128 0.007575757575757576
3 408 0.02631578947368421
450 413 0.041666666666666664
450 172 0.014285714285714285
564 209 0.016666666666666666
116 115 0.009900990099009901
196 280 0.009615384615384616
196 167 0.02040816326530612
196 203 0.02564102564102564
473 460 0.022727272727272728
209 11 0.016129032258064516
135 96 0.010309278350515464
40 448 0.030303030303030304
379 6 0.010752688172043012
12 565 0.125
14 430 0.024390243902439025
566 452 0.034482758620689655
278 256 0.00847457627118644
278 180 0.014705882352941176
96 135 0.02857142857142857
223 86 0.006493506493506494
338 28 0.010416666666666666
290 567 0.25
129 450 0.018867924528301886
290 568 0.043478260869565216
28 338 0.019230769230769232
173 306 0.03125
569 360 0.03571428571428571
569 161 0.02857142857142857
569 7 0.02040816326530612
569 566 0.0625
569 570 0.0625
569 452 0.034482758620689655
63 571 0.05
320 394 0.03333333333333333
136 337 0.02702702702702703
132 62 0.00558659217877095
473 19 0.016129032258064516
478 474 0.01639344262295082
451 496 0.05
394 320 0.025
471 434 0.006622516556291391
559 518 0.015151515151515152
189 434 0.006622516556291391
171 41 0.015151515151515152
377 60 0.02564102564102564
64 157 0.018518518518518517
566 569 0.034482758620689655
328 90 0.041666666666666664
450 129 0.007194244604316547
434 256 0.00847457627118644
446 269 0.014492753623188406
446 216 0.038461538461538464
68 86 0.006493506493506494
107 115 0.009900990099009901
377 394 0.03333333333333333
29 51 0.016129032258064516
233 252 0.012195121951219513
233 404 0.01639344262295082
233 532 0.05
233 115 0.009900990099009901
371 211 0.00847457627118644
543 183 0.006993006993006993
160 314 0.03125
160 17 0.01639344262295082
173 134 0.047619047619047616
125 353 0.034482758620689655
160 42 0.02
371 63 0.009615384615384616
338 160 0.0047169811320754715
452 141 0.014705882352941176
159 233 0.022222222222222223
159 237 0.043478260869565216
159 210 0.012987012987012988
159 234 0.029411764705882353
159 238 0.027777777777777776
159 158 0.023255813953488372
159 235 0.05555555555555555
159 240 0.05
159 236 0.020833333333333332
159 241 0.05
159 242 0.03571428571428571
159 243 0.021739130434782608
159 244 0.037037037037037035
299 184 0.013888888888888888
452 359 0.05
541 150 0.03125
305 552 0.027777777777777776
61 61 0.01818181818181818
61 394 0.03333333333333333
350 572 0.045454545454545456
573 566 0.0625
361 113 0.013513513513513514
361 443 0.023809523809523808
361 263 0.02127659574468085
361 114 0.009174311926605505
361 245 0.02127659574468085
361 47 0.02127659574468085
295 459 0.015384615384615385
105 180 0.014705882352941176
303 89 0.017543859649122806
63 211 0.00847457627118644
39 86 0.006493506493506494
58 63 0.009615384615384616
160 367 0.014084507042253521
285 552 0.027777777777777776
62 132 0.019230769230769232
280 574 0.25
160 377 0.011363636363636364
257 180 0.014705882352941176
493 129 0.007194244604316547
136 135 0.02857142857142857
234 234 0.029411764705882353
483 214 0.02
136 251 0.03225806451612903
178 575 0.09090909090909091
226 440 0.015873015873015872
234 210 0.012987012987012988
234 236 0.020833333333333332
374 7 0.02040816326530612
60 377 0.011363636363636364
142 576 0.05263157894736842
377 160 0.0047169811320754715
35 28 0.010416666666666666
113 28 0.010416666666666666
114 417 0.018867924528301886
129 172 0.014285714285714285
72 259 0.04
577 375 0.018867924528301886
98 99 0.043478260869565216
577 578 1.0
450 142 0.010101010101010102
232 61 0.01818181818181818
232 53 0.037037037037037035
216 579 0.0625
129 493 0.0136986301369863
172 129 0.007194244604316547
490 434 0.006622516556291391
28 113 0.013513513513513514
232 41 0.015151515151515152
259 74 0.013157894736842105
259 248 0.05
580 580 1.0
74 311 0.03225806451612903
74 341 0.1111111111111111
43 43 0.09090909090909091
581 41 0.015151515151515152
282 74 0.013157894736842105
582 62 0.00558659217877095
274 269 0.014492753623188406
212 256 0.00847457627118644
103 232 0.012987012987012988
62 531 0.021739130434782608
62 77 0.05555555555555555
7 569 0.034482758620689655
285 174 0.015384615384615385
264 500 0.05555555555555555
264 440 0.015873015873015872
264 452 0.034482758620689655
249 283 0.008333333333333333
114 371 0.013157894736842105
458 458 0.024390243902439025
484 563 0.08333333333333333
521 583 1.0
521 482 0.02857142857142857
62 582 0.07692307692307693
273 269 0.014492753623188406
42 405 0.012048192771084338
140 269 0.014492753623188406
209 209 0.016666666666666666
209 121 0.006369426751592357
391 368 0.022222222222222223
272 290 0.014925373134328358
272 584 0.25
43 505 0.07692307692307693
114 78 0.043478260869565216
114 531 0.021739130434782608
285 155 0.018867924528301886
429 428 0.043478260869565216
429 269 0.014492753623188406
53 280 0.009615384615384616
377 295 0.01818181818181818
377 284 0.02857142857142857
5 232 0.012987012987012988
5 53 0.037037037037037035
498 506 0.0196078431372549
247 246 0.08333333333333333
296 387 0.043478260869565216
247 19 0.016129032258064516
6 134 0.047619047619047616
5 115 0.009900990099009901
211 63 0.009615384615384616
211 552 0.027777777777777776
284 232 0.012987012987012988
5 528 0.1111111111111111
95 95 0.02702702702702703
90 90 0.041666666666666664
210 420 0.009174311926605505
197 197 0.030303030303030304
286 286 0.024390243902439025
2 192 0.05263157894736842
528 5 0.008064516129032258
359 529 0.03125
585 585 0.1111111111111111
230 230 0.058823529411764705
484 290 0.014925373134328358
255 255 0.022222222222222223
362 362 0.016129032258064516
506 506 0.0196078431372549
495 208 0.019230769230769232
411 411 0.013513513513513514
284 351 0.023255813953488372
329 208 0.019230769230769232
195 4 0.013513513513513514
495 371 0.013157894736842105
106 21 0.009009009009009009
106 20 0.015625
484 143 0.022222222222222223
128 128 0.007575757575757576
2 586 0.04
2 408 0.02631578947368421
2 138 0.034482758620689655
2 434 0.006622516556291391
2 6 0.010752688172043012
2 281 0.022222222222222223
6 2 0.012987012987012988
6 4 0.013513513513513514
450 542 0.07142857142857142
464 41 0.015151515151515152
340 482 0.02857142857142857
121 209 0.016666666666666666
579 269 0.014492753623188406
579 216 0.038461538461538464
194 587 0.07142857142857142
213 473 0.013333333333333334
413 542 0.07142857142857142
219 79 0.02857142857142857
29 24 0.038461538461538464
29 28 0.010416666666666666
29 31 0.02564102564102564
29 32 0.03125
29 36 0.023255813953488372
29 37 0.045454545454545456
29 588 0.045454545454545456
333 263 0.02127659574468085
232 60 0.02564102564102564
375 80 0.01639344262295082
282 589 0.0625
92 21 0.009009009009009009
554 419 0.013888888888888888
142 282 0.009433962264150943
58 2 0.012987012987012988
335 139 0.027777777777777776
92 137 0.012987012987012988
155 429 0.03333333333333333
419 554 0.09090909090909091
62 355 0.024390243902439025
335 269 0.014492753623188406
218 459 0.015384615384615385
51 232 0.012987012987012988
38 443 0.023809523809523808
570 569 0.034482758620689655
23 590 0.03571428571428571
351 284 0.02857142857142857
413 172 0.014285714285714285
60 232 0.012987012987012988
114 208 0.019230769230769232
96 591 0.14285714285714285
217 71 0.06666666666666667
232 51 0.016129032258064516
274 592 0.034482758620689655
81 509 0.02127659574468085
420 210 0.012987012987012988
62 45 0.02631578947368421
593 197 0.030303030303030304
262 215 0.013333333333333334
168 280 0.009615384615384616
513 173 0.015873015873015872
21 92 0.02631578947368421
95 196 0.043478260869565216
95 51 0.016129032258064516
95 199 0.02631578947368421
95 200 0.029411764705882353
95 128 0.007575757575757576
95 167 0.02040816326530612
95 206 0.022727272727272728
95 93 0.0196078431372549
372 282 0.009433962264150943
372 431 0.043478260869565216
372 594 0.16666666666666666
372 70 0.0625
137 92 0.02631578947368421
58 54 0.023809523809523808
45 269 0.014492753623188406
447 269 0.014492753623188406
251 23 0.014705882352941176
108 509 0.02127659574468085
593 51 0.016129032258064516
424 212 0.009900990099009901
486 183 0.006993006993006993
67 66 0.05
169 114 0.009174311926605505
448 269 0.014492753623188406
17 42 0.02
169 363 0.02564102564102564
589 282 0.009433962264150943
338 337 0.02702702702702703
169 165 0.010869565217391304
115 5 0.008064516129032258
196 218 0.023255813953488372
45 45 0.02631578947368421
280 53 0.037037037037037035
74 188 0.038461538461538464
129 256 0.00847457627118644
424 82 0.008264462809917356
424 121 0.006369426751592357
129 486 0.022727272727272728
23 251 0.03225806451612903
41 28 0.010416666666666666
41 280 0.009615384615384616
41 133 0.0136986301369863
41 114 0.009174311926605505
41 123 0.03333333333333333
41 165 0.010869565217391304
41 483 0.027777777777777776
41 169 0.010416666666666666
314 317 0.05263157894736842
0 316 0.02631578947368421
357 356 0.02127659574468085
61 213 0.027777777777777776
218 95 0.02702702702702703
76 417 0.018867924528301886
86 68 0.02564102564102564
438 32 0.03125
170 169 0.010416666666666666
474 258 0.03125
87 131 0.021739130434782608
79 79 0.02857142857142857
339 455 0.0196078431372549
473 189 0.01639344262295082
42 17 0.01639344262295082
486 129 0.007194244604316547
183 486 0.022727272727272728
226 459 0.015384615384615385
25 438 0.013157894736842105
335 164 0.02564102564102564
160 106 0.0078125
157 379 0.029411764705882353
157 376 0.027777777777777776
157 5 0.008064516129032258
157 397 0.029411764705882353
385 385 0.047619047619047616
417 76 0.045454545454545456
142 450 0.018867924528301886
231 231 0.02040816326530612
416 327 0.034482758620689655
82 183 0.006993006993006993
82 285 0.014705882352941176
82 234 0.029411764705882353
82 211 0.00847457627118644
82 552 0.027777777777777776
181 321 0.02702702702702703
14 103 0.023255813953488372
14 380 0.030303030303030304
14 389 0.029411764705882353
14 537 0.05555555555555555
14 526 0.02
14 61 0.01818181818181818
14 85 0.02857142857142857
14 53 0.037037037037037035
14 394 0.03333333333333333
14 221 0.018518518518518517
14 312 0.047619047619047616
14 18 0.021739130434782608
14 178 0.034482758620689655
14 403 0.058823529411764705
14 486 0.022727272727272728
591 96 0.010309278350515464
133 41 0.015151515151515152
15 62 0.00558659217877095
32 438 0.013157894736842105
461 272 0.024390243902439025
62 28 0.010416666666666666
156 179 0.02040816326530612
482 74 0.013157894736842105
74 482 0.02857142857142857
282 559 0.16666666666666666
95 218 0.023255813953488372
267 267 0.05555555555555555
371 495 0.02040816326530612
183 88 0.03333333333333333
183 63 0.009615384615384616
236 159 0.029411764705882353
189 473 0.013333333333333334
362 441 0.022727272727272728
180 346 0.041666666666666664
180 214 0.02
180 148 0.07142857142857142
180 351 0.023255813953488372
419 450 0.018867924528301886
49 71 0.06666666666666667
592 269 0.014492753623188406
430 62 0.00558659217877095
41 136 0.037037037037037035
334 15 0.022222222222222223
334 269 0.014492753623188406
90 474 0.01639344262295082
438 25 0.03125
139 269 0.014492753623188406
438 30 0.01818181818181818
441 498 0.01639344262295082
316 0 0.03125
196 204 0.03571428571428571
322 269 0.014492753623188406
282 142 0.010101010101010102
346 168 0.015873015873015872
318 127 0.0625
252 303 0.012048192771084338
252 59 0.021739130434782608
160 280 0.009615384615384616
91 478 0.037037037037037035
366 58 0.009708737864077669
115 252 0.012195121951219513
321 181 0.022222222222222223
32 30 0.01818181818181818
180 278 0.025
82 531 0.021739130434782608
420 402 0.1111111111111111
142 283 0.008333333333333333
282 493 0.0136986301369863
13 352 0.047619047619047616
440 200 0.029411764705882353
440 562 0.038461538461538464
440 458 0.024390243902439025
440 65 0.025
71 71 0.06666666666666667
10 339 0.025
52 595 1.0
12 161 0.02857142857142857
62 78 0.043478260869565216
212 252 0.012195121951219513
596 597 0.07142857142857142
370 27 0.0196078431372549
169 28 0.010416666666666666
169 367 0.014084507042253521
169 96 0.010309278350515464
177 223 0.024390243902439025
179 377 0.011363636363636364
105 569 0.034482758620689655
268 222 0.017857142857142856
173 340 0.010869565217391304
339 10 0.024390243902439025
359 141 0.014705882352941176
127 318 0.02
137 365 0.011111111111111112
360 213 0.027777777777777776
62 430 0.024390243902439025
137 520 0.020833333333333332
216 269 0.014492753623188406
272 46 0.014705882352941176
197 41 0.015151515151515152
337 336 0.03125
158 237 0.043478260869565216
158 209 0.016666666666666666
158 238 0.027777777777777776
158 241 0.05
158 242 0.03571428571428571
169 169 0.010416666666666666
141 359 0.05
114 333 0.010638297872340425
27 370 0.07142857142857142
577 366 0.011627906976744186
210 371 0.013157894736842105
107 81 0.010869565217391304
381 179 0.02040816326530612
370 48 0.021739130434782608
194 4 0.013513513513513514
157 156 0.05
61 232 0.012987012987012988
201 207 0.034482758620689655
1 1 0.0196078431372549
5 140 0.030303030303030304
223 223 0.024390243902439025
520 137 0.012987012987012988
520 21 0.009009009009009009
520 63 0.009615384615384616
520 59 0.021739130434782608
412 412 0.016666666666666666
6 6 0.010752688172043012
48 40 0.020833333333333332
51 51 0.016129032258064516
81 418 0.034482758620689655
377 321 0.02702702702702703
321 377 0.011363636363636364
489 6 0.010752688172043012
242 158 0.023255813953488372
513 462 0.04
93 93 0.0196078431372549
49 297 0.05263157894736842
140 5 0.008064516129032258
411 131 0.021739130434782608
62 115 0.009900990099009901
97 335 0.043478260869565216
128 197 0.030303030303030304
569 105 0.008695652173913044
55 107 0.005917159763313609
459 249 0.008928571428571428
222 268 0.034482758620689655
168 346 0.041666666666666664
438 6 0.010752688172043012
164 335 0.043478260869565216
70 433 0.05263157894736842
144 254 0.034482758620689655
13 550 0.04
335 97 0.047619047619047616
96 211 0.00847457627118644
470 155 0.018867924528301886
90 62 0.00558659217877095
105 283 0.008333333333333333
55 59 0.021739130434782608
433 70 0.0625
144 186 0.05
134 598 0.125
357 107 0.005917159763313609
357 474 0.01639344262295082
418 81 0.010869565217391304
371 114 0.009174311926605505
50 48 0.021739130434782608
340 464 0.023255813953488372
283 105 0.008695652173913044
581 557 0.06666666666666667
155 470 0.047619047619047616
42 145 0.02127659574468085
42 147 0.02702702702702703
0 146 0.07142857142857142
371 210 0.012987012987012988
136 41 0.015151515151515152
168 526 0.02
100 101 0.04
380 321 0.02702702702702703
263 527 0.06666666666666667
263 361 0.02127659574468085
263 113 0.013513513513513514
263 443 0.023809523809523808
263 318 0.02
263 442 0.045454545454545456
263 47 0.02127659574468085
263 48 0.021739130434782608
263 171 0.02564102564102564
263 333 0.010638297872340425
433 217 0.06666666666666667
433 288 0.03571428571428571
433 71 0.06666666666666667
107 283 0.008333333333333333
526 168 0.015873015873015872
158 599 0.3333333333333333
433 372 0.045454545454545456
3 58 0.009708737864077669
482 134 0.047619047619047616
490 371 0.013157894736842105
321 380 0.030303030303030304
353 404 0.01639344262295082
196 196 0.043478260869565216
196 51 0.016129032258064516
196 197 0.030303030303030304
196 199 0.02631578947368421
196 200 0.029411764705882353
196 201 0.023255813953488372
196 206 0.022727272727272728
196 94 0.02702702702702703
196 207 0.034482758620689655
433 162 0.0196078431372549
433 152 0.016666666666666666
433 432 0.14285714285714285
433 180 0.014705882352941176
433 84 0.020833333333333332
146 0 0.03125
353 125 0.05
437 27 0.0196078431372549
191 6 0.010752688172043012
146 146 0.07142857142857142
230 62 0.00558659217877095
81 473 0.013333333333333334
353 100 0.027777777777777776
450 438 0.013157894736842105
450 340 0.010869565217391304
450 169 0.010416666666666666
375 96 0.010309278350515464
96 375 0.018867924528301886
209 159 0.029411764705882353
209 237 0.043478260869565216
209 234 0.029411764705882353
209 238 0.027777777777777776
209 158 0.023255813953488372
209 235 0.05555555555555555
209 240 0.05
209 241 0.05
209 242 0.03571428571428571
209 243 0.021739130434782608
209 244 0.037037037037037035
438 450 0.018867924528301886
19 513 0.024390243902439025
281 211 0.00847457627118644
281 552 0.027777777777777776
180 256 0.00847457627118644
129 458 0.024390243902439025
424 139 0.027777777777777776
138 58 0.009708737864077669
62 15 0.022222222222222223
129 600 0.1
178 214 0.02
62 173 0.015873015873015872
62 190 0.034482758620689655
142 41 0.015151515151515152
128 51 0.016129032258064516
128 41 0.015151515151515152
175 3 0.016129032258064516
251 438 0.013157894736842105
86 83 0.011627906976744186
166 283 0.008333333333333333
201 133 0.0136986301369863
201 18 0.021739130434782608
204 377 0.011363636363636364
258 469 0.05555555555555555
265 12 0.021739130434782608
132 166 0.007874015748031496
83 372 0.045454545454545456
34 35 0.018867924528301886
83 283 0.008333333333333333
190 62 0.00558659217877095
148 402 0.1111111111111111
581 205 0.037037037037037035
469 258 0.03125
81 189 0.01639344262295082
333 113 0.013513513513513514
489 64 0.007352941176470588
33 40 0.020833333333333332
160 41 0.015151515151515152
158 210 0.012987012987012988
83 308 0.02857142857142857
83 166 0.007874015748031496
83 601 0.02702702702702703
83 366 0.011627906976744186
552 281 0.022222222222222223
373 283 0.008333333333333333
45 371 0.013157894736842105
180 433 0.05263157894736842
23 588 0.045454545454545456
602 569 0.034482758620689655
414 603 1.0
43 499 0.02564102564102564
43 498 0.01639344262295082
83 494 0.0125
83 86 0.006493506493506494
96 604 0.125
121 71 0.06666666666666667
569 602 0.05
83 154 0.02631578947368421
83 233 0.022222222222222223
83 107 0.005917159763313609
83 424 0.011111111111111112
83 62 0.00558659217877095
58 552 0.027777777777777776
83 160 0.0047169811320754715
83 71 0.06666666666666667
83 84 0.020833333333333332
245 263 0.02127659574468085
133 201 0.023255813953488372
105 533 0.011764705882352941
414 605 0.25
547 171 0.02564102564102564
211 281 0.022222222222222223
409 10 0.024390243902439025
352 41 0.015151515151515152
557 51 0.016129032258064516
393 154 0.02631578947368421
393 162 0.0196078431372549
393 155 0.018867924528301886
393 546 0.0136986301369863
181 291 0.045454545454545456
62 445 0.041666666666666664
166 132 0.019230769230769232
349 402 0.1111111111111111
546 145 0.02127659574468085
495 21 0.009009009009009009
495 16 0.014705882352941176
160 320 0.025
7 161 0.02857142857142857
320 160 0.0047169811320754715
47 116 0.014705882352941176
495 329 0.011764705882352941
495 128 0.007575757575757576
495 606 1.0
495 290 0.014925373134328358
495 114 0.009174311926605505
607 249 0.008928571428571428
284 277 0.0625
498 43 0.09090909090909091
160 133 0.0136986301369863
320 351 0.023255813953488372
212 509 0.02127659574468085
209 183 0.006993006993006993
160 478 0.037037037037037035
340 553 0.125
213 247 0.06666666666666667
213 499 0.02564102564102564
213 608 0.043478260869565216
213 246 0.08333333333333333
340 173 0.015873015873015872
552 211 0.00847457627118644
249 607 0.038461538461538464
195 192 0.05263157894736842
513 19 0.016129032258064516
351 320 0.025
363 165 0.010869565217391304
115 363 0.02564102564102564
134 340 0.010869565217391304
448 216 0.038461538461538464
116 47 0.02127659574468085
34 25 0.03125
34 38 0.034482758620689655
34 40 0.020833333333333332
269 269 0.014492753623188406
59 481 0.02564102564102564
556 483 0.027777777777777776
284 280 0.009615384615384616
30 438 0.013157894736842105
30 609 0.2
410 258 0.03125
114 48 0.021739130434782608
226 42 0.02
226 106 0.0078125
183 209 0.016666666666666666
6 438 0.013157894736842105
610 96 0.010309278350515464
161 7 0.02040816326530612
211 103 0.023255813953488372
211 117 0.06666666666666667
211 611 0.04
211 612 0.02127659574468085
211 560 0.03571428571428571
211 338 0.019230769230769232
211 107 0.005917159763313609
211 62 0.00558659217877095
613 613 0.125
613 614 0.25
211 126 0.03571428571428571
211 209 0.016666666666666666
314 226 0.021739130434782608
146 52 0.05555555555555555
258 410 0.1111111111111111
93 41 0.015151515151515152
13 179 0.02040816326530612
54 34 0.043478260869565216
427 615 0.025
476 474 0.01639344262295082
73 311 0.03225806451612903
338 438 0.013157894736842105
143 375 0.018867924528301886
96 610 0.125
209 211 0.00847457627118644
427 470 0.047619047619047616
427 151 0.023809523809523808
616 320 0.025
427 170 0.011494252873563218
288 433 0.05263157894736842
427 119 0.07692307692307693
112 108 0.02702702702702703
427 261 0.023255813953488372
132 283 0.008333333333333333
269 139 0.027777777777777776
269 448 0.030303030303030304
269 434 0.006622516556291391
320 616 0.2
7 374 0.1111111111111111
62 230 0.058823529411764705
114 495 0.02040816326530612
103 283 0.008333333333333333
617 618 0.07692307692307693
461 139 0.027777777777777776
288 104 0.03125
581 79 0.02857142857142857
184 473 0.013333333333333334
268 1 0.0196078431372549
141 529 0.03125
143 484 0.05263157894736842
498 359 0.05
209 303 0.012048192771084338
118 118 0.041666666666666664
121 121 0.006369426751592357
109 62 0.00558659217877095
286 58 0.009708737864077669
303 209 0.016666666666666666
115 245 0.02127659574468085
455 438 0.013157894736842105
160 81 0.010869565217391304
58 195 0.034482758620689655
474 404 0.01639344262295082
101 100 0.027777777777777776
25 23 0.014705882352941176
105 142 0.010101010101010102
282 115 0.009900990099009901
96 56 0.02564102564102564
96 57 0.018518518518518517
96 303 0.012048192771084338
96 619 0.16666666666666666
56 96 0.010309278350515464
56 57 0.018518518518518517
56 303 0.012048192771084338
56 89 0.017543859649122806
56 610 0.125
56 619 0.16666666666666666
620 620 0.3333333333333333
137 59 0.021739130434782608
96 169 0.010416666666666666
602 616 0.2
261 32 0.03125
195 58 0.009708737864077669
79 219 0.05555555555555555
79 120 0.07142857142857142
273 322 0.05
438 455 0.0196078431372549
57 96 0.010309278350515464
616 602 0.05
323 100 0.027777777777777776
455 339 0.025
455 302 0.043478260869565216
344 149 0.041666666666666664
303 96 0.010309278350515464
486 486 0.022727272727272728
302 455 0.0196078431372549
80 16 0.014705882352941176
80 282 0.009433962264150943
80 142 0.010101010101010102
367 28 0.010416666666666666
367 114 0.009174311926605505
367 165 0.010869565217391304
367 169 0.010416666666666666
96 339 0.025
42 226 0.021739130434782608
367 151 0.023809523809523808
211 301 0.008620689655172414
232 368 0.022222222222222223
441 374 0.1111111111111111
367 261 0.023255813953488372
21 106 0.0078125
559 166 0.007874015748031496
452 566 0.0625
226 282 0.009433962264150943
619 96 0.010309278350515464
303 56 0.02564102564102564
303 57 0.018518518518518517
303 610 0.125
303 619 0.16666666666666666
151 35 0.018867924528301886
87 438 0.013157894736842105
346 180 0.014705882352941176
419 336 0.03125
51 141 0.014705882352941176
195 6 0.010752688172043012
147 87 0.009174311926605505
554 535 0.1111111111111111
188 282 0.009433962264150943
401 621 0.07692307692307693
424 80 0.01639344262295082
238 587 0.07142857142857142
238 622 1.0
216 446 0.045454545454545456
390 14 0.01818181818181818
129 128 0.007575757575757576
129 585 0.1111111111111111
116 27 0.0196078431372549
27 116 0.014705882352941176
404 107 0.005917159763313609
213 529 0.03125
86 107 0.005917159763313609
136 89 0.017543859649122806
282 188 0.038461538461538464
52 146 0.07142857142857142
368 368 0.022222222222222223
190 509 0.02127659574468085
132 131 0.021739130434782608
58 4 0.013513513513513514
214 178 0.034482758620689655
390 296 0.014285714285714285
390 395 0.027777777777777776
390 295 0.01818181818181818
368 52 0.05555555555555555
51 35 0.018867924528301886
623 623 0.1111111111111111
448 139 0.027777777777777776
448 446 0.045454545454545456
448 447 0.03571428571428571
448 429 0.03333333333333333
170 116 0.014705882352941176
521 554 0.09090909090909091
275 515 0.02564102564102564
102 98 0.043478260869565216
161 12 0.021739130434782608
160 453 0.05
49 433 0.05263157894736842
185 353 0.034482758620689655
26 25 0.03125
6 195 0.034482758620689655
20 106 0.0078125
129 572 0.045454545454545456
35 23 0.014705882352941176
457 401 0.03125
65 257 0.0625
65 434 0.006622516556291391
554 521 0.07692307692307693
434 233 0.022222222222222223
96 417 0.018867924528301886
438 87 0.009174311926605505
162 532 0.05
129 413 0.041666666666666664
12 510 0.05263157894736842
413 129 0.007194244604316547
64 64 0.007352941176470588
329 62 0.00558659217877095
36 30 0.01818181818181818
105 384 0.0625
105 161 0.02857142857142857
105 280 0.009615384615384616
105 518 0.015151515151515152
105 203 0.02564102564102564
105 363 0.02564102564102564
105 351 0.023255813953488372
105 236 0.020833333333333332
324 43 0.09090909090909091
452 43 0.09090909090909091
5 105 0.008695652173913044
105 16 0.014705882352941176
181 61 0.01818181818181818
181 320 0.025
281 58 0.009708737864077669
281 63 0.009615384615384616
281 208 0.019230769230769232
116 170 0.011494252873563218
291 181 0.022222222222222223
452 451 0.125
200 94 0.02702702702702703
63 58 0.009708737864077669
63 281 0.022222222222222223
63 208 0.019230769230769232
14 390 0.034482758620689655
13 624 0.09090909090909091
128 129 0.007194244604316547
63 175 0.125
294 206 0.022727272727272728
46 303 0.012048192771084338
46 210 0.012987012987012988
46 371 0.013157894736842105
46 211 0.00847457627118644
46 63 0.009615384615384616
46 236 0.020833333333333332
46 174 0.015384615384615385
63 625 0.16666666666666666
401 457 0.04
114 105 0.008695652173913044
63 56 0.02564102564102564
114 4 0.013513513513513514
114 210 0.012987012987012988
114 2 0.012987012987012988
114 3 0.016129032258064516
114 137 0.012987012987012988
114 46 0.014705882352941176
31 23 0.014705882352941176
57 208 0.019230769230769232
114 278 0.025
114 115 0.009900990099009901
613 117 0.06666666666666667
394 181 0.022222222222222223
169 129 0.007194244604316547
193 2 0.012987012987012988
192 412 0.016666666666666666
6 64 0.007352941176470588
337 337 0.02702702702702703
21 105 0.008695652173913044
120 17 0.01639344262295082
280 280 0.009615384615384616
104 377 0.011363636363636364
321 368 0.022222222222222223
168 168 0.015873015873015872
260 400 0.034482758620689655
374 374 0.1111111111111111
35 51 0.016129032258064516
417 96 0.010309278350515464
417 547 0.034482758620689655
417 171 0.02564102564102564
13 420 0.009174311926605505
417 40 0.020833333333333332
113 41 0.015151515151515152
115 114 0.009174311926605505
249 424 0.011111111111111112
61 393 0.015151515151515152
395 390 0.034482758620689655
395 295 0.01818181818181818
105 5 0.008064516129032258
87 626 1.0
438 96 0.010309278350515464
212 147 0.02702702702702703
210 236 0.020833333333333332
371 129 0.007194244604316547
96 438 0.013157894736842105
136 464 0.023255813953488372
41 113 0.013513513513513514
430 498 0.01639344262295082
87 17 0.01639344262295082
91 91 0.037037037037037035
133 143 0.022222222222222223
569 43 0.09090909090909091
81 160 0.0047169811320754715
56 63 0.009615384615384616
366 441 0.022727272727272728
627 184 0.013888888888888888
17 87 0.009174311926605505
283 103 0.023255813953488372
444 263 0.02127659574468085
164 334 0.05555555555555555
238 239 0.09090909090909091
178 231 0.02040816326530612
139 428 0.043478260869565216
425 425 0.058823529411764705
300 355 0.024390243902439025
29 560 0.03571428571428571
303 285 0.014705882352941176
303 15 0.022222222222222223
303 210 0.012987012987012988
303 371 0.013157894736842105
303 286 0.024390243902439025
303 211 0.00847457627118644
303 63 0.009615384615384616
303 137 0.012987012987012988
320 628 0.14285714285714285
62 303 0.012048192771084338
251 32 0.03125
42 560 0.03571428571428571
32 251 0.03225806451612903
40 590 0.03571428571428571
282 166 0.007874015748031496
40 32 0.03125
590 40 0.020833333333333332
122 122 0.047619047619047616
104 368 0.022222222222222223
179 122 0.047619047619047616
179 179 0.02040816326530612
209 283 0.008333333333333333
137 303 0.012048192771084338
211 57 0.018518518518518517
142 183 0.006993006993006993
275 413 0.041666666666666664
275 440 0.015873015873015872
486 201 0.023255813953488372
323 323 0.03225806451612903
211 129 0.007194244604316547
285 303 0.012048192771084338
60 150 0.03125
211 58 0.009708737864077669
409 118 0.041666666666666664
129 211 0.00847457627118644
129 371 0.013157894736842105
129 169 0.010416666666666666
60 296 0.014285714285714285
560 42 0.02
233 434 0.006622516556291391
211 303 0.012048192771084338
61 321 0.02702702702702703
496 141 0.014705882352941176
496 466 0.027777777777777776
496 498 0.01639344262295082
412 305 0.019230769230769232
61 182 0.03571428571428571
190 160 0.0047169811320754715
62 184 0.013888888888888888
401 425 0.058823529411764705
282 355 0.024390243902439025
211 249 0.008928571428571428
498 496 0.05
427 367 0.014084507042253521
94 94 0.02702702702702703
101 120 0.07142857142857142
3 174 0.015384615384615385
566 43 0.09090909090909091
12 573 0.058823529411764705
51 113 0.013513513513513514
412 192 0.05263157894736842
321 546 0.0136986301369863
113 51 0.016129032258064516
362 7 0.02040816326530612
7 362 0.016129032258064516
188 106 0.0078125
441 366 0.011627906976744186
70 288 0.03571428571428571
13 286 0.024390243902439025
154 62 0.00558659217877095
376 103 0.023255813953488372
16 495 0.02040816326530612
363 329 0.011764705882352941
363 495 0.02040816326530612
363 28 0.010416666666666666
363 303 0.012048192771084338
363 210 0.012987012987012988
363 371 0.013157894736842105
363 296 0.014285714285714285
363 81 0.010869565217391304
363 351 0.023255813953488372
363 129 0.007194244604316547
154 518 0.015151515151515152
154 173 0.015873015873015872
107 357 0.023809523809523808
284 231 0.02040816326530612
546 321 0.02702702702702703
41 464 0.023255813953488372
41 581 0.037037037037037035
41 30 0.01818181818181818
41 232 0.012987012987012988
41 593 0.02564102564102564
41 482 0.02857142857142857
41 47 0.02127659574468085
41 336 0.03125
41 171 0.02564102564102564
183 362 0.016129032258064516
183 19 0.016129032258064516
165 212 0.009900990099009901
256 212 0.009900990099009901
282 64 0.007352941176470588
212 165 0.010869565217391304
629 316 0.02631578947368421
282 518 0.015151515151515152
349 180 0.014705882352941176
379 396 0.07142857142857142
424 434 0.006622516556291391
336 41 0.015151515151515152
496 496 0.05
89 136 0.037037037037037035
305 412 0.016666666666666666
263 96 0.010309278350515464
64 6 0.010752688172043012
201 41 0.015151515151515152
494 86 0.006493506493506494
466 608 0.043478260869565216
429 45 0.02631578947368421
53 397 0.029411764705882353
397 53 0.037037037037037035
62 245 0.02127659574468085
182 61 0.01818181818181818
211 256 0.00847457627118644
86 114 0.009174311926605505
28 365 0.011111111111111112
351 342 0.022727272727272728
556 232 0.012987012987012988
556 330 0.1111111111111111
404 100 0.027777777777777776
301 211 0.00847457627118644
136 116 0.014705882352941176
359 421 0.020833333333333332
359 496 0.05
359 213 0.027777777777777776
269 15 0.022222222222222223
351 214 0.02
495 129 0.007194244604316547
466 267 0.05555555555555555
329 129 0.007194244604316547
264 264 0.037037037037037035
385 295 0.01818181818181818
2 193 0.04
194 54 0.023809523809523808
194 193 0.04
4 195 0.034482758620689655
329 258 0.03125
127 21 0.009009009009009009
127 20 0.015625
400 560 0.03571428571428571
560 106 0.0078125
148 344 0.07142857142857142
21 495 0.02040816326530612
258 107 0.005917159763313609
630 630 0.3333333333333333
81 356 0.02127659574468085
489 5 0.008064516129032258
6 140 0.030303030303030304
36 31 0.02564102564102564
319 319 0.09090909090909091
389 389 0.029411764705882353
631 631 0.3333333333333333
506 141 0.014705882352941176
245 245 0.02127659574468085
632 632 0.3333333333333333
633 633 1.0
283 283 0.008333333333333333
634 634 1.0
634 635 0.5
636 636 0.5
637 637 0.25
31 31 0.02564102564102564
80 80 0.01639344262295082
81 329 0.011764705882352941
81 184 0.013888888888888888
108 108 0.02702702702702703
4 114 0.009174311926605505
4 81 0.010869565217391304
18 223 0.024390243902439025
11 11 0.016129032258064516
103 582 0.07692307692307693
99 99 0.043478260869565216
51 160 0.0047169811320754715
388 164 0.02564102564102564
103 296 0.014285714285714285
116 116 0.014705882352941176
48 114 0.009174311926605505
64 68 0.02564102564102564
64 506 0.0196078431372549
10 36 0.023255813953488372
48 455 0.0196078431372549
492 254 0.034482758620689655
269 273 0.041666666666666664
269 272 0.024390243902439025
269 274 0.043478260869565216
269 164 0.02564102564102564
184 42 0.02
172 62 0.00558659217877095
86 450 0.018867924528301886
86 82 0.008264462809917356
51 199 0.02631578947368421
249 155 0.018867924528301886
344 148 0.07142857142857142
268 215 0.013333333333333334
638 46 0.014705882352941176
638 639 0.16666666666666666
638 124 0.030303030303030304
638 338 0.019230769230769232
638 640 0.058823529411764705
638 638 0.16666666666666666
638 158 0.023255813953488372
638 55 0.02857142857142857
638 210 0.012987012987012988
638 356 0.02127659574468085
249 441 0.022727272727272728
210 303 0.012048192771084338
344 180 0.014705882352941176
526 403 0.058823529411764705
638 300 0.025
235 233 0.022222222222222223
212 364 0.1111111111111111
129 495 0.02040816326530612
42 184 0.013888888888888888
638 10 0.024390243902439025
638 340 0.010869565217391304
492 186 0.05
129 329 0.011764705882352941
106 495 0.02040816326530612
638 329 0.011764705882352941
638 81 0.010869565217391304
638 480 0.029411764705882353
492 144 0.09090909090909091
638 12 0.021739130434782608
132 6 0.010752688172043012
638 589 0.0625
44 430 0.024390243902439025
346 342 0.022727272727272728
105 42 0.02
105 427 0.02127659574468085
357 256 0.00847457627118644
85 226 0.021739130434782608
180 289 0.125
180 621 0.07692307692307693
180 342 0.022727272727272728
180 149 0.041666666666666664
180 345 0.043478260869565216
180 191 0.02127659574468085
180 179 0.02040816326530612
84 83 0.011627906976744186
157 157 0.018518518518518517
641 163 0.02702702702702703
165 129 0.007194244604316547
83 431 0.043478260869565216
41 443 0.023809523809523808
430 44 0.010869565217391304
441 264 0.037037037037037035
11 209 0.016666666666666666
10 535 0.1111111111111111
264 441 0.022727272727272728
44 506 0.0196078431372549
177 377 0.011363636363636364
145 233 0.022222222222222223
213 182 0.03571428571428571
19 441 0.022727272727272728
42 642 0.05
42 329 0.011764705882352941
42 474 0.01639344262295082
42 169 0.010416666666666666
42 453 0.05
330 223 0.024390243902439025
393 82 0.008264462809917356
393 121 0.006369426751592357
393 612 0.02127659574468085
393 105 0.008695652173913044
393 83 0.011627906976744186
393 180 0.014705882352941176
393 643 0.07692307692307693
393 17 0.01639344262295082
81 42 0.02
46 140 0.030303030303030304
11 406 0.04
320 213 0.027777777777777776
188 155 0.018867924528301886
357 454 0.14285714285714285
99 139 0.027777777777777776
140 164 0.02564102564102564
160 51 0.016129032258064516
170 165 0.010869565217391304
51 197 0.030303030303030304
51 109 0.25
379 389 0.029411764705882353
329 81 0.010869565217391304
329 42 0.02
109 51 0.016129032258064516
271 132 0.019230769230769232
41 352 0.047619047619047616
405 42 0.02
537 460 0.022727272727272728
33 35 0.018867924528301886
357 258 0.03125
495 1 0.0196078431372549
495 203 0.02564102564102564
495 377 0.011363636363636364
495 106 0.0078125
495 365 0.011111111111111112
164 140 0.030303030303030304
164 164 0.02564102564102564
249 81 0.010869565217391304
15 303 0.012048192771084338
447 140 0.030303030303030304
447 429 0.03333333333333333
129 249 0.008928571428571428
155 393 0.015151515151515152
86 103 0.023255813953488372
86 377 0.011363636363636364
171 417 0.018867924528301886
174 2 0.012987012987012988
240 236 0.020833333333333332
581 139 0.027777777777777776
551 106 0.0078125
40 245 0.02127659574468085
478 357 0.023809523809523808
69 260 0.05263157894736842
644 489 0.037037037037037035
40 113 0.013513513513513514
113 250 0.03333333333333333
141 498 0.01639344262295082
165 280 0.009615384615384616
249 160 0.0047169811320754715
160 237 0.043478260869565216
113 40 0.020833333333333332
114 326 0.02702702702702703
537 473 0.013333333333333334
21 364 0.1111111111111111
460 537 0.05555555555555555
473 537 0.05555555555555555
460 434 0.006622516556291391
455 48 0.021739130434782608
96 64 0.007352941176470588
64 14 0.01818181818181818
64 124 0.030303030303030304
320 379 0.029411764705882353
64 379 0.029411764705882353
69 68 0.02564102564102564
364 21 0.009009009009009009
183 187 0.02564102564102564
2 174 0.015384615384615385
180 262 0.045454545454545456
180 344 0.07142857142857142
180 156 0.05
180 348 0.25
180 349 0.05555555555555555
180 122 0.047619047619047616
434 473 0.013333333333333334
19 183 0.006993006993006993
121 110 0.1111111111111111
121 84 0.020833333333333332
31 229 0.037037037037037035
133 65 0.025
121 83 0.011627906976744186
14 64 0.007352941176470588
121 393 0.015151515151515152
105 366 0.011627906976744186
86 263 0.02127659574468085
86 444 0.04
82 393 0.015151515151515152
283 132 0.019230769230769232
233 145 0.02127659574468085
103 352 0.047619047619047616
357 212 0.009900990099009901
6 132 0.019230769230769232
160 165 0.010869565217391304
546 58 0.009708737864077669
136 165 0.010869565217391304
103 295 0.01818181818181818
404 404 0.01639344262295082
280 165 0.010869565217391304
107 338 0.019230769230769232
69 81 0.010869565217391304
271 131 0.021739130434782608
271 411 0.013513513513513514
62 68 0.02564102564102564
234 209 0.016666666666666666
155 188 0.038461538461538464
377 177 0.024390243902439025
129 343 0.05
129 568 0.043478260869565216
129 130 0.027777777777777776
183 44 0.010869565217391304
96 21 0.009009009009009009
165 25 0.03125
165 417 0.018867924528301886
165 443 0.023809523809523808
165 261 0.023255813953488372
165 482 0.02857142857142857
165 39 0.030303030303030304
165 545 0.05263157894736842
64 96 0.010309278350515464
243 375 0.018867924528301886
474 143 0.022222222222222223
474 356 0.02127659574468085
474 375 0.018867924528301886
474 357 0.023809523809523808
96 116 0.014705882352941176
366 282 0.009433962264150943
458 600 0.1
245 62 0.00558659217877095
263 62 0.00558659217877095
115 96 0.010309278350515464
11 159 0.029411764705882353
62 263 0.02127659574468085
283 373 0.043478260869565216
562 440 0.015873015873015872
21 96 0.010309278350515464
438 251 0.03225806451612903
438 367 0.014084507042253521
367 438 0.013157894736842105
397 376 0.027777777777777776
165 420 0.009174311926605505
645 645 0.2
281 4 0.013513513513513514
394 628 0.14285714285714285
140 429 0.03333333333333333
385 380 0.030303030303030304
385 387 0.043478260869565216
100 100 0.027777777777777776
408 3 0.016129032258064516
379 379 0.029411764705882353
4 174 0.015384615384615385
120 79 0.02857142857142857
305 305 0.019230769230769232
5 489 0.037037037037037035
646 646 0.25
647 647 0.09090909090909091
648 648 1.0
450 450 0.018867924528301886
628 628 0.14285714285714285
394 394 0.03333333333333333
394 377 0.011363636363636364
260 69 0.024390243902439025
21 127 0.0625
256 357 0.023809523809523808
340 74 0.013157894736842105
466 649 0.1111111111111111
308 308 0.02857142857142857
650 215 0.013333333333333334
14 181 0.022222222222222223
14 226 0.021739130434782608
167 53 0.037037037037037035
47 455 0.0196078431372549
420 301 0.008620689655172414
420 651 0.08333333333333333
58 546 0.0136986301369863
122 347 0.041666666666666664
107 86 0.006493506493506494
612 393 0.015151515151515152
301 420 0.009174311926605505
141 362 0.016129032258064516
44 183 0.006993006993006993
169 364 0.1111111111111111
55 55 0.02857142857142857
526 290 0.014925373134328358
379 397 0.029411764705882353
65 413 0.041666666666666664
65 200 0.029411764705882353
65 440 0.015873015873015872
65 275 0.04
65 178 0.034482758620689655
65 562 0.038461538461538464
482 521 0.07692307692307693
86 372 0.045454545454545456
86 494 0.0125
139 581 0.037037037037037035
464 340 0.010869565217391304
133 568 0.043478260869565216
86 424 0.011111111111111112
165 339 0.025
129 434 0.006622516556291391
129 180 0.014705882352941176
129 41 0.015151515151515152
129 115 0.009900990099009901
129 173 0.015873015873015872
231 290 0.014925373134328358
279 62 0.00558659217877095
419 652 0.25
29 151 0.023809523809523808
129 290 0.014925373134328358
28 438 0.013157894736842105
62 86 0.006493506493506494
74 260 0.05263157894736842
173 327 0.034482758620689655
115 63 0.009615384615384616
489 16 0.014705882352941176
86 62 0.00558659217877095
366 105 0.008695652173913044
170 133 0.0136986301369863
40 547 0.034482758620689655
173 173 0.015873015873015872
438 28 0.010416666666666666
94 41 0.015151515151515152
169 123 0.03333333333333333
367 62 0.00558659217877095
420 283 0.008333333333333333
365 365 0.011111111111111112
20 188 0.038461538461538464
133 170 0.011494252873563218
349 191 0.02127659574468085
653 653 1.0
81 69 0.024390243902439025
30 35 0.018867924528301886
404 654 0.02702702702702703
19 19 0.016129032258064516
81 460 0.022727272727272728
132 305 0.019230769230769232
132 211 0.00847457627118644
295 18 0.021739130434782608
81 106 0.0078125
28 62 0.00558659217877095
474 62 0.00558659217877095
272 271 0.017241379310344827
397 390 0.034482758620689655
81 249 0.008928571428571428
204 41 0.015151515151515152
460 81 0.010869565217391304
187 189 0.01639344262295082
376 397 0.029411764705882353
533 285 0.014705882352941176
480 211 0.00847457627118644
409 13 0.01639344262295082
420 165 0.010869565217391304
139 446 0.045454545454545456
139 447 0.03571428571428571
285 533 0.011764705882352941
233 637 0.25
150 60 0.02564102564102564
13 444 0.04
655 367 0.014084507042253521
211 132 0.019230769230769232
188 20 0.015625
402 402 0.1111111111111111
444 96 0.010309278350515464
18 103 0.023255813953488372
18 295 0.01818181818181818
13 65 0.025
83 83 0.011627906976744186
318 48 0.021739130434782608
371 490 0.029411764705882353
262 656 0.09090909090909091
96 444 0.04
95 351 0.023255813953488372
139 448 0.030303030303030304
62 453 0.05
63 2 0.012987012987012988
267 570 0.0625
446 446 0.045454545454545456
140 322 0.05
269 657 1.0
547 547 0.034482758620689655
84 217 0.06666666666666667
84 152 0.016666666666666666
84 433 0.05263157894736842
84 70 0.0625
412 195 0.034482758620689655
225 311 0.03225806451612903
223 74 0.013157894736842105
444 455 0.0196078431372549
343 278 0.025
128 28 0.010416666666666666
131 271 0.017241379310344827
218 218 0.023255813953488372
129 42 0.02
286 137 0.012987012987012988
51 593 0.02564102564102564
129 165 0.010869565217391304
658 658 1.0
278 343 0.05
28 128 0.007575757575757576
63 115 0.009900990099009901
244 244 0.037037037037037035
63 286 0.024390243902439025
63 59 0.021739130434782608
44 19 0.016129032258064516
286 303 0.012048192771084338
137 286 0.024390243902439025
7 7 0.02040816326530612
63 46 0.014705882352941176
58 62 0.00558659217877095
217 288 0.03571428571428571
525 525 0.029411764705882353
525 247 0.06666666666666667
525 499 0.02564102564102564
525 8 0.029411764705882353
525 406 0.04
566 141 0.014705882352941176
652 419 0.013888888888888888
55 211 0.00847457627118644
659 659 0.5
63 408 0.02631578947368421
581 0 0.03125
223 18 0.021739130434782608
195 412 0.016666666666666666
285 2 0.012987012987012988
2 285 0.014705882352941176
660 660 1.0
172 172 0.014285714285714285
378 378 0.041666666666666664
452 573 0.058823529411764705
5 2 0.012987012987012988
116 339 0.025
525 9 0.037037037037037035
525 466 0.027777777777777776
63 303 0.012048192771084338
3 192 0.05263157894736842
3 303 0.012048192771084338
2 137 0.012987012987012988
260 325 0.038461538461538464
548 170 0.011494252873563218
36 10 0.024390243902439025
159 631 0.3333333333333333
215 650 1.0
661 502 0.05555555555555555
413 214 0.02
413 178 0.034482758620689655
79 581 0.037037037037037035
413 440 0.015873015873015872
413 275 0.04
377 483 0.027777777777777776
107 404 0.01639344262295082
494 107 0.005917159763313609
143 41 0.015151515151515152
62 58 0.009708737864077669
173 259 0.04
105 269 0.014492753623188406
58 115 0.009900990099009901
244 301 0.008620689655172414
140 428 0.043478260869565216
6 473 0.013333333333333334
612 49 0.07692307692307693
612 311 0.03225806451612903
612 404 0.01639344262295082
6 96 0.010309278350515464
275 562 0.038461538461538464
58 286 0.024390243902439025
547 40 0.020833333333333332
366 312 0.047619047619047616
236 210 0.012987012987012988
96 6 0.010752688172043012
196 143 0.022222222222222223
230 107 0.005917159763313609
13 306 0.03125
98 323 0.03225806451612903
312 366 0.011627906976744186
62 662 0.0625
80 663 0.05263157894736842
238 238 0.027777777777777776
334 164 0.02564102564102564
301 244 0.037037037037037035
238 241 0.05
547 370 0.07142857142857142
233 288 0.03571428571428571
233 546 0.0136986301369863
139 461 0.0625
45 322 0.05
380 296 0.014285714285714285
163 72 0.16666666666666666
69 108 0.02702702702702703
3 56 0.02564102564102564
3 286 0.024390243902439025
3 59 0.021739130434782608
56 3 0.016129032258064516
170 490 0.029411764705882353
121 427 0.02127659574468085
4 193 0.04
145 105 0.008695652173913044
380 295 0.01818181818181818
363 215 0.013333333333333334
425 664 0.1111111111111111
665 4 0.013513513513513514
662 62 0.00558659217877095
408 63 0.009615384615384616
362 666 0.0625
362 11 0.016129032258064516
362 365 0.011111111111111112
7 666 0.0625
7 19 0.016129032258064516
7 661 0.02564102564102564
7 12 0.021739130434782608
395 174 0.015384615384615385
377 86 0.006493506493506494
394 61 0.01818181818181818
99 98 0.043478260869565216
99 97 0.047619047619047616
99 323 0.03225806451612903
42 44 0.010869565217391304
174 395 0.027777777777777776
467 434 0.006622516556291391
183 168 0.015873015873015872
183 401 0.03125
434 467 0.05
68 82 0.008264462809917356
82 68 0.02564102564102564
256 211 0.00847457627118644
508 212 0.009900990099009901
508 667 0.03571428571428571
508 550 0.04
508 549 0.023809523809523808
173 154 0.02631578947368421
212 508 0.038461538461538464
275 450 0.018867924528301886
665 58 0.009708737864077669
174 137 0.012987012987012988
72 20 0.015625
404 101 0.04
554 554 0.09090909090909091
554 134 0.047619047619047616
94 204 0.03571428571428571
58 665 0.045454545454545456
506 62 0.00558659217877095
462 256 0.00847457627118644
579 579 0.0625
107 474 0.01639344262295082
301 362 0.016129032258064516
74 259 0.04
474 128 0.007575757575757576
438 115 0.009900990099009901
24 35 0.018867924528301886
371 303 0.012048192771084338
362 301 0.008620689655172414
128 593 0.02564102564102564
297 49 0.07692307692307693
161 569 0.034482758620689655
170 123 0.03333333333333333
170 437 0.038461538461538464
170 338 0.019230769230769232
170 251 0.03225806451612903
170 135 0.02857142857142857
170 339 0.025
174 379 0.029411764705882353
404 84 0.020833333333333332
452 569 0.034482758620689655
55 481 0.02564102564102564
62 506 0.0196078431372549
417 116 0.014705882352941176
170 427 0.02127659574468085
346 191 0.02127659574468085
57 58 0.009708737864077669
53 232 0.012987012987012988
58 211 0.00847457627118644
549 173 0.015873015873015872
193 4 0.013513513513513514
483 345 0.043478260869565216
323 404 0.01639344262295082
141 496 0.05
666 452 0.034482758620689655
157 342 0.022727272727272728
157 345 0.043478260869565216
157 346 0.041666666666666664
157 214 0.02
157 350 0.05
157 351 0.023255813953488372
157 483 0.027777777777777776
157 668 1.0
157 352 0.047619047619047616
345 483 0.027777777777777776
62 279 0.1111111111111111
345 214 0.02
608 466 0.027777777777777776
2 323 0.03225806451612903
483 157 0.018518518518518517
116 417 0.018867924528301886
527 96 0.010309278350515464
527 6 0.010752688172043012
527 5 0.008064516129032258
527 64 0.007352941176470588
5 527 0.06666666666666667
408 305 0.019230769230769232
377 572 0.045454545454545456
377 156 0.05
377 593 0.02564102564102564
377 204 0.03571428571428571
377 350 0.05
377 94 0.02702702702702703
377 320 0.025
11 362 0.016129032258064516
408 516 0.08333333333333333
408 517 0.07692307692307693
434 434 0.006622516556291391
669 669 0.16666666666666666
670 670 1.0
84 404 0.01639344262295082
64 140 0.030303030303030304
64 80 0.01639344262295082
213 359 0.05
45 15 0.022222222222222223
45 274 0.043478260869565216
61 181 0.022222222222222223
460 467 0.05
187 434 0.006622516556291391
187 671 0.04
62 183 0.006993006993006993
478 375 0.018867924528301886
124 64 0.007352941176470588
434 187 0.02564102564102564
9 8 0.029411764705882353
103 86 0.006493506493506494
418 582 0.07692307692307693
64 489 0.037037037037037035
142 366 0.011627906976744186
114 183 0.006993006993006993
486 113 0.013513513513513514
131 87 0.009174311926605505
238 159 0.029411764705882353
671 187 0.02564102564102564
451 265 0.03225806451612903
265 451 0.125
113 183 0.006993006993006993
562 65 0.025
128 474 0.01639344262295082
51 557 0.06666666666666667
474 166 0.007874015748031496
467 460 0.022727272727272728
21 624 0.09090909090909091
64 93 0.0196078431372549
146 67 0.125
371 128 0.007575757575757576
364 152 0.016666666666666666
493 401 0.03125
430 672 0.07692307692307693
137 301 0.008620689655172414
160 104 0.03125
183 62 0.00558659217877095
183 113 0.013513513513513514
183 114 0.009174311926605505
152 364 0.1111111111111111
366 283 0.008333333333333333
194 412 0.016666666666666666
263 455 0.0196078431372549
69 549 0.023809523809523808
129 401 0.03125
495 495 0.02040816326530612
665 665 0.045454545454545456
495 673 0.5
128 371 0.013157894736842105
284 284 0.02857142857142857
147 460 0.022727272727272728
167 203 0.02564102564102564
480 549 0.023809523809523808
210 283 0.008333333333333333
210 365 0.011111111111111112
480 106 0.0078125
371 360 0.03571428571428571
129 129 0.007194244604316547
63 285 0.014705882352941176
11 10 0.024390243902439025
249 82 0.008264462809917356
190 296 0.014285714285714285
249 210 0.012987012987012988
357 5 0.008064516129032258
404 474 0.01639344262295082
286 57 0.018518518518518517
121 41 0.015151515151515152
121 142 0.010101010101010102
212 105 0.008695652173913044
286 63 0.009615384615384616
59 3 0.016129032258064516
56 286 0.024390243902439025
56 174 0.015384615384615385
286 3 0.016129032258064516
4 665 0.045454545454545456
254 152 0.016666666666666666
467 20 0.015625
160 4 0.013513513513513514
341 248 0.05
290 572 0.045454545454545456
495 160 0.0047169811320754715
290 620 0.3333333333333333
494 510 0.05263157894736842
215 311 0.03225806451612903
494 283 0.008333333333333333
105 212 0.009900990099009901
82 256 0.00847457627118644
82 410 0.1111111111111111
82 153 0.043478260869565216
444 485 0.037037037037037035
254 665 0.045454545454545456
301 137 0.012987012987012988
569 358 0.025
141 674 0.1111111111111111
5 357 0.023809523809523808
211 2 0.012987012987012988
106 551 0.08333333333333333
181 390 0.034482758620689655
181 60 0.02564102564102564
140 334 0.05555555555555555
160 153 0.043478260869565216
113 133 0.0136986301369863
72 311 0.03225806451612903
160 495 0.02040816326530612
160 147 0.02702702702702703
106 490 0.029411764705882353
388 388 0.043478260869565216
58 233 0.022222222222222223
263 16 0.014705882352941176
354 185 0.1
389 295 0.01818181818181818
63 305 0.019230769230769232
376 296 0.014285714285714285
376 60 0.02564102564102564
283 166 0.007874015748031496
572 290 0.014925373134328358
283 210 0.012987012987012988
283 366 0.011627906976744186
147 434 0.006622516556291391
460 147 0.02702702702702703
62 172 0.014285714285714285
305 408 0.02631578947368421
290 198 0.05263157894736842
608 267 0.05555555555555555
362 183 0.006993006993006993
675 675 1.0
516 408 0.02631578947368421
4 160 0.0047169811320754715
2 211 0.00847457627118644
2 58 0.009708737864077669
2 238 0.027777777777777776
301 651 0.08333333333333333
47 113 0.013513513513513514
62 458 0.024390243902439025
106 459 0.015384615384615385
106 671 0.04
165 256 0.00847457627118644
165 364 0.1111111111111111
377 342 0.022727272727272728
377 203 0.02564102564102564
377 351 0.023255813953488372
377 179 0.02040816326530612
269 303 0.012048192771084338
269 210 0.012987012987012988
269 371 0.013157894736842105
269 63 0.009615384615384616
269 236 0.020833333333333332
137 2 0.012987012987012988
234 242 0.03571428571428571
404 124 0.030303030303030304
404 98 0.043478260869565216
404 640 0.058823529411764705
404 99 0.043478260869565216
495 434 0.006622516556291391
495 671 0.04
495 459 0.015384615384615385
458 62 0.00558659217877095
69 64 0.007352941176470588
375 663 0.05263157894736842
236 269 0.014492753623188406
238 2 0.012987012987012988
560 20 0.015625
113 527 0.06666666666666667
377 1 0.0196078431372549
232 204 0.03571428571428571
29 473 0.013333333333333334
428 269 0.014492753623188406
428 676 0.25
428 216 0.038461538461538464
129 93 0.0196078431372549
63 269 0.014492753623188406
233 121 0.006369426751592357
233 160 0.0047169811320754715
133 113 0.013513513513513514
160 233 0.022222222222222223
300 108 0.02702702702702703
11 161 0.02857142857142857
424 263 0.02127659574468085
473 434 0.006622516556291391
204 232 0.012987012987012988
549 480 0.029411764705882353
549 509 0.02127659574468085
0 268 0.034482758620689655
167 204 0.03571428571428571
27 136 0.037037037037037035
404 357 0.023809523809523808
133 64 0.007352941176470588
470 427 0.02127659574468085
40 75 0.07142857142857142
143 474 0.01639344262295082
434 212 0.009900990099009901
136 27 0.0196078431372549
199 677 0.5
192 3 0.016129032258064516
241 242 0.03571428571428571
186 152 0.016666666666666666
210 62 0.00558659217877095
566 7 0.02040816326530612
355 282 0.009433962264150943
355 518 0.015151515151515152
64 376 0.027777777777777776
63 532 0.05
370 455 0.0196078431372549
7 566 0.0625
185 533 0.011764705882352941
370 85 0.02857142857142857
85 370 0.07142857142857142
19 570 0.0625
86 318 0.02
529 506 0.0196078431372549
248 612 0.02127659574468085
549 184 0.013888888888888888
549 189 0.01639344262295082
549 508 0.038461538461538464
549 678 0.1111111111111111
58 285 0.014705882352941176
663 679 0.05263157894736842
13 418 0.034482758620689655
180 105 0.008695652173913044
221 316 0.02631578947368421
113 113 0.013513513513513514
301 511 0.047619047619047616
35 34 0.043478260869565216
89 302 0.043478260869565216
210 269 0.014492753623188406
173 20 0.015625
316 221 0.018518518518518517
178 440 0.015873015873015872
343 191 0.02127659574468085
542 129 0.007194244604316547
666 62 0.00558659217877095
549 1 0.0196078431372549
408 2 0.012987012987012988
49 612 0.02127659574468085
129 542 0.07142857142857142
434 147 0.02702702702702703
323 98 0.043478260869565216
267 608 0.043478260869565216
438 417 0.018867924528301886
352 350 0.05
282 225 0.04
282 17 0.01639344262295082
131 131 0.021739130434782608
179 191 0.02127659574468085
679 80 0.01639344262295082
174 121 0.006369426751592357
42 187 0.02564102564102564
498 430 0.024390243902439025
663 80 0.01639344262295082
188 222 0.017857142857142856
380 177 0.024390243902439025
380 680 1.0
380 61 0.01818181818181818
380 440 0.015873015873015872
380 178 0.034482758620689655
380 539 0.14285714285714285
231 191 0.02127659574468085
545 25 0.03125
316 222 0.017857142857142856
444 76 0.045454545454545456
204 204 0.03571428571428571
681 682 0.3333333333333333
144 492 0.043478260869565216
222 188 0.038461538461538464
222 316 0.02631578947368421
458 450 0.018867924528301886
408 285 0.014705882352941176
408 520 0.020833333333333332
408 281 0.022222222222222223
5 58 0.009708737864077669
527 113 0.013513513513513514
157 61 0.01818181818181818
61 157 0.018518518518518517
2 520 0.020833333333333332
642 642 0.05
683 683 0.1111111111111111
285 408 0.02631578947368421
285 520 0.020833333333333332
285 63 0.009615384615384616
285 281 0.022222222222222223
305 55 0.02857142857142857
285 532 0.05
394 486 0.022727272727272728
684 684 1.0
351 351 0.023255813953488372
351 345 0.043478260869565216
351 122 0.047619047619047616
24 40 0.020833333333333332
207 207 0.034482758620689655
157 380 0.030303030303030304
106 188 0.038461538461538464
106 589 0.0625
106 434 0.006622516556291391
106 365 0.011111111111111112
106 147 0.02702702702702703
21 308 0.02857142857142857
168 291 0.045454545454545456
168 542 0.07142857142857142
168 450 0.018867924528301886
10 325 0.038461538461538464
93 133 0.0136986301369863
496 451 0.125
80 62 0.00558659217877095
450 168 0.015873015873015872
345 351 0.023255813953488372
339 96 0.010309278350515464
195 63 0.009615384615384616
86 131 0.021739130434782608
86 132 0.019230769230769232
86 593 0.02564102564102564
665 142 0.010101010101010102
42 160 0.0047169811320754715
557 232 0.012987012987012988
142 121 0.006369426751592357
581 51 0.016129032258064516
69 311 0.03225806451612903
128 114 0.009174311926605505
25 654 0.02702702702702703
494 128 0.007575757575757576
666 362 0.016129032258064516
137 685 0.02702702702702703
611 486 0.022727272727272728
86 686 0.125
455 423 0.03125
174 685 0.02702702702702703
80 679 0.05263157894736842
136 437 0.038461538461538464
160 114 0.009174311926605505
101 98 0.043478260869565216
470 470 0.047619047619047616
76 76 0.045454545454545456
304 304 0.03571428571428571
568 129 0.007194244604316547
106 340 0.010869565217391304
55 305 0.019230769230769232
121 174 0.015384615384615385
589 459 0.015384615384615385
589 434 0.006622516556291391
589 106 0.0078125
589 671 0.04
589 365 0.011111111111111112
685 137 0.012987012987012988
679 663 0.05263157894736842
214 413 0.041666666666666664
128 16 0.014705882352941176
86 117 0.06666666666666667
434 424 0.011111111111111112
107 687 0.14285714285714285
380 391 0.05263157894736842
180 129 0.007194244604316547
58 5 0.008064516129032258
309 221 0.018518518518518517
107 258 0.03125
122 351 0.023255813953488372
142 210 0.012987012987012988
142 236 0.020833333333333332
225 282 0.009433962264150943
264 608 0.043478260869565216
264 213 0.027777777777777776
180 284 0.02857142857142857
188 311 0.03225806451612903
273 46 0.014705882352941176
311 188 0.038461538461538464
63 665 0.045454545454545456
389 394 0.03333333333333333
389 486 0.022727272727272728
665 63 0.009615384615384616
486 458 0.024390243902439025
63 194 0.023809523809523808
63 195 0.034482758620689655
362 506 0.0196078431372549
290 584 0.25
63 434 0.006622516556291391
178 61 0.01818181818181818
178 629 0.3333333333333333
440 177 0.024390243902439025
440 61 0.01818181818181818
440 629 0.3333333333333333
543 688 1.0
543 689 0.5
82 82 0.008264462809917356
69 473 0.013333333333333334
513 272 0.024390243902439025
142 23 0.014705882352941176
390 181 0.022222222222222223
16 128 0.007575757575757576
69 184 0.013888888888888888
351 191 0.02127659574468085
125 125 0.05
460 233 0.022222222222222223
460 473 0.013333333333333334
26 23 0.014705882352941176
458 440 0.015873015873015872
5 279 0.1111111111111111
191 681 0.05
191 682 0.3333333333333333
18 17 0.01639344262295082
516 5 0.008064516129032258
86 37 0.045454545454545456
69 190 0.034482758620689655
141 510 0.05263157894736842
510 141 0.014705882352941176
20 173 0.015873015873015872
404 371 0.013157894736842105
106 690 0.07142857142857142
363 114 0.009174311926605505
363 169 0.010416666666666666
363 367 0.014084507042253521
691 691 1.0
493 280 0.009615384615384616
231 692 1.0
177 61 0.01818181818181818
177 629 0.3333333333333333
177 440 0.015873015873015872
160 103 0.023255813953488372
160 393 0.015151515151515152
543 542 0.07142857142857142
429 100 0.027777777777777776
397 295 0.01818181818181818
91 64 0.007352941176470588
131 366 0.011627906976744186
560 29 0.020833333333333332
233 460 0.022727272727272728
462 212 0.009900990099009901
63 132 0.019230769230769232
419 329 0.011764705882352941
543 292 0.029411764705882353
114 363 0.02564102564102564
60 179 0.02040816326530612
211 411 0.013513513513513514
292 543 0.030303030303030304
59 5 0.008064516129032258
83 693 0.2
83 373 0.043478260869565216
329 419 0.013888888888888888
390 389 0.029411764705882353
390 390 0.034482758620689655
283 16 0.014705882352941176
5 59 0.021739130434782608
283 589 0.0625
285 285 0.014705882352941176
565 266 0.043478260869565216
663 663 0.05263157894736842
549 694 0.14285714285714285
380 157 0.018518518518518517
340 78 0.043478260869565216
132 63 0.009615384615384616
635 137 0.012987012987012988
635 4 0.013513513513513514
286 285 0.014705882352941176
286 211 0.00847457627118644
635 520 0.020833333333333332
635 286 0.024390243902439025
635 2 0.012987012987012988
635 63 0.009615384615384616
635 126 0.03571428571428571
635 285 0.014705882352941176
635 208 0.019230769230769232
11 608 0.043478260869565216
126 211 0.00847457627118644
695 695 0.09090909090909091
377 174 0.015384615384615385
48 263 0.02127659574468085
48 361 0.02127659574468085
48 442 0.045454545454545456
48 245 0.02127659574468085
48 443 0.023809523809523808
48 76 0.045454545454545456
48 417 0.018867924528301886
48 485 0.037037037037037035
48 113 0.013513513513513514
48 444 0.04
48 423 0.03125
48 171 0.02564102564102564
48 547 0.034482758620689655
48 333 0.010638297872340425
297 696 0.14285714285714285
143 329 0.011764705882352941
695 607 0.038461538461538464
695 259 0.04
695 189 0.01639344262295082
695 21 0.009009009009009009
695 222 0.017857142857142856
695 227 0.05263157894736842
695 315 0.125
695 459 0.015384615384615385
695 317 0.05263157894736842
695 85 0.02857142857142857
695 106 0.0078125
695 228 0.045454545454545456
695 20 0.015625
695 316 0.02631578947368421
56 532 0.05
654 25 0.03125
387 385 0.047619047619047616
212 462 0.04
249 506 0.0196078431372549
174 377 0.011363636363636364
269 211 0.00847457627118644
269 174 0.015384615384615385
269 365 0.011111111111111112
212 329 0.011764705882352941
212 28 0.010416666666666666
212 128 0.007575757575757576
212 114 0.009174311926605505
212 81 0.010869565217391304
212 355 0.024390243902439025
212 367 0.014084507042253521
394 14 0.01818181818181818
414 697 0.16666666666666666
186 165 0.010869565217391304
249 301 0.008620689655172414
21 695 0.09090909090909091
212 169 0.010416666666666666
397 296 0.014285714285714285
251 340 0.010869565217391304
491 695 0.09090909090909091
91 89 0.017543859649122806
424 308 0.02857142857142857
424 283 0.008333333333333333
427 282 0.009433962264150943
411 58 0.009708737864077669
226 85 0.02857142857142857
226 317 0.05263157894736842
351 377 0.011363636363636364
86 340 0.010869565217391304
96 304 0.03571428571428571
142 427 0.02127659574468085
86 417 0.018867924528301886
341 297 0.05263157894736842
165 186 0.05
340 86 0.006493506493506494
434 89 0.017543859649122806
304 96 0.010309278350515464
529 525 0.029411764705882353
282 427 0.02127659574468085
151 34 0.043478260869565216
89 434 0.006622516556291391
106 160 0.0047169811320754715
667 550 0.04
667 549 0.023809523809523808
667 161 0.02857142857142857
309 297 0.05263157894736842
330 64 0.007352941176470588
170 64 0.007352941176470588
438 114 0.009174311926605505
698 698 0.041666666666666664
506 249 0.008928571428571428
357 64 0.007352941176470588
699 406 0.04
379 174 0.015384615384615385
699 700 0.037037037037037035
296 342 0.022727272727272728
296 203 0.02564102564102564
296 351 0.023255813953488372
296 179 0.02040816326530612
353 99 0.043478260869565216
211 4 0.013513513513513514
222 459 0.015384615384615385
359 533 0.011764705882352941
366 142 0.010101010101010102
667 128 0.007575757575757576
568 401 0.03125
296 379 0.029411764705882353
351 179 0.02040816326530612
51 581 0.037037037037037035
296 397 0.029411764705882353
249 128 0.007575757575757576
37 86 0.006493506493506494
357 62 0.00558659217877095
379 296 0.014285714285714285
165 128 0.007575757575757576
179 342 0.022727272727272728
179 296 0.014285714285714285
179 203 0.02564102564102564
179 351 0.023255813953488372
698 305 0.019230769230769232
160 35 0.018867924528301886
99 353 0.034482758620689655
698 285 0.014705882352941176
28 160 0.0047169811320754715
128 256 0.00847457627118644
312 85 0.02857142857142857
184 287 0.058823529411764705
290 231 0.02040816326530612
128 165 0.010869565217391304
104 320 0.025
60 103 0.023255813953488372
428 461 0.0625
302 333 0.010638297872340425
320 104 0.03125
87 115 0.009900990099009901
287 184 0.013888888888888888
157 179 0.02040816326530612
562 654 0.02702702702702703
258 357 0.023809523809523808
474 419 0.013888888888888888
5 669 0.16666666666666666
462 701 1.0
185 323 0.03225806451612903
356 107 0.005917159763313609
18 160 0.0047169811320754715
323 185 0.1
26 24 0.038461538461538464
15 269 0.014492753623188406
541 162 0.0196078431372549
0 581 0.037037037037037035
249 365 0.011111111111111112
115 87 0.009174311926605505
115 155 0.018867924528301886
419 474 0.01639344262295082
473 184 0.013888888888888888
178 539 0.14285714285714285
19 666 0.0625
19 661 0.02564102564102564
685 175 0.125
359 11 0.016129032258064516
113 455 0.0196078431372549
539 178 0.034482758620689655
371 371 0.013157894736842105
107 153 0.043478260869565216
107 77 0.05555555555555555
107 17 0.01639344262295082
107 173 0.015873015873015872
107 169 0.010416666666666666
107 46 0.014705882352941176
107 326 0.02702702702702703
107 671 0.04
107 355 0.024390243902439025
107 367 0.014084507042253521
107 702 0.5
107 453 0.05
107 295 0.01818181818181818
107 45 0.02631578947368421
107 147 0.02702702702702703
107 249 0.008928571428571428
5 211 0.00847457627118644
182 213 0.027777777777777776
497 562 0.038461538461538464
568 290 0.014925373134328358
114 438 0.013157894736842105
172 61 0.01818181818181818
362 421 0.020833333333333332
438 116 0.014705882352941176
562 497 0.0625
62 410 0.1111111111111111
296 256 0.00847457627118644
438 113 0.013513513513513514
116 438 0.013157894736842105
309 316 0.02631578947368421
53 466 0.027777777777777776
115 42 0.02
6 516 0.08333333333333333
6 517 0.07692307692307693
430 430 0.024390243902439025
581 133 0.0136986301369863
194 5 0.008064516129032258
516 6 0.010752688172043012
591 591 0.14285714285714285
5 194 0.023809523809523808
351 157 0.018518518518518517
506 362 0.016129032258064516
535 554 0.09090909090909091
48 643 0.07692307692307693
65 172 0.014285714285714285
42 106 0.0078125
494 318 0.02
207 201 0.023255813953488372
140 6 0.010752688172043012
134 554 0.09090909090909091
38 370 0.07142857142857142
316 309 0.034482758620689655
256 296 0.014285714285714285
21 107 0.005917159763313609
510 510 0.05263157894736842
152 121 0.006369426751592357
107 230 0.058823529411764705
113 339 0.025
90 220 0.07142857142857142
458 275 0.04
170 107 0.005917159763313609
377 280 0.009615384615384616
178 380 0.030303030303030304
269 533 0.011764705882352941
234 654 0.02702702702702703
199 174 0.015384615384615385
180 180 0.014705882352941176
123 115 0.009900990099009901
434 303 0.012048192771084338
434 371 0.013157894736842105
434 295 0.01818181818181818
651 301 0.008620689655172414
344 177 0.024390243902439025
344 344 0.07142857142857142
344 178 0.034482758620689655
15 335 0.043478260869565216
177 177 0.024390243902439025
181 172 0.014285714285714285
295 434 0.006622516556291391
515 515 0.02564102564102564
515 494 0.0125
280 377 0.011363636363636364
371 404 0.01639344262295082
311 268 0.034482758620689655
115 280 0.009615384615384616
404 434 0.006622516556291391
404 185 0.1
404 97 0.047619047619047616
404 323 0.03225806451612903
71 152 0.016666666666666666
434 404 0.01639344262295082
290 329 0.011764705882352941
290 357 0.023809523809523808
160 467 0.05
37 229 0.037037037037037035
37 28 0.010416666666666666
359 359 0.05
218 17 0.01639344262295082
282 366 0.011627906976744186
357 290 0.014925373134328358
141 506 0.0196078431372549
272 15 0.022222222222222223
272 273 0.041666666666666664
272 274 0.043478260869565216
211 5 0.008064516129032258
273 139 0.027777777777777776
174 158 0.023255813953488372
538 92 0.02631578947368421
91 90 0.041666666666666664
538 538 0.1111111111111111
308 320 0.025
255 256 0.00847457627118644
256 81 0.010869565217391304
242 234 0.029411764705882353
178 413 0.041666666666666664
308 21 0.009009009009009009
366 367 0.014084507042253521
467 160 0.0047169811320754715
409 90 0.041666666666666664
140 46 0.014705882352941176
661 264 0.037037037037037035
280 115 0.009900990099009901
215 268 0.034482758620689655
452 264 0.037037037037037035
340 598 0.125
340 554 0.09090909090909091
40 24 0.038461538461538464
62 310 0.041666666666666664
15 274 0.043478260869565216
15 334 0.05555555555555555
437 136 0.037037037037037035
367 655 0.038461538461538464
42 129 0.007194244604316547
42 128 0.007575757575757576
42 215 0.013333333333333334
42 434 0.006622516556291391
359 498 0.01639344262295082
183 353 0.034482758620689655
5 305 0.019230769230769232
340 371 0.013157894736842105
237 237 0.043478260869565216
703 703 1.0
704 704 0.5
502 502 0.05555555555555555
477 477 0.09090909090909091
705 705 0.14285714285714285
240 240 0.05
61 178 0.034482758620689655
227 227 0.05263157894736842
418 190 0.034482758620689655
290 706 0.1
426 425 0.058823529411764705
75 427 0.02127659574468085
218 133 0.0136986301369863
103 393 0.015151515151515152
21 62 0.00558659217877095
353 183 0.006993006993006993
467 62 0.00558659217877095
186 70 0.0625
232 277 0.0625
338 169 0.010416666666666666
284 301 0.008620689655172414
397 320 0.025
707 19 0.016129032258064516
63 481 0.02564102564102564
62 21 0.009009009009009009
282 586 0.04
427 115 0.009900990099009901
233 83 0.011627906976744186
99 62 0.00558659217877095
236 234 0.029411764705882353
212 144 0.09090909090909091
136 170 0.011494252873563218
17 393 0.015151515151515152
86 290 0.014925373134328358
37 23 0.014705882352941176
494 395 0.027777777777777776
568 65 0.025
58 282 0.009433962264150943
282 58 0.009708737864077669
128 42 0.02
424 74 0.013157894736842105
190 418 0.034482758620689655
234 235 0.05555555555555555
318 113 0.013513513513513514
310 1 0.0196078431372549
521 598 0.125
521 553 0.125
165 409 0.03333333333333333
232 14 0.01818181818181818
409 165 0.010869565217391304
425 257 0.0625
282 474 0.01639344262295082
113 494 0.0125
339 27 0.0196078431372549
651 254 0.034482758620689655
222 221 0.018518518518518517
494 515 0.02564102564102564
62 467 0.05
58 84 0.020833333333333332
162 541 0.07142857142857142
371 340 0.010869565217391304
46 446 0.045454545454545456
46 428 0.043478260869565216
340 251 0.03225806451612903
413 450 0.018867924528301886
356 81 0.010869565217391304
598 340 0.010869565217391304
215 42 0.02
301 118 0.041666666666666664
301 624 0.09090909090909091
301 13 0.01639344262295082
35 27 0.0196078431372549
355 355 0.024390243902439025
404 708 0.058823529411764705
404 353 0.034482758620689655
404 618 0.07692307692307693
404 662 0.0625
404 709 0.3333333333333333
84 58 0.009708737864077669
337 96 0.010309278350515464
254 256 0.00847457627118644
301 284 0.02857142857142857
305 698 0.041666666666666664
216 429 0.03333333333333333
11 359 0.05
486 318 0.02
429 592 0.034482758620689655
13 128 0.007575757575757576
85 443 0.023809523809523808
96 337 0.02702702702702703
339 165 0.010869565217391304
424 280 0.009615384615384616
86 96 0.010309278350515464
96 86 0.006493506493506494
621 11 0.016129032258064516
191 148 0.07142857142857142
592 429 0.03333333333333333
42 493 0.0136986301369863
113 96 0.010309278350515464
286 138 0.034482758620689655
57 520 0.020833333333333332
83 285 0.014705882352941176
473 6 0.010752688172043012
681 157 0.018518518518518517
440 380 0.030303030303030304
663 375 0.018867924528301886
690 222 0.017857142857142856
80 106 0.0078125
383 383 0.16666666666666666
263 86 0.006493506493506494
566 8 0.029411764705882353
204 94 0.02702702702702703
188 667 0.03571428571428571
188 473 0.013333333333333334
188 80 0.01639344262295082
188 663 0.05263157894736842
188 549 0.023809523809523808
188 69 0.024390243902439025
188 418 0.034482758620689655
188 184 0.013888888888888888
188 508 0.038461538461538464
188 679 0.05263157894736842
188 671 0.04
188 710 0.05263157894736842
130 130 0.027777777777777776
520 57 0.018518518518518517
133 493 0.0136986301369863
11 621 0.07692307692307693
4 412 0.016666666666666666
711 711 1.0
283 83 0.011627906976744186
157 681 0.05
320 389 0.029411764705882353
320 393 0.015151515151515152
320 320 0.025
12 267 0.05555555555555555
255 712 0.25
474 111 0.125
218 482 0.02857142857142857
218 340 0.010869565217391304
320 397 0.029411764705882353
404 233 0.022222222222222223
96 455 0.0196078431372549
337 135 0.02857142857142857
299 171 0.02564102564102564
491 163 0.02702702702702703
476 112 0.058823529411764705
493 133 0.0136986301369863
233 212 0.009900990099009901
233 82 0.008264462809917356
8 566 0.0625
181 14 0.01818181818181818
212 233 0.022222222222222223
62 113 0.013513513513513514
21 121 0.006369426751592357
38 245 0.02127659574468085
38 417 0.018867924528301886
38 547 0.034482758620689655
38 48 0.021739130434782608
38 171 0.02564102564102564
62 571 0.05
285 132 0.019230769230769232
331 459 0.015384615384615385
136 455 0.0196078431372549
102 412 0.016666666666666666
127 189 0.01639344262295082
60 181 0.022222222222222223
60 219 0.05555555555555555
47 86 0.006493506493506494
184 173 0.015873015873015872
175 137 0.012987012987012988
262 180 0.014705882352941176
25 36 0.023255813953488372
37 34 0.043478260869565216
411 271 0.017241379310344827
58 107 0.005917159763313609
593 377 0.011363636363636364
433 49 0.07692307692307693
86 184 0.013888888888888888
340 218 0.023255813953488372
59 59 0.021739130434782608
464 455 0.0196078431372549
460 462 0.04
483 47 0.02127659574468085
86 310 0.041666666666666664
367 256 0.00847457627118644
107 58 0.009708737864077669
87 513 0.024390243902439025
419 143 0.022222222222222223
121 283 0.008333333333333333
69 325 0.038461538461538464
69 713 0.5
69 10 0.024390243902439025
69 508 0.038461538461538464
86 172 0.014285714285714285
86 714 0.043478260869565216
84 282 0.009433962264150943
84 31 0.02564102564102564
84 366 0.011627906976744186
84 110 0.1111111111111111
84 250 0.03333333333333333
84 111 0.125
84 142 0.010101010101010102
84 715 0.2
235 238 0.027777777777777776
47 483 0.027777777777777776
282 84 0.020833333333333332
128 64 0.007352941176470588
69 667 0.03571428571428571
434 401 0.03125
325 69 0.024390243902439025
142 248 0.05
340 62 0.00558659217877095
58 154 0.02631578947368421
171 38 0.034482758620689655
484 83 0.011627906976744186
716 716 0.5
158 158 0.023255813953488372
128 143 0.022222222222222223
2 481 0.02564102564102564
143 478 0.037037037037037035
520 155 0.018867924528301886
160 430 0.024390243902439025
491 491 0.14285714285714285
485 113 0.013513513513513514
401 434 0.006622516556291391
128 167 0.02040816326530612
485 485 0.037037037037037035
129 62 0.00558659217877095
131 717 0.1
249 147 0.02702702702702703
209 319 0.09090909090909091
481 6 0.010752688172043012
137 121 0.006369426751592357
129 280 0.009615384615384616
137 63 0.009615384615384616
129 526 0.02
129 426 0.021739130434782608
129 53 0.037037037037037035
129 133 0.0136986301369863
129 232 0.012987012987012988
129 440 0.015873015873015872
129 14 0.01818181818181818
129 403 0.058823529411764705
129 292 0.029411764705882353
403 129 0.007194244604316547
526 129 0.007194244604316547
373 372 0.045454545454545456
372 107 0.005917159763313609
372 366 0.011627906976744186
138 211 0.00847457627118644
424 174 0.015384615384615385
115 494 0.0125
408 130 0.027777777777777776
14 129 0.007194244604316547
53 129 0.007194244604316547
395 389 0.029411764705882353
37 35 0.018867924528301886
395 379 0.029411764705882353
210 209 0.016666666666666666
6 481 0.02564102564102564
124 124 0.030303030303030304
211 138 0.034482758620689655
320 181 0.022222222222222223
278 183 0.006993006993006993
174 424 0.011111111111111112
527 527 0.06666666666666667
379 395 0.027777777777777776
516 411 0.013513513513513514
430 160 0.0047169811320754715
2 665 0.045454545454545456
4 586 0.04
284 5 0.008064516129032258
55 718 0.16666666666666666
55 208 0.019230769230769232
4 107 0.005917159763313609
172 130 0.027777777777777776
717 717 0.1
362 141 0.014705882352941176
64 306 0.03125
482 218 0.023255813953488372
27 24 0.038461538461538464
513 87 0.009174311926605505
42 667 0.03571428571428571
42 20 0.015625
42 245 0.02127659574468085
90 108 0.02702702702702703
331 166 0.007874015748031496
244 234 0.029411764705882353
417 438 0.013157894736842105
495 256 0.00847457627118644
311 16 0.014705882352941176
155 520 0.020833333333333332
106 256 0.00847457627118644
62 133 0.0136986301369863
271 366 0.011627906976744186
268 221 0.018518518518518517
401 493 0.0136986301369863
79 162 0.0196078431372549
420 568 0.043478260869565216
214 483 0.027777777777777776
550 81 0.010869565217391304
440 533 0.011764705882352941
397 719 0.08333333333333333
229 37 0.045454545454545456
81 550 0.04
343 343 0.05
474 282 0.009433962264150943
0 221 0.018518518518518517
221 268 0.034482758620689655
474 494 0.0125
292 62 0.00558659217877095
290 86 0.006493506493506494
494 474 0.01639344262295082
105 163 0.02702702702702703
105 83 0.011627906976744186
249 141 0.014705882352941176
464 493 0.0136986301369863
46 448 0.030303030303030304
225 17 0.01639344262295082
48 229 0.037037037037037035
543 168 0.015873015873015872
361 116 0.014705882352941176
107 532 0.05
160 337 0.02702702702702703
302 96 0.010309278350515464
160 336 0.03125
542 450 0.018867924528301886
526 576 0.05263157894736842
401 172 0.014285714285714285
64 128 0.007575757575757576
355 128 0.007575757575757576
147 189 0.01639344262295082
404 125 0.05
275 275 0.04
662 404 0.01639344262295082
58 96 0.010309278350515464
515 64 0.007352941176470588
3 236 0.020833333333333332
64 515 0.02564102564102564
317 85 0.02857142857142857
317 312 0.047619047619047616
14 232 0.012987012987012988
141 62 0.00558659217877095
229 48 0.021739130434782608
63 57 0.018518518518518517
5 284 0.02857142857142857
482 419 0.013888888888888888
62 141 0.014705882352941176
393 308 0.02857142857142857
393 380 0.030303030303030304
393 384 0.0625
393 386 0.125
393 387 0.043478260869565216
393 389 0.029411764705882353
393 391 0.05263157894736842
340 107 0.005917159763313609
23 417 0.018867924528301886
107 340 0.010869565217391304
336 27 0.0196078431372549
83 105 0.008695652173913044
610 235 0.05555555555555555
417 23 0.014705882352941176
417 29 0.020833333333333332
96 92 0.02631578947368421
122 376 0.027777777777777776
129 35 0.018867924528301886
323 101 0.04
499 61 0.01818181818181818
499 182 0.03571428571428571
183 301 0.008620689655172414
262 402 0.1111111111111111
408 194 0.023809523809523808
141 44 0.010869565217391304
61 499 0.02564102564102564
327 325 0.038461538461538464
412 683 0.1111111111111111
461 140 0.030303030303030304
461 446 0.045454545454545456
461 428 0.043478260869565216
461 447 0.03571428571428571
461 448 0.030303030303030304
461 429 0.03333333333333333
61 172 0.014285714285714285
244 235 0.05555555555555555
216 140 0.030303030303030304
216 139 0.027777777777777776
216 428 0.043478260869565216
216 272 0.024390243902439025
216 274 0.043478260869565216
216 448 0.030303030303030304
216 46 0.014705882352941176
216 45 0.02631578947368421
287 189 0.01639344262295082
113 486 0.022727272727272728
20 62 0.00558659217877095
608 720 0.0625
92 96 0.010309278350515464
117 189 0.01639344262295082
95 377 0.011363636363636364
277 284 0.02857142857142857
493 413 0.041666666666666664
493 515 0.02564102564102564
493 168 0.015873015873015872
493 172 0.014285714285714285
493 450 0.018867924528301886
493 440 0.015873015873015872
493 275 0.04
493 93 0.0196078431372549
493 458 0.024390243902439025
493 464 0.023255813953488372
458 493 0.0136986301369863
413 493 0.0136986301369863
275 493 0.0136986301369863
301 183 0.006993006993006993
34 54 0.023809523809523808
95 205 0.037037037037037035
554 482 0.02857142857142857
27 25 0.03125
27 26 0.03333333333333333
27 27 0.0196078431372549
27 28 0.010416666666666666
27 29 0.020833333333333332
27 30 0.01818181818181818
27 721 0.16666666666666666
27 31 0.02564102564102564
27 32 0.03125
27 722 0.25
27 33 0.041666666666666664
27 34 0.043478260869565216
27 35 0.018867924528301886
27 36 0.023255813953488372
27 37 0.045454545454545456
27 38 0.034482758620689655
27 39 0.030303030303030304
27 40 0.020833333333333332
27 588 0.045454545454545456
27 545 0.05263157894736842
34 361 0.02127659574468085
482 554 0.09090909090909091
361 136 0.037037037037037035
361 34 0.043478260869565216
35 129 0.007194244604316547
467 86 0.006493506493506494
215 223 0.024390243902439025
13 165 0.010869565217391304
434 280 0.009615384615384616
129 291 0.045454545454545456
160 135 0.02857142857142857
75 135 0.02857142857142857
665 175 0.125
378 393 0.015151515151515152
138 286 0.024390243902439025
175 665 0.045454545454545456
333 455 0.0196078431372549
251 123 0.03333333333333333
455 464 0.023255813953488372
123 251 0.03225806451612903
450 493 0.0136986301369863
377 95 0.02702702702702703
243 80 0.01639344262295082
86 47 0.02127659574468085
103 368 0.022222222222222223
551 723 0.09090909090909091
267 12 0.021739130434782608
129 46 0.014705882352941176
333 333 0.010638297872340425
447 440 0.015873015873015872
46 129 0.007194244604316547
333 443 0.023809523809523808
440 447 0.03571428571428571
553 553 0.125
62 151 0.023809523809523808
62 367 0.014084507042253521
136 361 0.02127659574468085
160 576 0.05263157894736842
85 314 0.03125
723 551 0.08333333333333333
450 160 0.0047169811320754715
160 361 0.02127659574468085
303 630 0.3333333333333333
174 520 0.020833333333333332
160 446 0.045454545454545456
160 136 0.037037037037037035
305 5 0.008064516129032258
370 333 0.010638297872340425
114 212 0.009900990099009901
20 92 0.02631578947368421
62 158 0.023255813953488372
80 243 0.021739130434782608
68 663 0.05263157894736842
274 15 0.022222222222222223
520 174 0.015384615384615385
6 376 0.027777777777777776
520 281 0.022222222222222223
281 520 0.020833333333333332
376 6 0.010752688172043012
2 59 0.021739130434782608
8 672 0.07692307692307693
8 510 0.05263157894736842
104 61 0.01818181818181818
327 10 0.024390243902439025
90 329 0.011764705882352941
400 86 0.006493506493506494
35 33 0.041666666666666664
394 385 0.047619047619047616
394 250 0.03333333333333333
10 327 0.034482758620689655
321 321 0.02702702702702703
86 400 0.034482758620689655
36 165 0.010869565217391304
108 375 0.018867924528301886
234 269 0.014492753623188406
533 121 0.006369426751592357
115 113 0.013513513513513514
186 254 0.034482758620689655
486 114 0.009174311926605505
486 245 0.02127659574468085
47 168 0.015873015873015872
22 35 0.018867924528301886
91 329 0.011764705882352941
4 59 0.021739130434782608
337 169 0.010416666666666666
27 361 0.02127659574468085
88 88 0.03333333333333333
13 329 0.011764705882352941
14 14 0.01818181818181818
511 420 0.009174311926605505
538 326 0.02702702702702703
302 88 0.03333333333333333
13 23 0.014705882352941176
248 297 0.05263157894736842
338 724 0.5
338 437 0.038461538461538464
338 336 0.03125
338 136 0.037037037037037035
338 439 0.3333333333333333
338 135 0.02857142857142857
114 444 0.04
114 114 0.009174311926605505
114 423 0.03125
404 612 0.02127659574468085
74 317 0.05263157894736842
212 283 0.008333333333333333
165 29 0.020833333333333332
165 725 0.08333333333333333
165 33 0.041666666666666664
165 34 0.043478260869565216
165 35 0.018867924528301886
165 338 0.019230769230769232
165 38 0.034482758620689655
87 474 0.01639344262295082
45 216 0.038461538461538464
21 489 0.037037037037037035
79 133 0.0136986301369863
140 15 0.022222222222222223
523 522 0.3333333333333333
378 103 0.023255813953488372
329 363 0.02564102564102564
145 546 0.0136986301369863
65 426 0.021739130434782608
474 108 0.02702702702702703
254 492 0.043478260869565216
32 113 0.013513513513513514
474 328 0.0625
58 175 0.125
451 566 0.0625
282 318 0.02
248 696 0.14285714285714285
285 58 0.009708737864077669
339 339 0.025
588 588 0.045454545454545456
25 10 0.024390243902439025
159 159 0.029411764705882353
329 13 0.01639344262295082
23 13 0.01639344262295082
100 117 0.06666666666666667
114 486 0.022727272727272728
526 526 0.02
279 279 0.1111111111111111
113 32 0.03125
191 180 0.014705882352941176
114 547 0.034482758620689655
114 339 0.025
140 644 0.08333333333333333
10 25 0.03125
117 100 0.027777777777777776
556 464 0.023255813953488372
271 64 0.007352941176470588
408 5 0.008064516129032258
104 181 0.022222222222222223
104 250 0.03333333333333333
218 1 0.0196078431372549
147 160 0.0047169811320754715
464 556 0.14285714285714285
121 533 0.011764705882352941
494 377 0.011363636363636364
207 95 0.02702702702702703
424 109 0.25
424 429 0.03333333333333333
271 717 0.1
231 122 0.047619047619047616
510 8 0.029411764705882353
49 49 0.07692307692307693
351 350 0.05
380 120 0.07142857142857142
380 101 0.04
380 65 0.025
350 352 0.047619047619047616
290 108 0.02702702702702703
5 644 0.08333333333333333
133 79 0.02857142857142857
2 208 0.019230769230769232
394 379 0.029411764705882353
128 283 0.008333333333333333
128 365 0.011111111111111112
377 390 0.034482758620689655
6 408 0.02631578947368421
88 96 0.010309278350515464
506 19 0.016129032258064516
76 48 0.021739130434782608
60 376 0.027777777777777776
60 172 0.014285714285714285
60 167 0.02040816326530612
60 231 0.02040816326530612
60 122 0.047619047619047616
60 95 0.02702702702702703
19 506 0.0196078431372549
210 363 0.02564102564102564
167 60 0.02564102564102564
438 338 0.019230769230769232
165 547 0.034482758620689655
254 651 0.08333333333333333
95 60 0.02564102564102564
108 357 0.023809523809523808
612 121 0.006369426751592357
180 70 0.0625
96 88 0.03333333333333333
20 11 0.016129032258064516
93 95 0.02702702702702703
165 13 0.01639344262295082
188 42 0.02
474 87 0.009174311926605505
518 16 0.014705882352941176
59 586 0.04
357 589 0.0625
685 54 0.023809523809523808
685 57 0.018518518518518517
685 520 0.020833333333333332
685 58 0.009708737864077669
685 63 0.009615384615384616
685 59 0.021739130434782608
184 68 0.02564102564102564
448 15 0.022222222222222223
390 377 0.011363636363636364
533 58 0.009708737864077669
282 371 0.013157894736842105
58 254 0.034482758620689655
59 685 0.02702702702702703
59 4 0.013513513513513514
190 420 0.009174311926605505
371 282 0.009433962264150943
371 100 0.027777777777777776
569 44 0.010869565217391304
231 60 0.02564102564102564
105 154 0.02631578947368421
160 380 0.030303030303030304
169 212 0.009900990099009901
153 282 0.009433962264150943
533 266 0.043478260869565216
101 380 0.030303030303030304
108 329 0.011764705882352941
108 290 0.014925373134328358
236 3 0.016129032258064516
440 515 0.02564102564102564
242 210 0.012987012987012988
587 3 0.016129032258064516
172 450 0.018867924528301886
42 188 0.038461538461538464
285 4 0.013513513513513514
265 525 0.029411764705882353
210 242 0.03571428571428571
143 340 0.010869565217391304
726 342 0.022727272727272728
113 115 0.009900990099009901
393 212 0.009900990099009901
236 587 0.07142857142857142
566 666 0.0625
333 361 0.02127659574468085
333 417 0.018867924528301886
333 444 0.04
333 318 0.02
333 442 0.045454545454545456
333 423 0.03125
333 245 0.02127659574468085
333 47 0.02127659574468085
333 76 0.045454545454545456
333 48 0.021739130434782608
333 485 0.037037037037037035
518 282 0.009433962264150943
184 509 0.02127659574468085
4 285 0.014705882352941176
4 58 0.009708737864077669
411 717 0.1
160 474 0.01639344262295082
160 258 0.03125
65 380 0.030303030303030304
589 283 0.008333333333333333
589 83 0.011627906976744186
587 236 0.020833333333333332
265 266 0.043478260869565216
667 6 0.010752688172043012
6 667 0.03571428571428571
164 269 0.014492753623188406
357 568 0.043478260869565216
160 557 0.06666666666666667
569 451 0.125
727 464 0.023255813953488372
63 420 0.009174311926605505
148 191 0.02127659574468085
241 236 0.020833333333333332
212 393 0.015151515151515152
249 222 0.017857142857142856
268 311 0.03225806451612903
557 160 0.0047169811320754715
12 569 0.034482758620689655
379 394 0.03333333333333333
58 408 0.02631578947368421
295 215 0.013333333333333334
589 357 0.023809523809523808
283 288 0.03571428571428571
83 199 0.02631578947368421
288 283 0.008333333333333333
154 105 0.008695652173913044
154 533 0.011764705882352941
518 154 0.02631578947368421
690 189 0.01639344262295082
155 154 0.02631578947368421
316 459 0.015384615384615385
107 280 0.009615384615384616
281 56 0.02564102564102564
115 420 0.009174311926605505
283 106 0.0078125
113 280 0.009615384615384616
113 107 0.005917159763313609
408 6 0.010752688172043012
525 265 0.03225806451612903
11 20 0.015625
609 609 0.2
408 4 0.013513513513513514
2 5 0.008064516129032258
258 105 0.008695652173913044
258 434 0.006622516556291391
258 365 0.011111111111111112
408 412 0.016666666666666666
535 134 0.047619047619047616
50 643 0.07692307692307693
451 569 0.034482758620689655
9 452 0.034482758620689655
547 339 0.025
280 107 0.005917159763313609
469 375 0.018867924528301886
251 339 0.025
21 728 0.0625
393 533 0.011764705882352941
338 252 0.012195121951219513
728 21 0.009009009009009009
172 401 0.03125
90 143 0.022222222222222223
366 74 0.013157894736842105
369 630 0.3333333333333333
545 36 0.023255813953488372
458 568 0.043478260869565216
525 729 0.125
306 723 0.09090909090909091
525 407 0.045454545454545456
525 505 0.07692307692307693
525 421 0.020833333333333332
491 453 0.05
491 117 0.06666666666666667
31 36 0.023255813953488372
407 44 0.010869565217391304
407 502 0.05555555555555555
407 503 0.08333333333333333
407 406 0.04
407 504 0.027777777777777776
407 505 0.07692307692307693
407 358 0.025
407 506 0.0196078431372549
419 78 0.043478260869565216
339 251 0.03225806451612903
450 568 0.043478260869565216
533 87 0.009174311926605505
179 156 0.05
533 393 0.015151515151515152
329 568 0.043478260869565216
420 13 0.01639344262295082
66 329 0.011764705882352941
168 47 0.02127659574468085
167 491 0.14285714285714285
238 158 0.023255813953488372
168 491 0.14285714285714285
249 569 0.034482758620689655
238 412 0.016666666666666666
22 258 0.03125
371 101 0.04
420 63 0.009615384615384616
183 356 0.02127659574468085
183 80 0.01639344262295082
183 375 0.018867924528301886
183 184 0.013888888888888888
183 357 0.023809523809523808
116 245 0.02127659574468085
212 82 0.008264462809917356
149 180 0.014705882352941176
82 249 0.008928571428571428
491 127 0.0625
80 183 0.006993006993006993
31 155 0.018867924528301886
338 256 0.00847457627118644
570 570 0.0625
546 144 0.09090909090909091
546 23 0.014705882352941176
62 99 0.043478260869565216
121 249 0.008928571428571428
113 485 0.037037037037037035
417 361 0.02127659574468085
361 417 0.018867924528301886
153 142 0.010101010101010102
366 372 0.045454545454545456
100 371 0.013157894736842105
258 22 0.07692307692307693
366 317 0.05263157894736842
317 366 0.011627906976744186
730 62 0.00558659217877095
18 221 0.018518518518518517
397 379 0.029411764705882353
713 81 0.010869565217391304
314 160 0.0047169811320754715
569 249 0.008928571428571428
389 64 0.007352941176470588
478 543 0.030303030303030304
478 424 0.011111111111111112
105 256 0.00847457627118644
5 379 0.029411764705882353
5 157 0.018518518518518517
5 191 0.02127659574468085
184 357 0.023809523809523808
82 161 0.02857142857142857
121 371 0.013157894736842105
82 46 0.014705882352941176
121 362 0.016129032258064516
121 127 0.0625
82 329 0.011764705882352941
121 468 0.047619047619047616
82 495 0.02040816326530612
155 87 0.009174311926605505
82 236 0.020833333333333332
82 214 0.02
82 179 0.02040816326530612
82 28 0.010416666666666666
121 531 0.021739130434782608
82 81 0.010869565217391304
520 4 0.013513513513513514
82 367 0.014084507042253521
82 203 0.02564102564102564
82 568 0.043478260869565216
121 642 0.05
121 114 0.009174311926605505
121 128 0.007575757575757576
121 130 0.027777777777777776
121 169 0.010416666666666666
121 296 0.014285714285714285
121 129 0.007194244604316547
121 187 0.02564102564102564
121 36 0.023255813953488372
121 18 0.021739130434782608
121 63 0.009615384615384616
179 214 0.02
114 121 0.006369426751592357
121 210 0.012987012987012988
148 148 0.07142857142857142
165 36 0.023255813953488372
82 303 0.012048192771084338
560 84 0.020833333333333332
520 208 0.019230769230769232
568 357 0.023809523809523808
137 62 0.00558659217877095
568 458 0.024390243902439025
338 365 0.011111111111111112
731 731 1.0
129 63 0.009615384615384616
490 490 0.029411764705882353
389 379 0.029411764705882353
732 732 1.0
321 61 0.01818181818181818
63 129 0.007194244604316547
281 5 0.008064516129032258
281 64 0.007352941176470588
281 408 0.02631578947368421
128 207 0.034482758620689655
85 85 0.02857142857142857
211 661 0.02564102564102564
198 41 0.015151515151515152
5 281 0.022222222222222223
306 733 0.1
13 214 0.02
13 340 0.010869565217391304
17 62 0.00558659217877095
181 219 0.05555555555555555
84 560 0.03571428571428571
385 377 0.011363636363636364
377 734 0.07692307692307693
377 495 0.02040816326530612
377 219 0.05555555555555555
377 167 0.02040816326530612
377 214 0.02
377 450 0.018867924528301886
377 148 0.07142857142857142
377 402 0.1111111111111111
377 129 0.007194244604316547
377 468 0.047619047619047616
377 228 0.045454545454545456
421 525 0.029411764705882353
357 329 0.011764705882352941
128 526 0.02
155 31 0.02564102564102564
62 17 0.01639344262295082
169 36 0.023255813953488372
86 480 0.029411764705882353
17 121 0.006369426751592357
593 128 0.007575757575757576
507 507 0.25
526 128 0.007575757575757576
133 114 0.009174311926605505
143 357 0.023809523809523808
480 166 0.007874015748031496
170 36 0.023255813953488372
170 367 0.014084507042253521
109 108 0.02702702702702703
62 554 0.09090909090909091
62 134 0.047619047619047616
114 133 0.0136986301369863
592 334 0.05555555555555555
173 538 0.1111111111111111
401 526 0.02
218 18 0.021739130434782608
133 531 0.021739130434782608
133 256 0.00847457627118644
133 445 0.041666666666666664
326 420 0.009174311926605505
329 91 0.037037037037037035
176 515 0.02564102564102564
215 1 0.0196078431372549
215 74 0.013157894736842105
215 309 0.034482758620689655
215 248 0.05
215 313 0.058823529411764705
215 297 0.05263157894736842
215 227 0.05263157894736842
215 73 0.04
215 17 0.01639344262295082
215 341 0.1111111111111111
515 176 0.04
143 62 0.00558659217877095
98 404 0.01639344262295082
129 296 0.014285714285714285
310 17 0.01639344262295082
110 108 0.02702702702702703
110 111 0.125
322 735 0.16666666666666666
328 494 0.0125
337 420 0.009174311926605505
4 520 0.020833333333333332
22 22 0.07692307692307693
25 38 0.034482758620689655
25 40 0.020833333333333332
183 329 0.011764705882352941
484 572 0.045454545454545456
303 369 0.16666666666666666
241 234 0.029411764705882353
406 332 0.05555555555555555
329 183 0.006993006993006993
81 161 0.02857142857142857
11 421 0.020833333333333332
147 1 0.0196078431372549
147 329 0.011764705882352941
147 85 0.02857142857142857
147 106 0.0078125
147 316 0.02631578947368421
160 397 0.029411764705882353
665 254 0.034482758620689655
74 309 0.034482758620689655
251 26 0.03333333333333333
18 218 0.023255813953488372
26 251 0.03225806451612903
367 16 0.014705882352941176
367 36 0.023255813953488372
367 170 0.011494252873563218
108 420 0.009174311926605505
108 328 0.0625
166 44 0.010869565217391304
328 108 0.02702702702702703
18 167 0.02040816326530612
58 137 0.012987012987012988
82 187 0.02564102564102564
82 18 0.021739130434782608
82 468 0.047619047619047616
178 275 0.04
283 303 0.012048192771084338
424 188 0.038461538461538464
424 81 0.010869565217391304
283 372 0.045454545454545456
393 157 0.018518518518518517
393 396 0.07142857142857142
35 29 0.020833333333333332
394 103 0.023255813953488372
264 61 0.01818181818181818
325 10 0.024390243902439025
114 160 0.0047169811320754715
406 44 0.010869565217391304
406 502 0.05555555555555555
406 503 0.08333333333333333
406 504 0.027777777777777776
406 505 0.07692307692307693
406 358 0.025
406 506 0.0196078431372549
12 681 0.05
355 249 0.008928571428571428
135 116 0.014705882352941176
736 736 0.16666666666666666
7 452 0.034482758620689655
61 264 0.037037037037037035
60 283 0.008333333333333333
681 12 0.021739130434782608
21 82 0.008264462809917356
116 135 0.02857142857142857
737 271 0.017241379310344827
232 280 0.009615384615384616
194 55 0.02857142857142857
6 397 0.029411764705882353
6 305 0.019230769230769232
321 393 0.015151515151515152
21 42 0.02
62 404 0.01639344262295082
82 21 0.009009009009009009
256 82 0.008264462809917356
132 282 0.009433962264150943
404 62 0.00558659217877095
173 325 0.038461538461538464
173 10 0.024390243902439025
173 326 0.02702702702702703
142 74 0.013157894736842105
293 293 0.0625
105 21 0.009009009009009009
495 283 0.008333333333333333
569 12 0.021739130434782608
112 375 0.018867924528301886
112 357 0.023809523809523808
76 485 0.037037037037037035
493 399 0.05555555555555555
481 738 0.03125
543 543 0.030303030303030304
286 126 0.03571428571428571
485 76 0.045454545454545456
278 121 0.006369426751592357
82 227 0.05263157894736842
493 270 0.08333333333333333
493 290 0.014925373134328358
493 568 0.043478260869565216
7 421 0.020833333333333332
156 191 0.02127659574468085
473 667 0.03571428571428571
283 60 0.02564102564102564
57 57 0.018518518518518517
473 473 0.013333333333333334
82 326 0.02702702702702703
82 44 0.010869565217391304
82 739 0.16666666666666666
82 462 0.04
568 493 0.0136986301369863
82 10 0.024390243902439025
305 6 0.010752688172043012
82 280 0.009615384615384616
82 129 0.007194244604316547
82 567 0.25
82 63 0.009615384615384616
82 740 0.3333333333333333
82 550 0.04
161 161 0.02857142857142857
82 296 0.014285714285714285
82 395 0.027777777777777776
165 340 0.010869565217391304
82 77 0.05555555555555555
282 132 0.019230769230769232
147 612 0.02127659574468085
232 219 0.05555555555555555
741 179 0.02040816326530612
58 520 0.020833333333333332
191 156 0.05
166 373 0.043478260869565216
144 546 0.0136986301369863
179 345 0.043478260869565216
142 254 0.034482758620689655
82 228 0.045454545454545456
166 742 0.3333333333333333
733 420 0.009174311926605505
81 105 0.008695652173913044
82 555 0.06666666666666667
280 493 0.0136986301369863
743 516 0.08333333333333333
743 517 0.07692307692307693
738 305 0.019230769230769232
159 11 0.016129032258064516
61 64 0.007352941176470588
121 21 0.009009009009009009
473 108 0.02702702702702703
492 152 0.016666666666666666
64 61 0.01818181818181818
152 492 0.043478260869565216
214 377 0.011363636363636364
108 473 0.013333333333333334
744 744 1.0
41 107 0.005917159763313609
160 58 0.009708737864077669
117 121 0.006369426751592357
369 303 0.012048192771084338
133 308 0.02857142857142857
172 219 0.05555555555555555
308 133 0.0136986301369863
63 16 0.014705882352941176
281 3 0.016129032258064516
283 495 0.02040816326530612
415 697 0.16666666666666666
285 137 0.012987012987012988
432 217 0.06666666666666667
211 82 0.008264462809917356
395 494 0.0125
516 743 0.3333333333333333
136 169 0.010416666666666666
48 96 0.010309278350515464
235 234 0.029411764705882353
126 286 0.024390243902439025
494 506 0.0196078431372549
29 113 0.013513513513513514
29 417 0.018867924528301886
29 21 0.009009009009009009
282 509 0.02127659574468085
434 419 0.013888888888888888
409 117 0.06666666666666667
21 29 0.020833333333333332
419 434 0.006622516556291391
96 48 0.021739130434782608
455 417 0.018867924528301886
417 455 0.0196078431372549
455 263 0.02127659574468085
329 367 0.014084507042253521
108 81 0.010869565217391304
44 161 0.02857142857142857
466 506 0.0196078431372549
411 285 0.014705882352941176
411 211 0.00847457627118644
44 106 0.0078125
70 180 0.014705882352941176
354 100 0.027777777777777776
117 409 0.03333333333333333
249 44 0.010869565217391304
100 354 0.1
87 533 0.011764705882352941
65 94 0.02702702702702703
377 385 0.047619047619047616
434 356 0.02127659574468085
36 23 0.014705882352941176
232 380 0.030303030303030304
254 58 0.009708737864077669
249 183 0.006993006993006993
434 154 0.02631578947368421
312 62 0.00558659217877095
367 329 0.011764705882352941
44 249 0.008928571428571428
423 114 0.009174311926605505
745 189 0.01639344262295082
358 43 0.09090909090909091
407 566 0.0625
107 100 0.027777777777777776
643 48 0.021739130434782608
515 458 0.024390243902439025
183 249 0.008928571428571428
169 366 0.011627906976744186
62 312 0.047619047619047616
176 486 0.022727272727272728
107 128 0.007575757575757576
107 41 0.015151515151515152
243 507 0.25
258 108 0.02702702702702703
234 159 0.029411764705882353
234 233 0.022222222222222223
234 237 0.043478260869565216
234 319 0.09090909090909091
234 238 0.027777777777777776
234 637 0.25
234 158 0.023255813953488372
234 240 0.05
234 241 0.05
234 243 0.021739130434782608
234 639 0.16666666666666666
234 587 0.07142857142857142
234 244 0.037037037037037035
128 215 0.013333333333333334
647 420 0.009174311926605505
167 377 0.011363636363636364
132 16 0.014705882352941176
370 547 0.034482758620689655
249 371 0.013157894736842105
249 404 0.01639344262295082
424 367 0.014084507042253521
506 494 0.0125
180 681 0.05
24 27 0.0196078431372549
164 15 0.022222222222222223
154 434 0.006622516556291391
57 481 0.02564102564102564
218 307 0.08333333333333333
218 308 0.02857142857142857
218 177 0.024390243902439025
218 309 0.034482758620689655
218 215 0.013333333333333334
218 248 0.05
218 120 0.07142857142857142
218 220 0.07142857142857142
218 310 0.041666666666666664
218 85 0.02857142857142857
218 311 0.03225806451612903
218 221 0.018518518518518517
218 312 0.047619047619047616
218 222 0.017857142857142856
218 313 0.058823529411764705
218 223 0.024390243902439025
218 0 0.03125
218 224 0.1
218 314 0.03125
218 225 0.04
218 315 0.125
218 226 0.021739130434782608
218 73 0.04
218 316 0.02631578947368421
218 317 0.05263157894736842
218 228 0.045454545454545456
249 493 0.0136986301369863
14 493 0.0136986301369863
325 327 0.034482758620689655
424 474 0.01639344262295082
16 63 0.009615384615384616
66 108 0.02702702702702703
137 571 0.05
493 434 0.006622516556291391
493 41 0.015151515151515152
207 128 0.007575757575757576
493 180 0.014705882352941176
275 458 0.024390243902439025
493 425 0.058823529411764705
493 403 0.058823529411764705
145 249 0.008928571428571428
197 201 0.023255813953488372
198 229 0.037037037037037035
113 301 0.008620689655172414
481 57 0.018518518518518517
232 440 0.015873015873015872
440 232 0.012987012987012988
16 132 0.019230769230769232
100 107 0.005917159763313609
100 102 0.0625
94 200 0.029411764705882353
102 100 0.027777777777777776
16 174 0.015384615384615385
283 601 0.02702702702702703
14 289 0.125
14 277 0.0625
14 203 0.02564102564102564
14 284 0.02857142857142857
141 11 0.016129032258064516
114 82 0.008264462809917356
114 434 0.006622516556291391
11 141 0.014705882352941176
22 137 0.012987012987012988
320 377 0.011363636363636364
463 462 0.04
746 746 1.0
69 80 0.01639344262295082
215 128 0.007575757575757576
301 113 0.013513513513513514
180 493 0.0136986301369863
304 211 0.00847457627118644
87 153 0.043478260869565216
44 406 0.04
132 424 0.011111111111111112
253 282 0.009433962264150943
68 184 0.013888888888888888
200 204 0.03571428571428571
68 20 0.015625
345 256 0.00847457627118644
434 493 0.0136986301369863
434 114 0.009174311926605505
33 438 0.013157894736842105
373 714 0.043478260869565216
106 298 0.1111111111111111
106 582 0.07692307692307693
399 493 0.0136986301369863
547 113 0.013513513513513514
0 18 0.021739130434782608
366 169 0.010416666666666666
0 734 0.07692307692307693
29 29 0.020833333333333332
116 96 0.010309278350515464
434 41 0.015151515151515152
434 368 0.022222222222222223
665 121 0.006369426751592357
419 493 0.0136986301369863
734 0 0.03125
438 33 0.041666666666666664
371 249 0.008928571428571428
376 64 0.007352941176470588
93 172 0.014285714285714285
329 290 0.014925373134328358
371 434 0.006622516556291391
376 203 0.02564102564102564
83 747 0.045454545454545456
504 293 0.0625
121 107 0.005917159763313609
34 23 0.014705882352941176
298 106 0.0078125
38 23 0.014705882352941176
40 23 0.014705882352941176
28 39 0.030303030303030304
183 655 0.038461538461538464
18 0 0.03125
493 419 0.013888888888888888
743 102 0.0625
515 593 0.02564102564102564
515 94 0.02702702702702703
22 173 0.015873015873015872
255 16 0.014705882352941176
282 253 0.043478260869565216
5 42 0.02
42 5 0.008064516129032258
174 665 0.045454545454545456
259 92 0.02631578947368421
34 27 0.0196078431372549
557 133 0.0136986301369863
123 169 0.010416666666666666
281 174 0.015384615384615385
645 231 0.02040816326530612
107 665 0.045454545454545456
330 73 0.04
156 342 0.022727272727272728
7 510 0.05263157894736842
16 255 0.022222222222222223
424 16 0.014705882352941176
360 359 0.05
81 21 0.009009009009009009
92 259 0.04
179 149 0.041666666666666664
63 236 0.020833333333333332
231 645 0.2
183 286 0.024390243902439025
183 478 0.037037037037037035
183 81 0.010869565217391304
263 419 0.013888888888888888
193 194 0.023809523809523808
506 2 0.012987012987012988
29 229 0.037037037037037035
473 81 0.010869565217391304
311 420 0.009174311926605505
434 168 0.015873015873015872
419 263 0.02127659574468085
511 511 0.047619047619047616
165 437 0.038461538461538464
63 89 0.017543859649122806
160 417 0.018867924528301886
21 81 0.010869565217391304
62 90 0.041666666666666664
233 88 0.03333333333333333
233 586 0.04
31 438 0.013157894736842105
438 31 0.02564102564102564
438 308 0.02857142857142857
361 370 0.07142857142857142
361 318 0.02
361 547 0.034482758620689655
361 171 0.02564102564102564
466 213 0.027777777777777776
75 437 0.038461538461538464
179 284 0.02857142857142857
0 178 0.034482758620689655
87 434 0.006622516556291391
14 47 0.02127659574468085
297 248 0.05
103 546 0.0136986301369863
453 160 0.0047169811320754715
48 318 0.02
133 155 0.018867924528301886
707 700 0.037037037037037035
661 19 0.016129032258064516
2 506 0.0196078431372549
308 438 0.013157894736842105
373 373 0.043478260869565216
437 75 0.07142857142857142
176 381 0.037037037037037035
371 99 0.043478260869565216
251 135 0.02857142857142857
373 706 0.1
663 68 0.02564102564102564
502 499 0.02564102564102564
502 406 0.04
66 146 0.07142857142857142
58 105 0.008695652173913044
54 305 0.019230769230769232
748 107 0.005917159763313609
748 62 0.00558659217877095
146 66 0.05
738 211 0.00847457627118644
4 571 0.05
494 328 0.0625
20 68 0.02564102564102564
434 214 0.02
434 35 0.018867924528301886
434 170 0.011494252873563218
434 367 0.014084507042253521
135 75 0.07142857142857142
214 434 0.006622516556291391
390 385 0.047619047619047616
92 678 0.1111111111111111
132 256 0.00847457627118644
35 434 0.006622516556291391
144 283 0.008333333333333333
177 5 0.008064516129032258
177 64 0.007352941176470588
738 55 0.02857142857142857
178 0 0.03125
421 362 0.016129032258064516
293 504 0.027777777777777776
170 336 0.03125
0 380 0.030303030303030304
327 473 0.013333333333333334
473 327 0.034482758620689655
226 17 0.01639344262295082
6 411 0.013513513513513514
11 270 0.08333333333333333
124 404 0.01639344262295082
305 54 0.023809523809523808
11 233 0.022222222222222223
371 106 0.0078125
231 203 0.02564102564102564
6 54 0.023809523809523808
6 234 0.029411764705882353
172 214 0.02
526 399 0.05555555555555555
411 5 0.008064516129032258
531 78 0.043478260869565216
531 445 0.041666666666666664
256 132 0.019230769230769232
284 749 0.2
401 401 0.03125
321 160 0.0047169811320754715
408 137 0.012987012987012988
93 129 0.007194244604316547
93 143 0.022222222222222223
567 567 0.25
165 464 0.023255813953488372
632 397 0.029411764705882353
397 632 0.3333333333333333
337 338 0.019230769230769232
30 28 0.010416666666666666
385 390 0.034482758620689655
385 395 0.027777777777777776
435 647 0.09090909090909091
435 127 0.0625
395 385 0.047619047619047616
395 296 0.014285714285714285
491 390 0.034482758620689655
487 451 0.125
750 88 0.03333333333333333
54 6 0.010752688172043012
158 639 0.16666666666666666
434 420 0.009174311926605505
235 610 0.125
45 140 0.030303030303030304
638 355 0.024390243902439025
261 30 0.01818181818181818
282 546 0.0136986301369863
171 299 0.047619047619047616
212 152 0.016666666666666666
486 292 0.029411764705882353
309 17 0.01639344262295082
89 304 0.03571428571428571
89 89 0.017543859649122806
89 252 0.012195121951219513
337 123 0.03333333333333333
397 6 0.010752688172043012
397 64 0.007352941176470588
698 58 0.009708737864077669
184 627 0.1
380 232 0.012987012987012988
107 133 0.0136986301369863
409 418 0.034482758620689655
370 361 0.02127659574468085
409 326 0.02702702702702703
69 480 0.029411764705882353
42 105 0.008695652173913044
339 361 0.02127659574468085
339 417 0.018867924528301886
339 547 0.034482758620689655
15 448 0.030303030303030304
480 69 0.024390243902439025
6 751 0.2
82 422 0.03225806451612903
234 6 0.010752688172043012
619 613 0.125
350 350 0.05
376 393 0.015151515151515152
350 593 0.02564102564102564
350 204 0.03571428571428571
350 94 0.02702702702702703
133 107 0.005917159763313609
420 434 0.006622516556291391
270 280 0.009615384615384616
155 128 0.007575757575757576
300 419 0.013888888888888888
482 450 0.018867924528301886
89 63 0.009615384615384616
226 212 0.009900990099009901
116 337 0.02702702702702703
506 247 0.06666666666666667
171 361 0.02127659574468085
273 273 0.041666666666666664
3 665 0.045454545454545456
174 281 0.022222222222222223
337 116 0.014705882352941176
171 114 0.009174311926605505
152 212 0.009900990099009901
212 226 0.021739130434782608
528 6 0.010752688172043012
421 466 0.027777777777777776
283 380 0.030303030303030304
283 181 0.022222222222222223
283 215 0.013333333333333334
283 389 0.029411764705882353
283 390 0.034482758620689655
283 61 0.01818181818181818
283 392 0.05263157894736842
283 394 0.03333333333333333
283 296 0.014285714285714285
283 395 0.027777777777777776
283 14 0.01818181818181818
283 377 0.011363636363636364
283 368 0.022222222222222223
283 104 0.03125
283 321 0.02702702702702703
283 295 0.01818181818181818
45 272 0.024390243902439025
283 693 0.2
283 494 0.0125
283 752 0.2
283 86 0.006493506493506494
283 160 0.0047169811320754715
283 594 0.16666666666666666
13 21 0.009009009009009009
753 151 0.023809523809523808
213 466 0.027777777777777776
264 161 0.02857142857142857
25 34 0.043478260869565216
237 234 0.029411764705882353
19 293 0.0625
570 264 0.037037037037037035
173 22 0.07692307692307693
738 481 0.02564102564102564
665 3 0.016129032258064516
429 429 0.03333333333333333
44 358 0.025
249 153 0.043478260869565216
627 420 0.009174311926605505
129 714 0.043478260869565216
177 229 0.037037037037037035
161 121 0.006369426751592357
51 128 0.007575757575757576
397 397 0.029411764705882353
397 157 0.018518518518518517
389 296 0.014285714285714285
44 374 0.1111111111111111
266 266 0.043478260869565216
458 168 0.015873015873015872
114 443 0.023809523809523808
114 442 0.045454545454545456
114 47 0.02127659574468085
114 76 0.045454545454545456
114 485 0.037037037037037035
123 337 0.02702702702702703
367 424 0.011111111111111112
114 171 0.02564102564102564
338 170 0.011494252873563218
370 33 0.041666666666666664
530 161 0.02857142857142857
211 304 0.03571428571428571
21 13 0.01639344262295082
21 137 0.012987012987012988
85 312 0.047619047619047616
304 420 0.009174311926605505
358 406 0.04
24 23 0.014705882352941176
720 720 0.0625
24 494 0.0125
464 165 0.010869565217391304
183 223 0.024390243902439025
217 162 0.0196078431372549
217 612 0.02127659574468085
217 643 0.07692307692307693
217 654 0.02702702702702703
31 256 0.00847457627118644
137 21 0.009009009009009009
217 50 0.06666666666666667
217 282 0.009433962264150943
217 431 0.043478260869565216
217 160 0.0047169811320754715
217 142 0.010101010101010102
107 170 0.011494252873563218
624 13 0.01639344262295082
96 318 0.02
217 121 0.006369426751592357
590 28 0.010416666666666666
183 142 0.010101010101010102
277 296 0.014285714285714285
461 533 0.011764705882352941
159 89 0.017543859649122806
420 304 0.03571428571428571
21 283 0.008333333333333333
434 166 0.007874015748031496
433 364 0.1111111111111111
337 170 0.011494252873563218
86 601 0.02702702702702703
277 232 0.012987012987012988
277 231 0.02040816326530612
720 608 0.043478260869565216
720 555 0.06666666666666667
720 324 0.07142857142857142
720 266 0.043478260869565216
720 754 0.045454545454545456
177 380 0.030303030303030304
482 482 0.02857142857142857
178 157 0.018518518518518517
106 1 0.0196078431372549
285 683 0.1111111111111111
170 337 0.02702702702702703
478 329 0.011764705882352941
755 211 0.00847457627118644
377 526 0.02
377 312 0.047619047619047616
377 548 0.05
377 491 0.14285714285714285
377 292 0.029411764705882353
474 90 0.041666666666666664
8 358 0.025
480 92 0.02631578947368421
142 152 0.016666666666666666
245 116 0.014705882352941176
340 165 0.010869565217391304
13 443 0.023809523809523808
292 377 0.011363636363636364
62 211 0.00847457627118644
336 400 0.034482758620689655
504 7 0.02040816326530612
35 39 0.030303030303030304
714 129 0.007194244604316547
237 210 0.012987012987012988
304 89 0.017543859649122806
69 69 0.024390243902439025
147 424 0.011111111111111112
62 427 0.02127659574468085
172 493 0.0136986301369863
172 464 0.023255813953488372
172 197 0.030303030303030304
172 342 0.022727272727272728
172 128 0.007575757575757576
172 351 0.023255813953488372
172 483 0.027777777777777776
390 491 0.14285714285714285
121 180 0.014705882352941176
582 189 0.01639344262295082
430 365 0.011111111111111112
254 74 0.013157894736842105
74 254 0.034482758620689655
163 459 0.015384615384615385
520 303 0.012048192771084338
520 89 0.017543859649122806
158 107 0.005917159763313609
566 421 0.020833333333333332
566 570 0.0625
46 106 0.0078125
256 107 0.005917159763313609
106 46 0.014705882352941176
28 29 0.020833333333333332
28 30 0.01818181818181818
378 128 0.007575757575757576
281 698 0.041666666666666664
93 183 0.006993006993006993
64 397 0.029411764705882353
171 171 0.02564102564102564
377 379 0.029411764705882353
377 380 0.030303030303030304
377 381 0.037037037037037035
377 382 0.2
377 383 0.16666666666666666
377 384 0.0625
377 283 0.008333333333333333
377 386 0.125
377 387 0.043478260869565216
377 388 0.043478260869565216
377 389 0.029411764705882353
377 391 0.05263157894736842
377 392 0.05263157894736842
377 393 0.015151515151515152
377 395 0.027777777777777776
377 396 0.07142857142857142
377 397 0.029411764705882353
377 398 0.25
128 378 0.041666666666666664
294 203 0.02564102564102564
5 437 0.038461538461538464
506 699 0.045454545454545456
114 106 0.0078125
513 518 0.015151515151515152
513 340 0.010869565217391304
513 226 0.021739130434782608
513 184 0.013888888888888888
157 178 0.034482758620689655
645 697 0.16666666666666666
280 232 0.012987012987012988
266 267 0.05555555555555555
400 336 0.03125
266 608 0.043478260869565216
266 265 0.03225806451612903
266 264 0.037037037037037035
530 365 0.011111111111111112
208 285 0.014705882352941176
15 140 0.030303030303030304
21 420 0.009174311926605505
22 520 0.020833333333333332
137 22 0.07692307692307693
282 183 0.006993006993006993
215 756 0.058823529411764705
424 147 0.02702702702702703
549 69 0.024390243902439025
178 200 0.029411764705882353
99 124 0.030303030303030304
99 100 0.027777777777777776
69 418 0.034482758620689655
526 377 0.011363636363636364
437 5 0.008064516129032258
336 260 0.05263157894736842
148 262 0.045454545454545456
399 183 0.006993006993006993
434 550 0.04
434 44 0.010869565217391304
434 184 0.013888888888888888
434 190 0.034482758620689655
160 318 0.02
222 560 0.03571428571428571
531 106 0.0078125
124 708 0.058823529411764705
86 74 0.013157894736842105
237 162 0.0196078431372549
434 42 0.02
260 336 0.03125
434 243 0.021739130434782608
74 86 0.006493506493506494
138 56 0.02564102564102564
264 661 0.02564102564102564
31 367 0.014084507042253521
243 434 0.006622516556291391
409 51 0.016129032258064516
160 401 0.03125
140 45 0.02631578947368421
98 98 0.043478260869565216
267 266 0.043478260869565216
107 254 0.034482758620689655
17 654 0.02702702702702703
751 6 0.010752688172043012
264 533 0.011764705882352941
249 107 0.005917159763313609
282 269 0.014492753623188406
96 100 0.027777777777777776
363 531 0.021739130434782608
12 674 0.1111111111111111
210 256 0.00847457627118644
210 83 0.011627906976744186
56 138 0.034482758620689655
65 581 0.037037037037037035
286 56 0.02564102564102564
158 234 0.029411764705882353
158 240 0.05
140 282 0.009433962264150943
58 212 0.009900990099009901
474 66 0.05
474 476 0.14285714285714285
474 477 0.09090909090909091
474 514 0.09090909090909091
212 58 0.009708737864077669
213 407 0.045454545454545456
424 311 0.03225806451612903
100 96 0.010309278350515464
420 278 0.025
131 83 0.011627906976744186
489 21 0.009009009009009009
301 301 0.008620689655172414
674 12 0.021739130434782608
70 62 0.00558659217877095
128 196 0.043478260869565216
282 173 0.015873015873015872
58 249 0.008928571428571428
145 462 0.04
380 379 0.029411764705882353
380 396 0.07142857142857142
247 506 0.0196078431372549
5 125 0.05
282 288 0.03571428571428571
175 58 0.009708737864077669
466 406 0.04
440 264 0.037037037037037035
572 484 0.05263157894736842
124 424 0.011111111111111112
181 103 0.023255813953488372
89 520 0.020833333333333332
496 602 0.05
160 173 0.015873015873015872
380 376 0.027777777777777776
380 397 0.029411764705882353
86 458 0.024390243902439025
409 244 0.037037037037037035
458 86 0.006493506493506494
314 107 0.005917159763313609
376 380 0.030303030303030304
107 314 0.03125
115 82 0.008264462809917356
115 121 0.006369426751592357
318 114 0.009174311926605505
57 63 0.009615384615384616
107 480 0.029411764705882353
183 93 0.0196078431372549
284 180 0.014705882352941176
62 480 0.029411764705882353
261 438 0.013157894736842105
278 493 0.0136986301369863
57 89 0.017543859649122806
438 261 0.023255813953488372
738 54 0.023809523809523808
738 738 0.03125
738 281 0.022222222222222223
738 552 0.027777777777777776
271 271 0.017241379310344827
190 105 0.008695652173913044
82 115 0.009900990099009901
367 434 0.006622516556291391
340 339 0.025
57 286 0.024390243902439025
367 757 0.25
244 409 0.03333333333333333
506 105 0.008695652173913044
69 509 0.02127659574468085
3 175 0.125
0 0 0.03125
6 528 0.1111111111111111
418 69 0.024390243902439025
470 590 0.03571428571428571
146 187 0.02564102564102564
538 530 0.125
139 45 0.02631578947368421
392 86 0.006493506493506494
106 129 0.007194244604316547
106 81 0.010869565217391304
86 392 0.05263157894736842
489 528 0.1111111111111111
106 303 0.012048192771084338
151 29 0.020833333333333332
288 282 0.009433962264150943
151 753 0.058823529411764705
256 425 0.058823529411764705
478 469 0.05555555555555555
151 39 0.030303030303030304
756 215 0.013333333333333334
478 143 0.022222222222222223
478 356 0.02127659574468085
478 66 0.05
478 108 0.02702702702702703
478 110 0.1111111111111111
478 91 0.037037037037037035
478 476 0.14285714285714285
478 111 0.125
478 112 0.058823529411764705
478 328 0.0625
478 477 0.09090909090909091
478 258 0.03125
478 478 0.037037037037037035
478 90 0.041666666666666664
89 57 0.018518518518518517
151 30 0.01818181818181818
469 478 0.037037037037037035
662 282 0.009433962264150943
678 92 0.02631578947368421
282 662 0.0625
151 417 0.018867924528301886
100 98 0.043478260869565216
86 627 0.1
489 644 0.08333333333333333
453 87 0.009174311926605505
98 100 0.027777777777777776
87 453 0.05
553 134 0.047619047619047616
582 106 0.0078125
420 511 0.047619047619047616
366 758 0.07142857142857142
420 21 0.009009009009009009
397 393 0.015151515151515152
122 191 0.02127659574468085
258 143 0.022222222222222223
258 356 0.02127659574468085
258 66 0.05
258 110 0.1111111111111111
258 375 0.018867924528301886
258 91 0.037037037037037035
258 476 0.14285714285714285
258 111 0.125
258 112 0.058823529411764705
258 328 0.0625
258 477 0.09090909090909091
258 478 0.037037037037037035
258 90 0.041666666666666664
474 469 0.05555555555555555
166 114 0.009174311926605505
151 361 0.02127659574468085
526 515 0.02564102564102564
292 284 0.02857142857142857
326 173 0.015873015873015872
430 506 0.0196078431372549
480 494 0.0125
283 21 0.009009009009009009
114 166 0.007874015748031496
141 566 0.0625
152 256 0.00847457627118644
345 346 0.041666666666666664
345 681 0.05
345 352 0.047619047619047616
420 174 0.015384615384615385
115 455 0.0196078431372549
214 172 0.014285714285714285
346 345 0.043478260869565216
469 474 0.01639344262295082
173 282 0.009433962264150943
515 232 0.012987012987012988
485 423 0.03125
90 328 0.0625
345 342 0.022727272727272728
690 106 0.0078125
362 602 0.05
174 420 0.009174311926605505
58 193 0.04
7 504 0.027777777777777776
681 345 0.043478260869565216
681 180 0.014705882352941176
172 403 0.058823529411764705
172 585 0.1111111111111111
172 486 0.022727272727272728
172 292 0.029411764705882353
172 65 0.025
357 81 0.010869565217391304
184 329 0.011764705882352941
180 352 0.047619047619047616
183 410 0.1111111111111111
645 156 0.05
352 180 0.014705882352941176
193 58 0.009708737864077669
349 5 0.008064516129032258
458 623 0.1111111111111111
81 357 0.023809523809523808
81 183 0.006993006993006993
6 349 0.05555555555555555
345 343 0.05
666 267 0.05555555555555555
74 690 0.07142857142857142
549 667 0.03571428571428571
747 509 0.02127659574468085
674 267 0.05555555555555555
467 189 0.01639344262295082
329 184 0.013888888888888888
135 115 0.009900990099009901
332 406 0.04
161 267 0.05555555555555555
164 107 0.005917159763313609
164 62 0.00558659217877095
161 19 0.016129032258064516
340 212 0.009900990099009901
546 272 0.024390243902439025
759 459 0.015384615384615385
343 345 0.043478260869565216
212 340 0.010869565217391304
233 612 0.02127659574468085
424 552 0.027777777777777776
592 579 0.0625
592 140 0.030303030303030304
592 461 0.0625
592 139 0.027777777777777776
592 15 0.022222222222222223
592 446 0.045454545454545456
592 760 0.25
592 335 0.043478260869565216
592 273 0.041666666666666664
592 428 0.043478260869565216
592 447 0.03571428571428571
592 617 0.16666666666666666
592 272 0.024390243902439025
592 274 0.043478260869565216
592 164 0.02564102564102564
592 448 0.030303030303030304
592 735 0.16666666666666666
592 216 0.038461538461538464
592 322 0.05
592 46 0.014705882352941176
661 267 0.05555555555555555
127 37 0.045454545454545456
322 533 0.011764705882352941
700 267 0.05555555555555555
30 32 0.03125
288 432 0.14285714285714285
36 545 0.05263157894736842
180 231 0.02040816326530612
552 132 0.019230769230769232
231 180 0.014705882352941176
590 590 0.03571428571428571
334 139 0.027777777777777776
404 152 0.016666666666666666
21 367 0.014084507042253521
21 214 0.02
168 399 0.05555555555555555
168 403 0.058823529411764705
685 685 0.02702702702702703
661 247 0.06666666666666667
214 21 0.009009009009009009
247 267 0.05555555555555555
183 172 0.014285714285714285
183 280 0.009615384615384616
183 526 0.02
183 203 0.02564102564102564
183 291 0.045454545454545456
183 568 0.043478260869565216
726 282 0.009433962264150943
125 5 0.008064516129032258
183 714 0.043478260869565216
183 450 0.018867924528301886
393 382 0.2
393 283 0.008333333333333333
393 761 1.0
662 166 0.007874015748031496
720 699 0.045454545454545456
107 164 0.02564102564102564
612 233 0.022222222222222223
160 250 0.03333333333333333
434 509 0.02127659574468085
206 546 0.0136986301369863
517 411 0.013513513513513514
162 393 0.015151515151515152
69 434 0.006622516556291391
62 296 0.014285714285714285
478 105 0.008695652173913044
434 440 0.015873015873015872
565 324 0.07142857142857142
184 69 0.024390243902439025
173 535 0.1111111111111111
173 62 0.00558659217877095
173 462 0.04
44 324 0.07142857142857142
81 663 0.05263157894736842
686 21 0.009009009009009009
559 559 0.16666666666666666
411 517 0.07692307692307693
361 107 0.005917159763313609
128 166 0.007874015748031496
440 434 0.006622516556291391
608 406 0.04
321 697 0.16666666666666666
5 76 0.045454545454545456
5 74 0.013157894736842105
266 440 0.015873015873015872
211 137 0.012987012987012988
211 363 0.02564102564102564
211 66 0.05
211 252 0.012195121951219513
211 121 0.006369426751592357
211 48 0.021739130434782608
211 480 0.029411764705882353
21 686 0.125
379 376 0.027777777777777776
379 295 0.01818181818181818
440 266 0.043478260869565216
324 19 0.016129032258064516
258 559 0.16666666666666666
99 404 0.01639344262295082
263 547 0.034482758620689655
13 576 0.05263157894736842
88 302 0.043478260869565216
338 211 0.00847457627118644
19 44 0.010869565217391304
497 440 0.015873015873015872
166 128 0.007575757575757576
223 105 0.008695652173913044
117 211 0.00847457627118644
14 270 0.08333333333333333
14 196 0.043478260869565216
14 168 0.015873015873015872
14 167 0.02040816326530612
14 291 0.045454545454545456
14 231 0.02040816326530612
14 130 0.027777777777777776
14 292 0.029411764705882353
137 56 0.02564102564102564
440 497 0.0625
394 389 0.029411764705882353
138 481 0.02564102564102564
361 62 0.00558659217877095
282 373 0.043478260869565216
123 681 0.05
551 733 0.1
397 380 0.030303030303030304
335 760 0.25
498 569 0.034482758620689655
187 183 0.006993006993006993
169 41 0.015151515151515152
62 142 0.010101010101010102
493 183 0.006993006993006993
169 337 0.02702702702702703
169 336 0.03125
307 376 0.027777777777777776
611 292 0.029411764705882353
197 51 0.016129032258064516
270 611 0.04
434 87 0.009174311926605505
546 187 0.02564102564102564
283 249 0.008928571428571428
611 211 0.00847457627118644
357 143 0.022222222222222223
51 205 0.037037037037037035
570 661 0.02564102564102564
277 289 0.125
284 14 0.01818181818181818
244 233 0.022222222222222223
107 329 0.011764705882352941
520 2 0.012987012987012988
733 551 0.08333333333333333
329 107 0.005917159763313609
681 123 0.03333333333333333
552 552 0.027777777777777776
200 440 0.015873015873015872
82 226 0.021739130434782608
65 65 0.025
107 405 0.012048192771084338
82 420 0.009174311926605505
82 489 0.037037037037037035
20 728 0.0625
82 544 0.03571428571428571
82 490 0.029411764705882353
506 430 0.024390243902439025
82 576 0.05263157894736842
516 762 1.0
516 102 0.0625
142 667 0.03571428571428571
352 345 0.043478260869565216
570 161 0.02857142857142857
588 600 0.1
763 763 0.5
4 281 0.022222222222222223
430 246 0.08333333333333333
324 44 0.010869565217391304
230 82 0.008264462809917356
230 121 0.006369426751592357
226 82 0.008264462809917356
205 128 0.007575757575757576
166 355 0.024390243902439025
387 380 0.030303030303030304
0 459 0.015384615384615385
166 431 0.043478260869565216
401 160 0.0047169811320754715
82 230 0.058823529411764705
247 661 0.02564102564102564
113 48 0.021739130434782608
160 242 0.03571428571428571
160 150 0.03125
28 363 0.02564102564102564
107 361 0.02127659574468085
68 671 0.04
520 22 0.07692307692307693
92 287 0.058823529411764705
68 474 0.01639344262295082
210 489 0.037037037037037035
278 168 0.015873015873015872
278 129 0.007194244604316547
728 20 0.015625
68 509 0.02127659574468085
245 443 0.023809523809523808
168 278 0.025
489 210 0.012987012987012988
143 419 0.013888888888888888
48 105 0.008695652173913044
300 405 0.012048192771084338
674 430 0.024390243902439025
20 259 0.04
375 282 0.009433962264150943
21 715 0.2
492 64 0.007352941176470588
338 62 0.00558659217877095
21 329 0.011764705882352941
21 28 0.010416666666666666
21 114 0.009174311926605505
21 169 0.010416666666666666
21 642 0.05
21 44 0.010869565217391304
170 254 0.034482758620689655
249 405 0.012048192771084338
169 21 0.009009009009009009
21 278 0.025
21 314 0.03125
21 1 0.0196078431372549
21 129 0.007194244604316547
21 128 0.007575757575757576
174 199 0.02631578947368421
506 238 0.027777777777777776
238 506 0.0196078431372549
195 208 0.019230769230769232
314 21 0.009009009009009009
210 129 0.007194244604316547
160 145 0.02127659574468085
461 624 0.09090909090909091
450 482 0.02857142857142857
375 89 0.017543859649122806
215 400 0.034482758620689655
282 375 0.018867924528301886
169 136 0.037037037037037035
169 135 0.02857142857142857
86 238 0.027777777777777776
238 86 0.006493506493506494
340 419 0.013888888888888888
57 285 0.014705882352941176
642 21 0.009009009009009009
254 170 0.011494252873563218
265 608 0.043478260869565216
272 272 0.024390243902439025
520 685 0.02702702702702703
286 571 0.05
134 535 0.1111111111111111
116 133 0.0136986301369863
380 385 0.047619047619047616
380 387 0.043478260869565216
493 256 0.00847457627118644
566 247 0.06666666666666667
566 707 0.029411764705882353
566 700 0.037037037037037035
351 363 0.02564102564102564
454 62 0.00558659217877095
287 92 0.02631578947368421
600 588 0.045454545454545456
385 393 0.015151515151515152
62 454 0.14285714285714285
301 155 0.018867924528301886
346 206 0.022727272727272728
458 280 0.009615384615384616
232 483 0.027777777777777776
726 152 0.016666666666666666
726 612 0.02127659574468085
498 360 0.03571428571428571
450 82 0.008264462809917356
360 498 0.01639344262295082
212 170 0.011494252873563218
393 719 0.08333333333333333
170 212 0.009900990099009901
681 352 0.047619047619047616
65 199 0.02631578947368421
474 513 0.024390243902439025
132 107 0.005917159763313609
351 329 0.011764705882352941
351 495 0.02040816326530612
351 161 0.02857142857142857
351 371 0.013157894736842105
351 296 0.014285714285714285
351 203 0.02564102564102564
495 351 0.023255813953488372
370 113 0.013513513513513514
506 441 0.022727272727272728
593 214 0.02
317 310 0.041666666666666664
351 28 0.010416666666666666
351 303 0.012048192771084338
351 210 0.012987012987012988
351 81 0.010869565217391304
166 434 0.006622516556291391
329 351 0.023255813953488372
483 764 0.1111111111111111
20 459 0.015384615384615385
285 57 0.018518518518518517
410 183 0.006993006993006993
194 63 0.009615384615384616
405 300 0.025
352 546 0.0136986301369863
260 508 0.038461538461538464
535 173 0.015873015873015872
212 269 0.014492753623188406
286 183 0.006993006993006993
400 215 0.013333333333333334
720 11 0.016129032258064516
13 171 0.02564102564102564
441 546 0.0136986301369863
221 403 0.058823529411764705
437 165 0.010869565217391304
58 411 0.013513513513513514
403 221 0.018518518518518517
199 65 0.025
180 347 0.041666666666666664
499 440 0.015873015873015872
520 3 0.016129032258064516
278 278 0.025
399 168 0.015873015873015872
612 356 0.02127659574468085
504 430 0.024390243902439025
504 246 0.08333333333333333
504 765 0.05555555555555555
329 106 0.0078125
282 153 0.043478260869565216
54 481 0.02564102564102564
57 412 0.016666666666666666
766 340 0.010869565217391304
57 211 0.00847457627118644
107 106 0.0078125
212 550 0.04
212 459 0.015384615384615385
212 576 0.05263157894736842
212 589 0.0625
212 296 0.014285714285714285
212 490 0.029411764705882353
212 223 0.024390243902439025
212 544 0.03571428571428571
212 106 0.0078125
212 174 0.015384615384615385
180 277 0.0625
141 8 0.029411764705882353
323 2 0.012987012987012988
107 132 0.019230769230769232
62 450 0.018867924528301886
481 54 0.023809523809523808
174 303 0.012048192771084338
174 210 0.012987012987012988
174 211 0.00847457627118644
498 65 0.025
236 240 0.05
62 168 0.015873015873015872
550 212 0.009900990099009901
340 535 0.1111111111111111
65 498 0.01639344262295082
440 499 0.02564102564102564
363 384 0.0625
103 150 0.03125
406 43 0.09090909090909091
406 500 0.05555555555555555
406 501 0.07142857142857142
406 407 0.045454545454545456
76 75 0.07142857142857142
260 311 0.03225806451612903
135 337 0.02702702702702703
189 459 0.015384615384615385
28 351 0.023255813953488372
47 172 0.014285714285714285
221 226 0.021739130434782608
450 212 0.009900990099009901
11 720 0.0625
450 62 0.00558659217877095
82 80 0.01639344262295082
62 236 0.020833333333333332
363 152 0.016666666666666666
61 533 0.011764705882352941
169 450 0.018867924528301886
340 450 0.018867924528301886
288 654 0.02702702702702703
215 690 0.07142857142857142
82 209 0.016666666666666666
82 210 0.012987012987012988
82 190 0.034482758620689655
82 184 0.013888888888888888
82 543 0.030303030303030304
297 260 0.05263157894736842
498 466 0.027777777777777776
236 211 0.00847457627118644
236 62 0.00558659217877095
82 767 0.16666666666666666
82 4 0.013513513513513514
431 80 0.01639344262295082
255 212 0.009900990099009901
115 142 0.010101010101010102
311 260 0.05263157894736842
212 255 0.022222222222222223
83 420 0.009174311926605505
13 266 0.043478260869565216
101 371 0.013157894736842105
690 215 0.013333333333333334
233 105 0.008695652173913044
381 60 0.02564102564102564
334 592 0.034482758620689655
448 592 0.034482758620689655
322 592 0.034482758620689655
140 592 0.034482758620689655
447 592 0.034482758620689655
46 592 0.034482758620689655
495 460 0.022727272727272728
579 592 0.034482758620689655
105 233 0.022222222222222223
105 48 0.021739130434782608
211 236 0.020833333333333332
106 212 0.009900990099009901
106 329 0.011764705882352941
164 592 0.034482758620689655
80 431 0.043478260869565216
80 508 0.038461538461538464
466 362 0.016129032258064516
466 602 0.05
346 291 0.045454545454545456
124 45 0.02631578947368421
460 419 0.013888888888888888
460 495 0.02040816326530612
340 179 0.02040816326530612
356 612 0.02127659574468085
529 441 0.022727272727272728
192 4 0.013513513513513514
516 516 0.08333333333333333
76 455 0.0196078431372549
760 15 0.022222222222222223
760 335 0.043478260869565216
213 707 0.029411764705882353
60 381 0.037037037037037035
60 295 0.01818181818181818
6 206 0.022727272727272728
614 106 0.0078125
513 92 0.02631578947368421
340 166 0.007874015748031496
251 136 0.037037037037037035
337 115 0.009900990099009901
92 513 0.024390243902439025
441 529 0.03125
166 601 0.02702702702702703
569 430 0.024390243902439025
226 221 0.018518518518518517
466 265 0.03225806451612903
560 222 0.017857142857142856
376 122 0.047619047619047616
11 666 0.0625
495 367 0.014084507042253521
272 592 0.034482758620689655
351 283 0.008333333333333333
351 256 0.00847457627118644
351 364 0.1111111111111111
351 106 0.0078125
351 129 0.007194244604316547
351 365 0.011111111111111112
351 249 0.008928571428571428
306 326 0.02702702702702703
311 17 0.01639344262295082
50 50 0.06666666666666667
168 113 0.013513513513513514
168 35 0.018867924528301886
322 272 0.024390243902439025
707 267 0.05555555555555555
707 265 0.03225806451612903
424 115 0.009900990099009901
360 371 0.013157894736842105
139 592 0.034482758620689655
124 371 0.013157894736842105
426 401 0.03125
726 106 0.0078125
303 363 0.02564102564102564
738 59 0.021739130434782608
172 280 0.009615384615384616
172 655 0.038461538461538464
155 495 0.02040816326530612
155 106 0.0078125
40 361 0.02127659574468085
51 399 0.05555555555555555
495 155 0.018867924528301886
333 107 0.005917159763313609
426 426 0.021739130434782608
426 621 0.07692307692307693
426 568 0.043478260869565216
426 130 0.027777777777777776
426 257 0.0625
172 47 0.02127659574468085
690 282 0.009433962264150943
145 106 0.0078125
160 323 0.03225806451612903
367 495 0.02040816326530612
87 155 0.018867924528301886
87 615 0.025
87 518 0.015151515151515152
87 363 0.02564102564102564
87 546 0.0136986301369863
471 671 0.04
84 431 0.043478260869565216
38 438 0.013157894736842105
166 107 0.005917159763313609
222 187 0.02564102564102564
323 160 0.0047169811320754715
106 155 0.018867924528301886
367 212 0.009900990099009901
107 333 0.010638297872340425
332 699 0.045454545454545456
115 434 0.006622516556291391
434 115 0.009900990099009901
141 86 0.006493506493506494
440 493 0.0136986301369863
46 434 0.006622516556291391
438 38 0.034482758620689655
753 470 0.047619047619047616
278 130 0.027777777777777776
434 46 0.014705882352941176
115 424 0.011111111111111112
246 430 0.024390243902439025
80 82 0.008264462809917356
359 466 0.027777777777777776
340 310 0.041666666666666664
63 411 0.013513513513513514
12 466 0.027777777777777776
68 667 0.03571428571428571
68 473 0.013333333333333334
68 550 0.04
68 549 0.023809523809523808
68 508 0.038461538461538464
491 548 0.05
89 91 0.037037037037037035
161 363 0.02564102564102564
461 118 0.041666666666666664
461 13 0.01639344262295082
181 378 0.041666666666666664
181 384 0.0625
181 388 0.043478260869565216
181 295 0.01818181818181818
101 768 0.07692307692307693
310 340 0.010869565217391304
549 68 0.02564102564102564
679 375 0.018867924528301886
549 221 0.018518518518518517
221 549 0.023809523809523808
13 461 0.0625
502 506 0.0196078431372549
105 329 0.011764705882352941
105 362 0.016129032258064516
329 105 0.008695652173913044
31 142 0.010101010101010102
122 180 0.014705882352941176
122 60 0.02564102564102564
172 60 0.02564102564102564
15 592 0.034482758620689655
62 255 0.022222222222222223
495 169 0.010416666666666666
142 31 0.02564102564102564
464 727 0.3333333333333333
337 136 0.037037037037037035
140 461 0.0625
6 375 0.018867924528301886
209 96 0.010309278350515464
326 306 0.03125
6 515 0.02564102564102564
282 401 0.03125
44 166 0.007874015748031496
309 5 0.008064516129032258
62 769 0.3333333333333333
64 280 0.009615384615384616
64 94 0.02702702702702703
236 236 0.020833333333333332
6 139 0.027777777777777776
254 144 0.09090909090909091
689 689 0.5
92 498 0.01639344262295082
310 445 0.041666666666666664
283 388 0.043478260869565216
300 102 0.0625
375 6 0.010752688172043012
180 178 0.034482758620689655
462 106 0.0078125
435 533 0.011764705882352941
20 72 0.16666666666666666
106 87 0.009174311926605505
106 145 0.02127659574468085
566 451 0.125
180 350 0.05
363 661 0.02564102564102564
434 183 0.006993006993006993
37 261 0.023255813953488372
5 309 0.034482758620689655
430 360 0.03571428571428571
353 708 0.058823529411764705
353 124 0.030303030303030304
353 98 0.043478260869565216
353 97 0.047619047619047616
353 687 0.14285714285714285
353 323 0.03225806451612903
353 618 0.07692307692307693
353 770 1.0
353 662 0.0625
353 101 0.04
353 709 0.3333333333333333
434 198 0.05263157894736842
187 222 0.017857142857142856
371 365 0.011111111111111112
450 280 0.009615384615384616
59 738 0.03125
515 6 0.010752688172043012
108 91 0.037037037037037035
108 474 0.01639344262295082
183 434 0.006622516556291391
87 642 0.05
87 495 0.02040816326530612
87 255 0.022222222222222223
87 490 0.029411764705882353
87 106 0.0078125
137 54 0.023809523809523808
105 183 0.006993006993006993
105 155 0.018867924528301886
105 160 0.0047169811320754715
105 771 0.125
105 424 0.011111111111111112
101 353 0.034482758620689655
58 281 0.022222222222222223
106 371 0.013157894736842105
127 105 0.008695652173913044
63 256 0.00847457627118644
498 92 0.02631578947368421
376 376 0.027777777777777776
201 201 0.023255813953488372
772 772 1.0
8 8 0.029411764705882353
773 773 1.0
296 380 0.030303030303030304
296 105 0.008695652173913044
294 294 0.045454545454545456
411 516 0.08333333333333333
517 517 0.07692307692307693
6 644 0.08333333333333333
314 105 0.008695652173913044
400 259 0.04
54 137 0.012987012987012988
147 615 0.025
249 7 0.02040816326530612
377 277 0.0625
377 231 0.02040816326530612
377 122 0.047619047619047616
377 575 0.09090909090909091
97 768 0.07692307692307693
7 249 0.008928571428571428
327 327 0.034482758620689655
420 654 0.02702702702702703
420 118 0.041666666666666664
176 593 0.02564102564102564
176 94 0.02702702702702703
282 4 0.013513513513513514
494 280 0.009615384615384616
285 774 1.0
494 340 0.010869565217391304
0 215 0.013333333333333334
640 124 0.030303030303030304
210 234 0.029411764705882353
467 166 0.007874015748031496
64 244 0.037037037037037035
57 532 0.05
560 775 1.0
560 328 0.0625
194 411 0.013513513513513514
194 238 0.027777777777777776
560 361 0.02127659574468085
560 27 0.0196078431372549
560 75 0.07142857142857142
560 229 0.037037037037037035
560 336 0.03125
560 48 0.021739130434782608
560 39 0.030303030303030304
231 434 0.006622516556291391
238 194 0.023809523809523808
434 231 0.02040816326530612
400 20 0.015625
20 400 0.034482758620689655
26 27 0.0196078431372549
256 495 0.02040816326530612
195 533 0.011764705882352941
4 282 0.009433962264150943
54 194 0.023809523809523808
229 177 0.024390243902439025
57 685 0.02702702702702703
24 64 0.007352941176470588
259 400 0.034482758620689655
280 494 0.0125
64 24 0.038461538461538464
12 7 0.02040816326530612
12 365 0.011111111111111112
278 214 0.02
353 353 0.034482758620689655
366 253 0.043478260869565216
98 86 0.006493506493506494
160 163 0.02702702702702703
41 776 0.04
10 173 0.015873015873015872
225 1 0.0196078431372549
474 249 0.008928571428571428
212 450 0.018867924528301886
156 697 0.16666666666666666
156 645 0.2
164 395 0.027777777777777776
249 474 0.01639344262295082
526 401 0.03125
180 301 0.008620689655172414
305 132 0.019230769230769232
113 168 0.015873015873015872
412 137 0.012987012987012988
61 483 0.027777777777777776
483 61 0.01818181818181818
182 379 0.029411764705882353
182 157 0.018518518518518517
666 566 0.0625
48 211 0.00847457627118644
554 777 0.058823529411764705
266 7 0.02040816326530612
328 91 0.037037037037037035
618 618 0.07692307692307693
563 272 0.024390243902439025
320 295 0.01818181818181818
160 128 0.007575757575757576
403 168 0.015873015873015872
348 180 0.014705882352941176
290 62 0.00558659217877095
406 525 0.029411764705882353
494 375 0.018867924528301886
64 420 0.009174311926605505
60 352 0.047619047619047616
20 20 0.015625
318 455 0.0196078431372549
420 64 0.007352941176470588
424 256 0.00847457627118644
455 318 0.02
292 611 0.04
160 130 0.027777777777777776
328 474 0.01639344262295082
328 478 0.037037037037037035
28 37 0.045454545454545456
184 6 0.010752688172043012
15 46 0.014705882352941176
474 434 0.006622516556291391
370 423 0.03125
6 184 0.013888888888888888
82 180 0.014705882352941176
82 278 0.025
82 1 0.0196078431372549
82 17 0.01639344262295082
82 340 0.010869565217391304
282 290 0.014925373134328358
641 641 0.08333333333333333
423 370 0.07142857142857142
121 441 0.022727272727272728
121 44 0.010869565217391304
82 493 0.0136986301369863
121 420 0.009174311926605505
370 725 0.08333333333333333
121 489 0.037037037037037035
82 128 0.007575757575757576
82 41 0.015151515151515152
82 642 0.05
82 163 0.02702702702702703
82 453 0.05
82 474 0.01639344262295082
121 256 0.00847457627118644
121 462 0.04
82 173 0.015873015873015872
82 114 0.009174311926605505
121 153 0.043478260869565216
121 355 0.024390243902439025
121 404 0.01639344262295082
121 269 0.014492753623188406
121 46 0.014705882352941176
121 303 0.012048192771084338
121 367 0.014084507042253521
121 115 0.009900990099009901
121 28 0.010416666666666666
121 23 0.014705882352941176
121 495 0.02040816326530612
121 147 0.02702702702702703
237 244 0.037037037037037035
395 396 0.07142857142857142
40 261 0.023255813953488372
679 679 0.05263157894736842
778 85 0.02857142857142857
323 354 0.1
323 124 0.030303030303030304
323 353 0.034482758620689655
323 371 0.013157894736842105
323 99 0.043478260869565216
323 125 0.05
92 530 0.125
142 353 0.034482758620689655
142 285 0.014705882352941176
282 357 0.023809523809523808
434 474 0.01639344262295082
420 326 0.02702702702702703
358 44 0.010869565217391304
160 80 0.01639344262295082
121 58 0.009708737864077669
251 437 0.038461538461538464
295 308 0.02857142857142857
408 212 0.009900990099009901
312 17 0.01639344262295082
40 151 0.023809523809523808
212 408 0.02631578947368421
45 164 0.02564102564102564
644 6 0.010752688172043012
430 14 0.01818181818181818
251 455 0.0196078431372549
171 455 0.0196078431372549
128 200 0.029411764705882353
17 107 0.005917159763313609
137 408 0.02631578947368421
137 281 0.022222222222222223
428 651 0.08333333333333333
698 208 0.019230769230769232
375 494 0.0125
448 335 0.043478260869565216
615 106 0.0078125
183 256 0.00847457627118644
200 128 0.007575757575757576
128 160 0.0047169811320754715
274 46 0.014705882352941176
121 285 0.014705882352941176
121 211 0.00847457627118644
121 183 0.006993006993006993
121 137 0.012987012987012988
410 82 0.008264462809917356
376 379 0.029411764705882353
165 160 0.0047169811320754715
552 58 0.009708737864077669
183 121 0.006369426751592357
183 82 0.008264462809917356
266 61 0.01818181818181818
405 365 0.011111111111111112
408 286 0.024390243902439025
4 408 0.02631578947368421
201 199 0.02631578947368421
140 617 0.16666666666666666
229 119 0.07692307692307693
81 549 0.023809523809523808
81 671 0.04
229 115 0.009900990099009901
115 229 0.037037037037037035
44 16 0.014705882352941176
244 237 0.043478260869565216
434 329 0.011764705882352941
301 337 0.02702702702702703
459 560 0.03571428571428571
329 434 0.006622516556291391
285 698 0.041666666666666664
176 214 0.02
455 171 0.02564102564102564
489 212 0.009900990099009901
672 430 0.024390243902439025
124 99 0.043478260869565216
214 176 0.04
146 779 0.5
151 367 0.014084507042253521
180 644 0.08333333333333333
306 728 0.0625
121 366 0.011627906976744186
121 612 0.02127659574468085
318 361 0.02127659574468085
318 417 0.018867924528301886
318 443 0.023809523809523808
318 263 0.02127659574468085
318 444 0.04
318 318 0.02
318 442 0.045454545454545456
318 547 0.034482758620689655
318 423 0.03125
318 245 0.02127659574468085
318 47 0.02127659574468085
318 76 0.045454545454545456
318 485 0.037037037037037035
318 171 0.02564102564102564
318 64 0.007352941176470588
245 455 0.0196078431372549
84 233 0.022222222222222223
84 510 0.05263157894736842
84 601 0.02702702702702703
84 780 1.0
84 269 0.014492753623188406
84 474 0.01639344262295082
84 254 0.034482758620689655
84 585 0.1111111111111111
585 84 0.020833333333333332
160 251 0.03225806451612903
251 160 0.0047169811320754715
254 345 0.043478260869565216
254 180 0.014705882352941176
254 1 0.0196078431372549
254 227 0.05263157894736842
254 17 0.01639344262295082
254 340 0.010869565217391304
254 173 0.015873015873015872
254 531 0.021739130434782608
254 77 0.05555555555555555
254 493 0.0136986301369863
254 129 0.007194244604316547
254 128 0.007575757575757576
254 41 0.015151515151515152
254 642 0.05
254 453 0.05
254 393 0.015151515151515152
254 296 0.014285714285714285
254 329 0.011764705882352941
254 474 0.01639344262295082
26 654 0.02702702702702703
254 21 0.009009009009009009
254 114 0.009174311926605505
254 427 0.02127659574468085
254 367 0.014084507042253521
254 169 0.010416666666666666
254 28 0.010416666666666666
254 23 0.014705882352941176
254 441 0.022727272727272728
254 44 0.010869565217391304
493 254 0.034482758620689655
198 434 0.006622516556291391
254 371 0.013157894736842105
254 404 0.01639344262295082
254 269 0.014492753623188406
254 46 0.014705882352941176
424 44 0.010869565217391304
212 489 0.037037037037037035
254 233 0.022222222222222223
254 210 0.012987012987012988
254 303 0.012048192771084338
254 252 0.012195121951219513
82 355 0.024390243902439025
504 44 0.010869565217391304
254 63 0.009615384615384616
254 495 0.02040816326530612
254 147 0.02702702702702703
254 81 0.010869565217391304
254 420 0.009174311926605505
24 654 0.02702702702702703
254 490 0.029411764705882353
160 352 0.047619047619047616
254 462 0.04
450 419 0.013888888888888888
254 174 0.015384615384615385
254 153 0.043478260869565216
254 355 0.024390243902439025
254 255 0.022222222222222223
254 165 0.010869565217391304
254 106 0.0078125
32 654 0.02702702702702703
537 781 0.3333333333333333
85 778 0.2
644 180 0.014705882352941176
37 25 0.03125
37 26 0.03333333333333333
37 27 0.0196078431372549
37 29 0.020833333333333332
37 721 0.16666666666666666
37 31 0.02564102564102564
37 32 0.03125
37 33 0.041666666666666664
37 38 0.034482758620689655
37 39 0.030303030303030304
37 40 0.020833333333333332
37 588 0.045454545454545456
37 545 0.05263157894736842
74 460 0.022727272727272728
723 538 0.1111111111111111
661 754 0.045454545454545456
212 493 0.0136986301369863
21 254 0.034482758620689655
493 212 0.009900990099009901
547 340 0.010869565217391304
526 782 0.3333333333333333
243 233 0.022222222222222223
180 212 0.009900990099009901
254 458 0.024390243902439025
458 254 0.034482758620689655
212 180 0.014705882352941176
97 185 0.1
107 493 0.0136986301369863
370 318 0.02
370 442 0.045454545454545456
370 245 0.02127659574468085
370 171 0.02564102564102564
362 6 0.010752688172043012
124 282 0.009433962264150943
210 241 0.05
105 166 0.007874015748031496
105 282 0.009433962264150943
105 601 0.02702702702702703
105 87 0.009174311926605505
105 546 0.0136986301369863
185 97 0.047619047619047616
61 266 0.043478260869565216
332 358 0.025
249 495 0.02040816326530612
447 335 0.043478260869565216
127 160 0.0047169811320754715
200 593 0.02564102564102564
335 447 0.03571428571428571
495 249 0.008928571428571428
94 128 0.007575757575757576
303 212 0.009900990099009901
377 352 0.047619047619047616
545 438 0.013157894736842105
621 377 0.011363636363636364
157 719 0.08333333333333333
438 545 0.05263157894736842
352 60 0.02564102564102564
5 183 0.006993006993006993
183 5 0.008064516129032258
136 151 0.023809523809523808
783 654 0.02702702702702703
538 173 0.015873015873015872
71 121 0.006369426751592357
494 141 0.014705882352941176
238 234 0.029411764705882353
547 361 0.02127659574468085
254 84 0.020833333333333332
259 173 0.015873015873015872
284 133 0.0136986301369863
79 531 0.021739130434782608
79 339 0.025
419 419 0.013888888888888888
666 141 0.014705882352941176
165 531 0.021739130434782608
155 1 0.0196078431372549
86 85 0.02857142857142857
182 719 0.08333333333333333
86 141 0.014705882352941176
107 74 0.013157894736842105
654 783 0.25
400 173 0.015873015873015872
494 484 0.05263157894736842
388 384 0.0625
108 143 0.022222222222222223
108 356 0.02127659574468085
108 477 0.09090909090909091
108 514 0.09090909090909091
108 258 0.03125
108 478 0.037037037037037035
108 90 0.041666666666666664
35 168 0.015873015873015872
155 223 0.024390243902439025
160 441 0.022727272727272728
161 44 0.010869565217391304
22 127 0.0625
269 5 0.008064516129032258
17 155 0.018867924528301886
538 498 0.01639344262295082
96 209 0.016666666666666666
87 427 0.02127659574468085
127 22 0.07692307692307693
107 290 0.014925373134328358
408 58 0.009708737864077669
48 36 0.023255813953488372
97 354 0.1
97 124 0.030303030303030304
97 353 0.034482758620689655
97 371 0.013157894736842105
97 404 0.01639344262295082
97 125 0.05
99 371 0.013157894736842105
327 249 0.008928571428571428
212 303 0.012048192771084338
86 506 0.0196078431372549
173 105 0.008695652173913044
254 290 0.014925373134328358
69 663 0.05263157894736842
498 362 0.016129032258064516
498 141 0.014705882352941176
21 434 0.006622516556291391
397 381 0.037037037037037035
642 212 0.009900990099009901
212 642 0.05
405 107 0.005917159763313609
62 290 0.014925373134328358
381 397 0.029411764705882353
62 282 0.009433962264150943
70 84 0.020833333333333332
163 212 0.009900990099009901
41 212 0.009900990099009901
242 159 0.029411764705882353
212 163 0.02702702702702703
103 60 0.02564102564102564
434 544 0.03571428571428571
269 212 0.009900990099009901
212 41 0.015151515151515152
285 412 0.016666666666666666
573 573 0.058823529411764705
340 547 0.034482758620689655
288 105 0.008695652173913044
114 419 0.013888888888888888
39 34 0.043478260869565216
114 254 0.034482758620689655
484 494 0.0125
115 166 0.007874015748031496
213 498 0.01639344262295082
359 699 0.045454545454545456
359 502 0.05555555555555555
359 608 0.043478260869565216
359 265 0.03225806451612903
359 267 0.05555555555555555
359 570 0.0625
359 754 0.045454545454545456
359 707 0.029411764705882353
359 672 0.07692307692307693
74 107 0.005917159763313609
411 784 0.5
83 282 0.009433962264150943
83 121 0.006369426751592357
83 142 0.010101010101010102
62 83 0.011627906976744186
5 269 0.014492753623188406
308 434 0.006622516556291391
532 532 0.05
405 495 0.02040816326530612
101 65 0.025
282 441 0.022727272727272728
282 196 0.043478260869565216
589 589 0.0625
282 184 0.013888888888888888
405 748 0.047619047619047616
290 282 0.009433962264150943
549 212 0.009900990099009901
167 231 0.02040816326530612
549 325 0.038461538461538464
65 101 0.04
231 168 0.015873015873015872
212 549 0.023809523809523808
168 167 0.02040816326530612
168 231 0.02040816326530612
69 550 0.04
268 227 0.05263157894736842
743 743 0.3333333333333333
114 464 0.023255813953488372
231 167 0.02040816326530612
434 308 0.02857142857142857
128 107 0.005917159763313609
392 104 0.03125
544 129 0.007194244604316547
318 420 0.009174311926605505
420 212 0.009900990099009901
544 212 0.009900990099009901
185 708 0.058823529411764705
185 124 0.030303030303030304
185 98 0.043478260869565216
185 687 0.14285714285714285
185 371 0.013157894736842105
185 618 0.07692307692307693
185 640 0.058823529411764705
185 768 0.07692307692307693
185 99 0.043478260869565216
185 404 0.01639344262295082
185 100 0.027777777777777776
185 662 0.0625
185 125 0.05
185 101 0.04
185 709 0.3333333333333333
589 212 0.009900990099009901
82 107 0.005917159763313609
82 62 0.00558659217877095
82 612 0.02127659574468085
196 16 0.014705882352941176
212 420 0.009174311926605505
261 116 0.014705882352941176
62 82 0.008264462809917356
405 102 0.0625
231 277 0.0625
108 69 0.024390243902439025
62 203 0.02564102564102564
158 174 0.015384615384615385
145 571 0.05
91 212 0.009900990099009901
346 181 0.022222222222222223
492 212 0.009900990099009901
164 272 0.024390243902439025
132 532 0.05
419 114 0.009174311926605505
538 306 0.03125
267 61 0.01818181818181818
355 166 0.007874015748031496
174 212 0.009900990099009901
23 785 0.25
754 44 0.010869565217391304
268 212 0.009900990099009901
181 346 0.041666666666666664
242 209 0.016666666666666666
28 212 0.009900990099009901
212 91 0.037037037037037035
212 492 0.043478260869565216
173 212 0.009900990099009901
173 400 0.034482758620689655
262 191 0.02127659574468085
212 268 0.034482758620689655
212 173 0.015873015873015872
623 129 0.007194244604316547
69 671 0.04
79 497 0.0625
424 160 0.0047169811320754715
405 249 0.008928571428571428
166 559 0.16666666666666666
190 162 0.0196078431372549
786 64 0.007352941176470588
536 184 0.013888888888888888
184 540 0.125
160 212 0.009900990099009901
184 536 0.09090909090909091
142 172 0.014285714285714285
174 208 0.019230769230769232
21 787 1.0
11 265 0.03225806451612903
63 518 0.015151515151515152
63 365 0.011111111111111112
11 525 0.029411764705882353
129 212 0.009900990099009901
21 5 0.008064516129032258
11 555 0.06666666666666667
11 360 0.03571428571428571
265 11 0.016129032258064516
11 213 0.027777777777777776
116 261 0.023255813953488372
11 529 0.03125
420 531 0.021739130434782608
11 573 0.058823529411764705
60 320 0.025
5 21 0.009009009009009009
401 426 0.021739130434782608
401 183 0.006993006993006993
172 142 0.010101010101010102
525 11 0.016129032258064516
63 212 0.009900990099009901
139 273 0.041666666666666664
6 362 0.016129032258064516
452 452 0.034482758620689655
788 717 0.1
411 6 0.010752688172043012
371 212 0.009900990099009901
189 667 0.03571428571428571
189 550 0.04
189 80 0.01639344262295082
189 663 0.05263157894736842
189 215 0.013333333333333334
189 549 0.023809523809523808
189 69 0.024390243902439025
189 82 0.008264462809917356
189 418 0.034482758620689655
189 121 0.006369426751592357
189 86 0.006493506493506494
189 311 0.03225806451612903
189 225 0.04
189 184 0.013888888888888888
189 508 0.038461538461538464
189 679 0.05263157894736842
189 671 0.04
189 710 0.05263157894736842
189 62 0.00558659217877095
168 28 0.010416666666666666
168 114 0.009174311926605505
168 486 0.022727272727272728
666 11 0.016129032258064516
67 189 0.01639344262295082
168 284 0.02857142857142857
168 789 0.1
257 544 0.03571428571428571
151 136 0.037037037037037035
213 11 0.016129032258064516
210 245 0.02127659574468085
210 169 0.010416666666666666
251 115 0.009900990099009901
21 11 0.016129032258064516
48 212 0.009900990099009901
427 438 0.013157894736842105
169 210 0.012987012987012988
428 301 0.008620689655172414
209 490 0.029411764705882353
209 63 0.009615384615384616
209 174 0.015384615384615385
212 129 0.007194244604316547
176 576 0.05263157894736842
50 217 0.06666666666666667
294 493 0.0136986301369863
282 163 0.02702702702702703
357 375 0.018867924528301886
168 458 0.024390243902439025
39 35 0.018867924528301886
301 428 0.043478260869565216
450 176 0.04
165 151 0.023809523809523808
165 32 0.03125
165 245 0.02127659574468085
165 171 0.02564102564102564
165 251 0.03225806451612903
165 40 0.020833333333333332
212 63 0.009615384615384616
88 304 0.03571428571428571
212 48 0.021739130434782608
320 60 0.02564102564102564
569 674 0.1111111111111111
569 754 0.045454545454545456
87 58 0.009708737864077669
63 552 0.027777777777777776
63 82 0.008264462809917356
63 121 0.006369426751592357
63 209 0.016666666666666666
288 152 0.016666666666666666
356 375 0.018867924528301886
87 269 0.014492753623188406
286 305 0.019230769230769232
256 106 0.0078125
35 151 0.023809523809523808
552 285 0.014705882352941176
552 571 0.05
552 63 0.009615384615384616
552 208 0.019230769230769232
355 62 0.00558659217877095
355 212 0.009900990099009901
409 278 0.025
531 212 0.009900990099009901
665 411 0.013513513513513514
69 679 0.05263157894736842
490 209 0.016666666666666666
662 107 0.005917159763313609
322 322 0.05
212 531 0.021739130434782608
98 124 0.030303030303030304
339 169 0.010416666666666666
497 79 0.02857142857142857
160 394 0.03333333333333333
497 482 0.02857142857142857
352 351 0.023255813953488372
563 572 0.045454545454545456
255 62 0.00558659217877095
162 190 0.034482758620689655
162 433 0.05263157894736842
602 362 0.016129032258064516
358 566 0.0625
362 19 0.016129032258064516
267 264 0.037037037037037035
790 544 0.03571428571428571
164 695 0.09090909090909091
155 211 0.00847457627118644
249 114 0.009174311926605505
211 155 0.018867924528301886
131 163 0.02702702702702703
450 420 0.009174311926605505
161 666 0.0625
180 82 0.008264462809917356
180 121 0.006369426751592357
180 160 0.0047169811320754715
180 41 0.015151515151515152
180 249 0.008928571428571428
114 249 0.008928571428571428
791 493 0.0136986301369863
482 79 0.02857142857142857
212 365 0.011111111111111112
510 754 0.045454545454545456
249 83 0.011627906976744186
318 326 0.02702702702702703
83 249 0.008928571428571428
666 161 0.02857142857142857
174 209 0.016666666666666666
356 183 0.006993006993006993
114 329 0.011764705882352941
107 662 0.0625
74 316 0.02631578947368421
329 114 0.009174311926605505
13 137 0.012987012987012988
661 661 0.02564102564102564
506 498 0.01639344262295082
356 106 0.0078125
324 666 0.0625
339 79 0.02857142857142857
445 581 0.037037037037037035
695 164 0.02564102564102564
481 481 0.02564102564102564
673 673 0.5
673 495 0.02040816326530612
143 328 0.0625
747 83 0.011627906976744186
489 405 0.012048192771084338
168 166 0.007874015748031496
441 44 0.010869565217391304
748 708 0.058823529411764705
748 748 0.047619047619047616
409 280 0.009615384615384616
409 138 0.034482758620689655
138 409 0.03333333333333333
428 45 0.02631578947368421
366 233 0.022222222222222223
547 417 0.018867924528301886
233 366 0.011627906976744186
256 114 0.009174311926605505
405 489 0.037037037037037035
547 47 0.02127659574468085
16 282 0.009433962264150943
547 48 0.021739130434782608
50 433 0.05263157894736842
44 212 0.009900990099009901
403 403 0.058823529411764705
499 608 0.043478260869565216
499 602 0.05
229 28 0.010416666666666666
541 420 0.009174311926605505
212 44 0.010869565217391304
121 189 0.01639344262295082
170 256 0.00847457627118644
375 107 0.005917159763313609
121 792 1.0
121 453 0.05
147 166 0.007874015748031496
147 82 0.008264462809917356
147 121 0.006369426751592357
16 44 0.010869565217391304
147 533 0.011764705882352941
474 142 0.010101010101010102
250 395 0.027777777777777776
41 166 0.007874015748031496
41 121 0.006369426751592357
41 612 0.02127659574468085
41 160 0.0047169811320754715
41 546 0.0136986301369863
474 366 0.011627906976744186
506 674 0.1111111111111111
474 160 0.0047169811320754715
41 601 0.02702702702702703
474 107 0.005917159763313609
121 493 0.0136986301369863
152 41 0.015151515151515152
474 186 0.05
173 41 0.015151515151515152
173 147 0.02702702702702703
147 173 0.015873015873015872
474 615 0.025
474 254 0.034482758620689655
377 741 0.2
163 106 0.0078125
282 80 0.01639344262295082
377 659 0.5
377 106 0.0078125
417 725 0.08333333333333333
417 245 0.02127659574468085
417 47 0.02127659574468085
417 48 0.021739130434782608
142 474 0.01639344262295082
674 506 0.0196078431372549
166 168 0.015873015873015872
245 40 0.020833333333333332
280 409 0.03333333333333333
441 362 0.016129032258064516
147 269 0.014492753623188406
256 170 0.011494252873563218
152 269 0.014492753623188406
420 541 0.07142857142857142
157 296 0.014285714285714285
157 489 0.037037037037037035
169 339 0.025
404 269 0.014492753623188406
147 233 0.022222222222222223
678 311 0.03225806451612903
152 365 0.011111111111111112
83 269 0.014492753623188406
506 510 0.05263157894736842
160 748 0.047619047619047616
493 121 0.006369426751592357
338 229 0.037037037037037035
338 165 0.010869565217391304
338 339 0.025
489 157 0.018518518518518517
506 672 0.07692307692307693
163 82 0.008264462809917356
163 121 0.006369426751592357
163 105 0.008695652173913044
163 249 0.008928571428571428
163 160 0.0047169811320754715
83 214 0.02
163 166 0.007874015748031496
163 601 0.02702702702702703
163 282 0.009433962264150943
163 366 0.011627906976744186
163 142 0.010101010101010102
506 9 0.037037037037037035
83 168 0.015873015873015872
83 280 0.009615384615384616
83 41 0.015151515151515152
83 458 0.024390243902439025
83 292 0.029411764705882353
56 56 0.02564102564102564
493 105 0.008695652173913044
493 249 0.008928571428571428
142 163 0.02702702702702703
141 161 0.02857142857142857
173 233 0.022222222222222223
173 269 0.014492753623188406
157 388 0.043478260869565216
441 506 0.0196078431372549
441 233 0.022222222222222223
161 141 0.014705882352941176
292 83 0.011627906976744186
173 260 0.05263157894736842
506 406 0.04
7 466 0.027777777777777776
213 9 0.037037037037037035
7 359 0.05
7 499 0.02564102564102564
280 83 0.011627906976744186
7 707 0.029411764705882353
7 700 0.037037037037037035
7 332 0.05555555555555555
7 406 0.04
474 269 0.014492753623188406
474 233 0.022222222222222223
167 468 0.047619047619047616
221 0 0.03125
305 286 0.024390243902439025
512 512 0.25
94 494 0.0125
167 749 0.2
233 166 0.007874015748031496
233 282 0.009433962264150943
233 494 0.0125
233 601 0.02702702702702703
233 433 0.05263157894736842
233 86 0.006493506493506494
233 84 0.020833333333333332
233 142 0.010101010101010102
233 70 0.0625
233 62 0.00558659217877095
233 654 0.02702702702702703
168 83 0.011627906976744186
55 160 0.0047169811320754715
137 20 0.015625
608 499 0.02564102564102564
655 183 0.006993006993006993
655 280 0.009615384615384616
87 212 0.009900990099009901
87 163 0.02702702702702703
87 404 0.01639344262295082
87 105 0.008695652173913044
87 424 0.011111111111111112
87 643 0.07692307692307693
87 173 0.015873015873015872
87 654 0.02702702702702703
87 249 0.008928571428571428
285 54 0.023809523809523808
274 45 0.02631578947368421
334 334 0.05555555555555555
793 206 0.022727272727272728
259 259 0.04
72 106 0.0078125
212 87 0.009174311926605505
173 87 0.009174311926605505
54 285 0.014705882352941176
63 210 0.012987012987012988
369 96 0.010309278350515464
369 89 0.017543859649122806
369 88 0.03333333333333333
369 304 0.03571428571428571
748 793 0.5
304 369 0.16666666666666666
231 292 0.029411764705882353
409 306 0.03125
153 87 0.009174311926605505
153 212 0.009900990099009901
288 212 0.009900990099009901
242 242 0.03571428571428571
153 612 0.02127659574468085
212 612 0.02127659574468085
83 612 0.02127659574468085
83 212 0.009900990099009901
292 231 0.02040816326530612
498 266 0.043478260869565216
447 690 0.07142857142857142
169 495 0.02040816326530612
447 473 0.013333333333333334
266 498 0.01639344262295082
335 794 0.5
201 128 0.007575757575757576
322 794 0.5
242 106 0.0078125
75 75 0.07142857142857142
493 87 0.009174311926605505
493 615 0.025
105 612 0.02127659574468085
48 654 0.02702702702702703
493 424 0.011111111111111112
394 160 0.0047169811320754715
163 162 0.0196078431372549
163 87 0.009174311926605505
113 725 0.08333333333333333
3 412 0.016666666666666666
20 137 0.012987012987012988
20 520 0.020833333333333332
128 94 0.02702702702702703
115 612 0.02127659574468085
404 87 0.009174311926605505
147 115 0.009900990099009901
56 520 0.020833333333333332
464 444 0.04
610 694 0.14285714285714285
610 420 0.009174311926605505
610 296 0.014285714285714285
610 250 0.03333333333333333
610 472 0.14285714285714285
610 255 0.022222222222222223
334 140 0.030303030303030304
212 405 0.012048192771084338
9 506 0.0196078431372549
612 50 0.06666666666666667
160 55 0.02857142857142857
161 160 0.0047169811320754715
285 426 0.021739130434782608
426 285 0.014705882352941176
409 184 0.013888888888888888
671 356 0.02127659574468085
88 369 0.16666666666666666
195 305 0.019230769230769232
409 292 0.029411764705882353
92 72 0.16666666666666666
92 260 0.05263157894736842
92 326 0.02702702702702703
92 173 0.015873015873015872
444 464 0.023255813953488372
549 162 0.0196078431372549
549 288 0.03571428571428571
549 276 0.1111111111111111
290 16 0.014705882352941176
409 25 0.03125
21 64 0.007352941176470588
417 795 1.0
90 409 0.03333333333333333
434 269 0.014492753623188406
81 667 0.03571428571428571
81 508 0.038461538461538464
81 679 0.05263157894736842
81 710 0.05263157894736842
695 597 0.07142857142857142
417 30 0.01818181818181818
404 115 0.009900990099009901
405 642 0.05
405 44 0.010869565217391304
405 329 0.011764705882352941
405 28 0.010416666666666666
405 128 0.007575757575757576
405 303 0.012048192771084338
405 210 0.012987012987012988
405 21 0.009009009009009009
405 371 0.013157894736842105
405 114 0.009174311926605505
405 296 0.014285714285714285
405 490 0.029411764705882353
405 81 0.010869565217391304
405 340 0.010869565217391304
405 226 0.021739130434782608
405 227 0.05263157894736842
405 278 0.025
405 129 0.007194244604316547
405 169 0.010416666666666666
405 796 0.25
405 174 0.015384615384615385
405 355 0.024390243902439025
405 367 0.014084507042253521
121 117 0.06666666666666667
495 105 0.008695652173913044
20 409 0.03333333333333333
404 212 0.009900990099009901
13 130 0.027777777777777776
305 195 0.034482758620689655
121 434 0.006622516556291391
671 81 0.010869565217391304
116 531 0.021739130434782608
116 79 0.02857142857142857
116 165 0.010869565217391304
173 92 0.02631578947368421
173 434 0.006622516556291391
173 115 0.009900990099009901
496 362 0.016129032258064516
113 438 0.013157894736842105
184 409 0.03333333333333333
498 440 0.015873015873015872
20 127 0.0625
35 30 0.01818181818181818
290 114 0.009174311926605505
290 272 0.024390243902439025
215 434 0.006622516556291391
158 233 0.022222222222222223
290 6 0.010752688172043012
290 64 0.007352941176470588
28 21 0.009009009009009009
397 458 0.024390243902439025
114 290 0.014925373134328358
114 168 0.015873015873015872
531 116 0.014705882352941176
290 107 0.005917159763313609
589 215 0.013333333333333334
499 9 0.037037037037037035
107 506 0.0196078431372549
162 549 0.023809523809523808
162 163 0.02702702702702703
222 227 0.05263157894736842
440 498 0.01639344262295082
290 160 0.0047169811320754715
163 612 0.02127659574468085
290 494 0.0125
426 457 0.04
63 183 0.006993006993006993
305 738 0.03125
21 405 0.012048192771084338
214 83 0.011627906976744186
783 669 0.16666666666666666
530 538 0.1111111111111111
530 92 0.02631578947368421
788 788 1.0
797 605 0.25
429 446 0.045454545454545456
429 216 0.038461538461538464
349 349 0.05555555555555555
644 644 0.08333333333333333
58 58 0.009708737864077669
58 121 0.006369426751592357
211 212 0.009900990099009901
211 738 0.03125
36 29 0.020833333333333332
414 479 0.2
256 493 0.0136986301369863
798 798 1.0
8 573 0.058823529411764705
285 55 0.02857142857142857
285 738 0.03125
285 481 0.02564102564102564
128 201 0.023255813953488372
210 212 0.009900990099009901
39 39 0.030303030303030304
201 342 0.022727272727272728
462 308 0.02857142857142857
462 21 0.009009009009009009
462 20 0.015625
462 272 0.024390243902439025
462 249 0.008928571428571428
447 799 0.2
223 183 0.006993006993006993
223 117 0.06666666666666667
21 46 0.014705882352941176
21 303 0.012048192771084338
223 309 0.034482758620689655
223 560 0.03571428571428571
83 533 0.011764705882352941
83 186 0.05
423 485 0.037037037037037035
83 115 0.009900990099009901
799 447 0.03571428571428571
128 21 0.009009009009009009
800 287 0.058823529411764705
800 185 0.1
223 212 0.009900990099009901
342 352 0.047619047619047616
516 2 0.012987012987012988
2 516 0.08333333333333333
2 517 0.07692307692307693
46 21 0.009009009009009009
185 800 0.25
211 131 0.021739130434782608
257 426 0.021739130434782608
352 342 0.022727272727272728
76 263 0.02127659574468085
338 367 0.014084507042253521
491 490 0.029411764705882353
473 447 0.03571428571428571
547 114 0.009174311926605505
212 211 0.00847457627118644
117 223 0.024390243902439025
212 210 0.012987012987012988
361 339 0.025
24 261 0.023255813953488372
35 5 0.008064516129032258
206 206 0.022727272727272728
249 462 0.04
233 158 0.023255813953488372
417 339 0.025
82 189 0.01639344262295082
147 107 0.005917159763313609
21 462 0.04
146 1 0.0196078431372549
86 20 0.015625
288 549 0.023809523809523808
321 295 0.01818181818181818
212 160 0.0047169811320754715
266 565 0.125
541 107 0.005917159763313609
41 23 0.014705882352941176
41 493 0.0136986301369863
41 474 0.01639344262295082
41 180 0.014705882352941176
41 115 0.009900990099009901
41 801 0.5
201 95 0.02702702702702703
168 172 0.014285714285714285
122 231 0.02040816326530612
107 769 0.3333333333333333
474 612 0.02127659574468085
41 63 0.009615384615384616
206 294 0.045454545454545456
450 183 0.006993006993006993
376 654 0.02702702702702703
357 671 0.04
115 513 0.024390243902439025
433 50 0.06666666666666667
259 106 0.0078125
235 96 0.010309278350515464
11 21 0.009009009009009009
367 338 0.019230769230769232
466 11 0.016129032258064516
184 107 0.005917159763313609
225 189 0.01639344262295082
201 197 0.030303030303030304
129 623 0.1111111111111111
641 420 0.009174311926605505
573 11 0.016129032258064516
513 115 0.009900990099009901
160 179 0.02040816326530612
160 343 0.05
201 352 0.047619047619047616
12 44 0.010869565217391304
63 128 0.007575757575757576
63 41 0.015151515151515152
552 518 0.015151515151515152
420 641 0.08333333333333333
11 466 0.027777777777777776
5 35 0.018867924528301886
520 20 0.015625
404 162 0.0196078431372549
525 358 0.025
337 301 0.008620689655172414
627 627 0.1
243 243 0.021739130434782608
309 183 0.006993006993006993
309 133 0.0136986301369863
309 95 0.02702702702702703
44 12 0.021739130434782608
160 641 0.08333333333333333
86 98 0.043478260869565216
641 160 0.0047169811320754715
160 90 0.041666666666666664
160 181 0.022222222222222223
366 662 0.0625
183 309 0.034482758620689655
233 233 0.022222222222222223
520 285 0.014705882352941176
520 305 0.019230769230769232
520 286 0.024390243902439025
194 685 0.02702702702702703
802 172 0.014285714285714285
802 256 0.00847457627118644
802 129 0.007194244604316547
802 365 0.011111111111111112
162 404 0.01639344262295082
215 589 0.0625
462 121 0.006369426751592357
520 56 0.02564102564102564
314 189 0.01639344262295082
690 74 0.013157894736842105
155 363 0.02564102564102564
464 464 0.023255813953488372
95 309 0.034482758620689655
494 190 0.034482758620689655
35 35 0.018867924528301886
344 349 0.05555555555555555
363 155 0.018867924528301886
13 337 0.02702702702702703
390 526 0.02
390 226 0.021739130434782608
37 96 0.010309278350515464
133 165 0.010869565217391304
492 510 0.05263157894736842
577 249 0.008928571428571428
160 685 0.02702702702702703
160 298 0.1111111111111111
249 577 0.2
568 568 0.043478260869565216
81 212 0.009900990099009901
418 473 0.013333333333333334
40 442 0.045454545454545456
81 137 0.012987012987012988
430 5 0.008064516129032258
137 81 0.010869565217391304
133 28 0.010416666666666666
133 340 0.010869565217391304
133 129 0.007194244604316547
133 169 0.010416666666666666
133 367 0.014084507042253521
133 365 0.011111111111111112
427 121 0.006369426751592357
81 685 0.02702702702702703
360 11 0.016129032258064516
142 62 0.00558659217877095
430 166 0.007874015748031496
237 62 0.00558659217877095
125 283 0.008333333333333333
80 286 0.024390243902439025
80 174 0.015384615384615385
62 237 0.043478260869565216
13 278 0.025
122 130 0.027777777777777776
549 81 0.010869565217391304
502 44 0.010869565217391304
502 500 0.05555555555555555
502 503 0.08333333333333333
502 7 0.02040816326530612
502 407 0.045454545454545456
502 504 0.027777777777777776
502 505 0.07692307692307693
502 43 0.09090909090909091
502 358 0.025
64 165 0.010869565217391304
89 165 0.010869565217391304
405 405 0.012048192771084338
577 518 0.015151515151515152
225 225 0.04
80 137 0.012987012987012988
142 571 0.05
393 434 0.006622516556291391
665 137 0.012987012987012988
7 365 0.011111111111111112
139 282 0.009433962264150943
58 82 0.008264462809917356
58 142 0.010101010101010102
282 665 0.045454545454545456
160 342 0.022727272727272728
89 375 0.018867924528301886
95 214 0.02
357 112 0.058823529411764705
526 199 0.02631578947368421
7 546 0.0136986301369863
288 756 0.058823529411764705
121 186 0.05
5 430 0.024390243902439025
293 506 0.0196078431372549
64 644 0.08333333333333333
64 528 0.1111111111111111
160 249 0.008928571428571428
269 301 0.008620689655172414
186 82 0.008264462809917356
172 523 0.0625
223 106 0.0078125
199 526 0.02
2 160 0.0047169811320754715
223 366 0.011627906976744186
28 27 0.0196078431372549
85 1 0.0196078431372549
640 98 0.043478260869565216
452 360 0.03571428571428571
452 161 0.02857142857142857
452 7 0.02040816326530612
452 570 0.0625
60 388 0.043478260869565216
60 394 0.03333333333333333
182 602 0.05
2 286 0.024390243902439025
301 269 0.014492753623188406
249 162 0.0196078431372549
62 342 0.022727272727272728
417 485 0.037037037037037035
380 14 0.01818181818181818
162 249 0.008928571428571428
409 128 0.007575757575757576
409 450 0.018867924528301886
265 265 0.03225806451612903
83 288 0.03571428571428571
283 125 0.05
160 89 0.017543859649122806
189 533 0.011764705882352941
282 139 0.027777777777777776
434 441 0.022727272727272728
434 28 0.010416666666666666
434 362 0.016129032258064516
434 165 0.010869565217391304
434 169 0.010416666666666666
44 434 0.006622516556291391
214 157 0.018518518518518517
10 728 0.0625
201 62 0.00558659217877095
523 172 0.014285714285714285
485 417 0.018867924528301886
199 776 0.04
803 54 0.023809523809523808
83 152 0.016666666666666666
83 256 0.00847457627118644
83 518 0.015151515151515152
54 803 0.0625
535 482 0.02857142857142857
535 340 0.010869565217391304
105 41 0.015151515151515152
41 105 0.008695652173913044
160 68 0.02564102564102564
212 83 0.011627906976744186
588 29 0.020833333333333332
218 199 0.02631578947368421
381 377 0.011363636363636364
15 216 0.038461538461538464
482 78 0.043478260869565216
199 218 0.023255813953488372
54 63 0.009615384615384616
521 217 0.06666666666666667
681 343 0.05
482 535 0.1111111111111111
129 275 0.04
343 681 0.05
602 182 0.03571428571428571
231 624 0.09090909090909091
41 215 0.013333333333333334
41 434 0.006622516556291391
160 63 0.009615384615384616
308 396 0.07142857142857142
288 431 0.043478260869565216
212 288 0.03571428571428571
62 147 0.02702702702702703
275 129 0.007194244604316547
275 178 0.034482758620689655
15 162 0.0196078431372549
730 107 0.005917159763313609
81 365 0.011111111111111112
541 215 0.013333333333333334
258 142 0.010101010101010102
562 426 0.021739130434782608
62 80 0.01639344262295082
58 612 0.02127659574468085
409 35 0.018867924528301886
215 541 0.07142857142857142
681 681 0.05
28 133 0.0136986301369863
28 340 0.010869565217391304
28 129 0.007194244604316547
114 128 0.007575757575757576
187 667 0.03571428571428571
187 473 0.013333333333333334
187 550 0.04
187 80 0.01639344262295082
187 663 0.05263157894736842
187 549 0.023809523809523808
187 69 0.024390243902439025
187 418 0.034482758620689655
187 184 0.013888888888888888
187 679 0.05263157894736842
187 710 0.05263157894736842
183 152 0.016666666666666666
183 518 0.015151515151515152
128 133 0.0136986301369863
128 340 0.010869565217391304
128 169 0.010416666666666666
128 367 0.014084507042253521
223 166 0.007874015748031496
129 346 0.041666666666666664
44 405 0.012048192771084338
63 54 0.023809523809523808
128 63 0.009615384615384616
550 187 0.02564102564102564
339 116 0.014705882352941176
152 183 0.006993006993006993
105 115 0.009900990099009901
494 466 0.027777777777777776
494 197 0.030303030303030304
597 695 0.09090909090909091
597 597 0.07142857142857142
367 128 0.007575757575757576
367 133 0.0136986301369863
367 340 0.010869565217391304
367 129 0.007194244604316547
147 254 0.034482758620689655
86 125 0.05
47 129 0.007194244604316547
0 250 0.03333333333333333
0 148 0.07142857142857142
550 19 0.016129032258064516
62 478 0.037037037037037035
113 478 0.037037037037037035
444 47 0.02127659574468085
307 307 0.08333333333333333
307 347 0.041666666666666664
58 533 0.011764705882352941
132 160 0.0047169811320754715
748 160 0.0047169811320754715
21 21 0.009009009009009009
282 77 0.05555555555555555
426 280 0.009615384615384616
129 47 0.02127659574468085
478 62 0.00558659217877095
478 113 0.013513513513513514
549 549 0.023809523809523808
529 11 0.016129032258064516
160 481 0.02564102564102564
212 363 0.02564102564102564
312 225 0.04
231 284 0.02857142857142857
209 155 0.018867924528301886
466 359 0.05
184 549 0.023809523809523808
356 108 0.02702702702702703
249 530 0.125
363 518 0.015151515151515152
272 269 0.014492753623188406
155 209 0.016666666666666666
250 0 0.03125
30 29 0.020833333333333332
45 107 0.005917159763313609
459 268 0.034482758620689655
19 550 0.04
87 13 0.01639344262295082
113 338 0.019230769230769232
187 166 0.007874015748031496
549 106 0.0078125
151 151 0.023809523809523808
681 350 0.05
294 342 0.022727272727272728
294 214 0.02
434 63 0.009615384615384616
286 2 0.012987012987012988
405 108 0.02702702702702703
405 87 0.009174311926605505
160 356 0.02127659574468085
31 37 0.045454545454545456
486 278 0.025
356 160 0.0047169811320754715
62 377 0.011363636363636364
550 106 0.0078125
106 549 0.023809523809523808
58 481 0.02564102564102564
458 397 0.029411764705882353
356 474 0.01639344262295082
562 457 0.04
160 132 0.019230769230769232
58 518 0.015151515151515152
405 16 0.014705882352941176
549 473 0.013333333333333334
58 412 0.016666666666666666
481 4 0.013513513513513514
481 2 0.012987012987012988
166 187 0.02564102564102564
498 608 0.043478260869565216
412 58 0.009708737864077669
226 340 0.010869565217391304
5 89 0.017543859649122806
280 172 0.014285714285714285
281 194 0.023809523809523808
281 195 0.034482758620689655
5 726 0.1111111111111111
93 64 0.007352941176470588
74 282 0.009433962264150943
80 187 0.02564102564102564
551 509 0.02127659574468085
69 551 0.08333333333333333
473 418 0.034482758620689655
129 405 0.012048192771084338
295 107 0.005917159763313609
170 151 0.023809523809523808
108 64 0.007352941176470588
730 5 0.008064516129032258
528 644 0.08333333333333333
588 23 0.014705882352941176
357 478 0.037037037037037035
284 734 0.07692307692307693
284 1 0.0196078431372549
284 296 0.014285714285714285
665 174 0.015384615384615385
47 547 0.034482758620689655
329 495 0.02040816326530612
329 371 0.013157894736842105
329 211 0.00847457627118644
329 63 0.009615384615384616
329 169 0.010416666666666666
329 46 0.014705882352941176
169 329 0.011764705882352941
169 371 0.013157894736842105
169 211 0.00847457627118644
169 63 0.009615384615384616
169 46 0.014705882352941176
223 215 0.013333333333333334
114 211 0.00847457627118644
38 339 0.025
106 550 0.04
8 44 0.010869565217391304
262 122 0.047619047619047616
11 64 0.007352941176470588
160 482 0.02857142857142857
754 720 0.0625
754 608 0.043478260869565216
754 555 0.06666666666666667
754 565 0.125
754 324 0.07142857142857142
754 266 0.043478260869565216
754 11 0.016129032258064516
754 804 0.08333333333333333
455 115 0.009900990099009901
314 225 0.04
187 365 0.011111111111111112
160 78 0.043478260869565216
280 41 0.015151515151515152
333 152 0.016666666666666666
249 518 0.015151515151515152
160 345 0.043478260869565216
35 301 0.008620689655172414
554 340 0.010869565217391304
41 14 0.01818181818181818
64 11 0.016129032258064516
62 295 0.01818181818181818
152 333 0.010638297872340425
293 530 0.125
58 160 0.0047169811320754715
246 266 0.043478260869565216
16 518 0.015151515151515152
11 754 0.045454545454545456
54 520 0.020833333333333332
215 316 0.02631578947368421
226 371 0.013157894736842105
226 114 0.009174311926605505
226 128 0.007575757575757576
272 462 0.04
46 329 0.011764705882352941
46 495 0.02040816326530612
46 114 0.009174311926605505
46 169 0.010416666666666666
283 518 0.015151515151515152
44 499 0.02564102564102564
44 501 0.07142857142857142
44 805 0.25
44 502 0.05555555555555555
44 503 0.08333333333333333
44 7 0.02040816326530612
44 729 0.125
44 504 0.027777777777777776
44 332 0.05555555555555555
283 162 0.0196078431372549
226 256 0.00847457627118644
226 365 0.011111111111111112
177 60 0.02564102564102564
11 7 0.02040816326530612
5 495 0.02040816326530612
5 730 0.1111111111111111
516 192 0.05263157894736842
165 170 0.011494252873563218
773 405 0.012048192771084338
143 90 0.041666666666666664
192 58 0.009708737864077669
143 93 0.0196078431372549
2 57 0.018518518518518517
266 804 0.08333333333333333
339 38 0.034482758620689655
89 552 0.027777777777777776
169 734 0.07692307692307693
17 82 0.008264462809917356
86 264 0.037037037037037035
66 64 0.007352941176470588
45 428 0.043478260869565216
427 166 0.007874015748031496
424 269 0.014492753623188406
424 233 0.022222222222222223
427 655 0.038461538461538464
424 87 0.009174311926605505
115 366 0.011627906976744186
97 97 0.047619047619047616
282 10 0.024390243902439025
549 64 0.007352941176470588
377 62 0.00558659217877095
223 282 0.009433962264150943
99 101 0.04
549 215 0.013333333333333334
15 164 0.02564102564102564
129 543 0.030303030303030304
284 6 0.010752688172043012
141 729 0.125
361 361 0.02127659574468085
281 286 0.024390243902439025
358 573 0.058823529411764705
210 174 0.015384615384615385
162 58 0.009708737864077669
495 526 0.02
495 296 0.014285714285714285
495 250 0.03333333333333333
495 60 0.02564102564102564
409 225 0.04
409 29 0.020833333333333332
83 492 0.043478260869565216
58 145 0.02127659574468085
375 679 0.05263157894736842
389 157 0.018518518518518517
61 179 0.02040816326530612
6 284 0.02857142857142857
160 184 0.013888888888888888
543 576 0.05263157894736842
160 189 0.01639344262295082
409 305 0.019230769230769232
31 424 0.011111111111111112
424 196 0.043478260869565216
424 612 0.02127659574468085
245 326 0.02702702702702703
305 411 0.013513513513513514
424 493 0.0136986301369863
229 31 0.02564102564102564
434 83 0.011627906976744186
424 31 0.02564102564102564
108 300 0.025
272 164 0.02564102564102564
212 404 0.01639344262295082
46 16 0.014705882352941176
404 615 0.025
187 405 0.012048192771084338
450 543 0.030303030303030304
57 2 0.012987012987012988
448 428 0.043478260869565216
265 213 0.027777777777777776
377 172 0.014285714285714285
132 481 0.02564102564102564
63 160 0.0047169811320754715
132 54 0.023809523809523808
377 764 0.1111111111111111
339 337 0.02702702702702703
339 151 0.023809523809523808
339 443 0.023809523809523808
339 30 0.01818181818181818
339 32 0.03125
339 725 0.08333333333333333
339 261 0.023255813953488372
339 245 0.02127659574468085
339 34 0.043478260869565216
339 35 0.018867924528301886
339 336 0.03125
339 136 0.037037037037037035
339 338 0.019230769230769232
339 39 0.030303030303030304
339 171 0.02564102564102564
339 40 0.020833333333333332
339 135 0.02857142857142857
24 29 0.020833333333333332
497 340 0.010869565217391304
304 88 0.03333333333333333
249 63 0.009615384615384616
189 5 0.008064516129032258
358 499 0.02564102564102564
358 500 0.05555555555555555
358 805 0.25
358 502 0.05555555555555555
358 503 0.08333333333333333
358 7 0.02040816326530612
358 407 0.045454545454545456
358 729 0.125
358 504 0.027777777777777776
358 505 0.07692307692307693
358 332 0.05555555555555555
358 358 0.025
142 19 0.016129032258064516
340 497 0.0625
342 377 0.011363636363636364
40 135 0.02857142857142857
54 208 0.019230769230769232
135 40 0.020833333333333332
481 132 0.019230769230769232
470 119 0.07692307692307693
2 132 0.019230769230769232
531 531 0.021739130434782608
45 445 0.041666666666666664
291 346 0.041666666666666664
426 133 0.0136986301369863
79 78 0.043478260869565216
131 282 0.009433962264150943
342 191 0.02127659574468085
141 452 0.034482758620689655
282 131 0.021739130434782608
142 226 0.021739130434782608
64 305 0.019230769230769232
265 407 0.045454545454545456
282 531 0.021739130434782608
329 329 0.011764705882352941
24 30 0.01818181818181818
64 290 0.014925373134328358
427 82 0.008264462809917356
344 176 0.04
640 114 0.009174311926605505
543 450 0.018867924528301886
82 151 0.023809523809523808
82 427 0.02127659574468085
89 806 0.2
523 464 0.023255813953488372
236 132 0.019230769230769232
63 164 0.02564102564102564
464 523 0.0625
318 333 0.010638297872340425
158 132 0.019230769230769232
47 263 0.02127659574468085
114 640 0.058823529411764705
404 254 0.034482758620689655
132 158 0.023255813953488372
409 135 0.02857142857142857
609 24 0.038461538461538464
531 420 0.009174311926605505
74 745 0.2
62 233 0.022222222222222223
160 468 0.047619047619047616
285 411 0.013513513513513514
540 184 0.013888888888888888
84 166 0.007874015748031496
226 142 0.010101010101010102
226 62 0.00558659217877095
493 526 0.02
493 292 0.029411764705882353
7 451 0.125
331 358 0.025
140 216 0.038461538461538464
303 88 0.03333333333333333
331 19 0.016129032258064516
745 74 0.013157894736842105
745 221 0.018518518518518517
160 224 0.1
331 362 0.016129032258064516
19 331 0.05263157894736842
526 493 0.0136986301369863
331 222 0.017857142857142856
154 647 0.09090909090909091
3 195 0.034482758620689655
352 347 0.041666666666666664
62 730 0.1111111111111111
21 41 0.015151515151515152
338 318 0.02
200 498 0.01639344262295082
200 65 0.025
232 320 0.025
107 80 0.01639344262295082
367 160 0.0047169811320754715
189 21 0.009009009009009009
189 20 0.015625
373 282 0.009433962264150943
189 1 0.0196078431372549
189 377 0.011363636363636364
62 210 0.012987012987012988
80 107 0.005917159763313609
80 189 0.01639344262295082
401 714 0.043478260869565216
170 5 0.008064516129032258
5 807 0.16666666666666666
5 189 0.01639344262295082
135 409 0.03333333333333333
128 95 0.02702702702702703
258 421 0.020833333333333332
339 115 0.009900990099009901
615 404 0.01639344262295082
69 189 0.01639344262295082
145 615 0.025
199 377 0.011363636363636364
320 232 0.012987012987012988
138 2 0.012987012987012988
372 32 0.03125
68 160 0.0047169811320754715
170 62 0.00558659217877095
518 283 0.008333333333333333
518 152 0.016666666666666666
518 256 0.00847457627118644
518 492 0.043478260869565216
377 199 0.02631578947368421
76 444 0.04
76 423 0.03125
360 360 0.03571428571428571
285 89 0.017543859649122806
285 88 0.03333333333333333
58 194 0.023809523809523808
413 143 0.022222222222222223
190 86 0.006493506493506494
63 324 0.07142857142857142
283 174 0.015384615384615385
162 2 0.012987012987012988
388 104 0.03125
16 80 0.01639344262295082
474 112 0.058823529411764705
56 718 0.16666666666666666
143 290 0.014925373134328358
331 764 0.1111111111111111
434 62 0.00558659217877095
143 413 0.041666666666666664
46 461 0.0625
331 225 0.04
461 46 0.014705882352941176
166 84 0.020833333333333332
546 513 0.024390243902439025
265 360 0.03571428571428571
331 223 0.024390243902439025
360 265 0.03225806451612903
160 278 0.025
160 129 0.007194244604316547
32 27 0.0196078431372549
498 200 0.029411764705882353
450 64 0.007352941176470588
331 464 0.023255813953488372
269 461 0.0625
331 295 0.01818181818181818
215 60 0.02564102564102564
461 269 0.014492753623188406
464 331 0.05263157894736842
147 546 0.0136986301369863
340 160 0.0047169811320754715
87 189 0.01639344262295082
331 328 0.0625
211 56 0.02564102564102564
89 285 0.014705882352941176
282 223 0.024390243902439025
184 115 0.009900990099009901
331 260 0.05263157894736842
107 19 0.016129032258064516
115 184 0.013888888888888888
331 29 0.020833333333333332
223 331 0.05263157894736842
56 211 0.00847457627118644
345 130 0.027777777777777776
533 515 0.02564102564102564
147 366 0.011627906976744186
562 401 0.03125
360 569 0.034482758620689655
3 520 0.020833333333333332
410 62 0.00558659217877095
44 141 0.014705882352941176
481 138 0.034482758620689655
238 210 0.012987012987012988
104 388 0.043478260869565216
169 133 0.0136986301369863
44 8 0.029411764705882353
191 528 0.1111111111111111
563 14 0.01818181818181818
29 331 0.05263157894736842
172 181 0.022222222222222223
290 143 0.022222222222222223
57 56 0.02564102564102564
57 59 0.021739130434782608
172 526 0.02
515 413 0.041666666666666664
528 191 0.02127659574468085
260 331 0.05263157894736842
64 282 0.009433962264150943
786 786 0.2
222 17 0.01639344262295082
96 325 0.038461538461538464
477 90 0.041666666666666664
131 211 0.00847457627118644
452 9 0.037037037037037035
325 96 0.010309278350515464
209 494 0.0125
533 457 0.04
177 381 0.037037037037037035
493 426 0.021739130434782608
533 498 0.01639344262295082
389 385 0.047619047619047616
389 390 0.034482758620689655
338 32 0.03125
107 180 0.014705882352941176
366 147 0.02702702702702703
397 181 0.022222222222222223
590 30 0.01818181818181818
17 615 0.025
65 493 0.0136986301369863
114 107 0.005917159763313609
546 147 0.02702702702702703
340 83 0.011627906976744186
526 172 0.014285714285714285
489 256 0.00847457627118644
30 151 0.023809523809523808
229 114 0.009174311926605505
172 714 0.043478260869565216
141 12 0.021739130434782608
122 656 0.09090909090909091
114 229 0.037037037037037035
290 280 0.009615384615384616
225 409 0.03333333333333333
520 54 0.023809523809523808
225 331 0.05263157894736842
563 484 0.05263157894736842
363 208 0.019230769230769232
172 468 0.047619047619047616
151 261 0.023255813953488372
318 338 0.019230769230769232
520 571 0.05
590 35 0.018867924528301886
83 340 0.010869565217391304
116 123 0.03333333333333333
250 1 0.0196078431372549
250 495 0.02040816326530612
250 526 0.02
250 296 0.014285714285714285
250 351 0.023255813953488372
250 60 0.02564102564102564
62 44 0.010869565217391304
409 272 0.024390243902439025
9 44 0.010869565217391304
44 62 0.00558659217877095
5 170 0.011494252873563218
381 178 0.034482758620689655
370 427 0.02127659574468085
370 115 0.009900990099009901
370 39 0.030303030303030304
160 340 0.010869565217391304
350 342 0.022727272727272728
123 116 0.014705882352941176
86 166 0.007874015748031496
294 526 0.02
385 389 0.029411764705882353
249 327 0.034482758620689655
526 294 0.045454545454545456
102 102 0.0625
401 562 0.038461538461538464
272 409 0.03333333333333333
190 459 0.015384615384615385
199 296 0.014285714285714285
324 63 0.009615384615384616
6 170 0.011494252873563218
377 189 0.01639344262295082
19 510 0.05263157894736842
19 555 0.06666666666666667
19 504 0.027777777777777776
19 754 0.045454545454545456
342 199 0.02631578947368421
342 167 0.02040816326530612
482 48 0.021739130434782608
199 342 0.022727272727272728
229 39 0.030303030303030304
674 510 0.05263157894736842
338 485 0.037037037037037035
305 56 0.02564102564102564
493 65 0.025
639 639 0.16666666666666666
56 305 0.019230769230769232
808 808 1.0
278 611 0.04
17 160 0.0047169811320754715
409 448 0.030303030303030304
44 569 0.034482758620689655
17 154 0.02631578947368421
282 20 0.015625
284 257 0.0625
299 473 0.013333333333333334
254 445 0.041666666666666664
178 350 0.05
160 520 0.020833333333333332
776 199 0.02631578947368421
288 613 0.125
485 263 0.02127659574468085
485 444 0.04
485 245 0.02127659574468085
550 549 0.023809523809523808
84 549 0.023809523809523808
84 624 0.09090909090909091
84 422 0.03225806451612903
84 160 0.0047169811320754715
84 48 0.021739130434782608
84 485 0.037037037037037035
371 518 0.015151515151515152
149 157 0.018518518518518517
141 421 0.020833333333333332
5 408 0.02631578947368421
5 286 0.024390243902439025
726 1 0.0196078431372549
726 189 0.01639344262295082
726 316 0.02631578947368421
406 699 0.045454545454545456
21 183 0.006993006993006993
63 249 0.008928571428571428
137 211 0.00847457627118644
24 609 0.2
133 168 0.015873015873015872
401 44 0.010869565217391304
401 362 0.016129032258064516
401 256 0.00847457627118644
401 129 0.007194244604316547
401 365 0.011111111111111112
183 21 0.009009009009009009
281 571 0.05
296 107 0.005917159763313609
329 80 0.01639344262295082
329 286 0.024390243902439025
81 225 0.04
489 771 0.125
352 214 0.02
184 301 0.008620689655172414
557 581 0.037037037037037035
494 106 0.0078125
494 81 0.010869565217391304
494 480 0.029411764705882353
155 351 0.023255813953488372
155 46 0.014705882352941176
107 184 0.013888888888888888
428 164 0.02564102564102564
481 160 0.0047169811320754715
425 513 0.024390243902439025
351 155 0.018867924528301886
474 301 0.008620689655172414
273 429 0.03333333333333333
301 474 0.01639344262295082
160 294 0.045454545454545456
164 428 0.043478260869565216
493 62 0.00558659217877095
282 41 0.015151515151515152
405 187 0.02564102564102564
444 423 0.03125
751 51 0.016129032258064516
215 221 0.018518518518518517
158 319 0.09090909090909091
158 235 0.05555555555555555
158 236 0.020833333333333332
158 243 0.021739130434782608
158 244 0.037037037037037035
173 723 0.09090909090909091
62 749 0.2
86 222 0.017857142857142856
243 158 0.023255813953488372
430 8 0.029411764705882353
0 73 0.04
613 288 0.03571428571428571
268 295 0.01818181818181818
373 420 0.009174311926605505
577 283 0.008333333333333333
441 87 0.009174311926605505
82 186 0.05
685 305 0.019230769230769232
160 368 0.022222222222222223
409 2 0.012987012987012988
65 325 0.038461538461538464
295 331 0.05263157894736842
295 268 0.034482758620689655
282 160 0.0047169811320754715
250 160 0.0047169811320754715
494 494 0.0125
114 338 0.019230769230769232
285 809 0.022727272727272728
809 285 0.014705882352941176
80 329 0.011764705882352941
371 62 0.00558659217877095
314 184 0.013888888888888888
59 132 0.019230769230769232
533 25 0.03125
533 32 0.03125
300 444 0.04
569 707 0.029411764705882353
776 41 0.015151515151515152
123 96 0.010309278350515464
441 105 0.008695652173913044
612 612 0.02127659574468085
321 810 0.3333333333333333
105 441 0.022727272727272728
169 64 0.007352941176470588
102 101 0.04
407 7 0.02040816326530612
107 371 0.013157894736842105
128 155 0.018867924528301886
5 283 0.008333333333333333
535 10 0.024390243902439025
535 728 0.0625
301 321 0.02702702702702703
375 424 0.011111111111111112
12 8 0.029411764705882353
447 579 0.0625
38 722 0.25
366 474 0.01639344262295082
555 754 0.045454545454545456
265 498 0.01639344262295082
46 155 0.018867924528301886
86 280 0.009615384615384616
86 95 0.02702702702702703
413 515 0.02564102564102564
77 581 0.037037037037037035
77 557 0.06666666666666667
77 445 0.041666666666666664
77 497 0.0625
77 531 0.021739130434782608
77 811 0.2
77 539 0.14285714285714285
123 455 0.0196078431372549
310 317 0.05263157894736842
411 282 0.009433962264150943
455 123 0.03333333333333333
183 107 0.005917159763313609
373 180 0.014705882352941176
7 11 0.016129032258064516
215 549 0.023809523809523808
7 360 0.03571428571428571
7 213 0.027777777777777776
7 525 0.029411764705882353
685 298 0.1111111111111111
491 378 0.041666666666666664
160 142 0.010101010101010102
314 418 0.034482758620689655
328 331 0.05263157894736842
666 7 0.02040816326530612
283 152 0.016666666666666666
283 492 0.043478260869565216
362 331 0.05263157894736842
776 94 0.02702702702702703
74 459 0.015384615384615385
183 108 0.02702702702702703
466 374 0.1111111111111111
160 44 0.010869565217391304
429 6 0.010752688172043012
424 375 0.018867924528301886
597 301 0.008620689655172414
269 429 0.03333333333333333
261 28 0.010416666666666666
48 37 0.045454545454545456
409 443 0.023809523809523808
81 494 0.0125
734 177 0.024390243902439025
608 566 0.0625
73 358 0.025
358 73 0.04
131 58 0.009708737864077669
29 409 0.03333333333333333
57 138 0.034482758620689655
138 57 0.018518518518518517
358 331 0.05263157894736842
160 270 0.08333333333333333
160 611 0.04
160 486 0.022727272727272728
91 143 0.022222222222222223
91 356 0.02127659574468085
91 108 0.02702702702702703
91 328 0.0625
91 357 0.023809523809523808
570 265 0.03225806451612903
237 319 0.09090909090909091
498 265 0.03225806451612903
145 160 0.0047169811320754715
58 131 0.021739130434782608
9 529 0.03125
698 809 0.022727272727272728
698 552 0.027777777777777776
5 132 0.019230769230769232
429 15 0.022222222222222223
108 183 0.006993006993006993
181 379 0.029411764705882353
181 380 0.030303030303030304
181 376 0.027777777777777776
181 385 0.047619047619047616
181 386 0.125
181 389 0.029411764705882353
181 395 0.027777777777777776
181 397 0.029411764705882353
181 368 0.022222222222222223
620 290 0.014925373134328358
22 686 0.125
461 461 0.0625
164 535 0.1111111111111111
316 17 0.01639344262295082
164 446 0.045454545454545456
360 7 0.02040816326530612
809 698 0.041666666666666664
495 46 0.014705882352941176
156 377 0.011363636363636364
83 296 0.014285714285714285
83 393 0.015151515151515152
177 331 0.05263157894736842
411 194 0.023809523809523808
231 621 0.07692307692307693
13 590 0.03571428571428571
169 81 0.010869565217391304
7 5 0.008064516129032258
214 191 0.02127659574468085
35 25 0.03125
35 26 0.03333333333333333
35 31 0.02564102564102564
35 32 0.03125
35 590 0.03571428571428571
35 36 0.023255813953488372
35 37 0.045454545454545456
35 38 0.034482758620689655
35 40 0.020833333333333332
35 588 0.045454545454545456
445 557 0.06666666666666667
167 196 0.043478260869565216
83 13 0.01639344262295082
256 105 0.008695652173913044
160 375 0.018867924528301886
809 412 0.016666666666666666
106 74 0.013157894736842105
106 221 0.018518518518518517
441 569 0.034482758620689655
64 169 0.010416666666666666
572 350 0.05
180 157 0.018518518518518517
86 190 0.034482758620689655
83 96 0.010309278350515464
434 296 0.014285714285714285
134 133 0.0136986301369863
569 569 0.034482758620689655
118 13 0.01639344262295082
141 51 0.016129032258064516
211 636 0.5
590 13 0.01639344262295082
160 296 0.014285714285714285
290 99 0.043478260869565216
160 183 0.006993006993006993
160 681 0.05
160 509 0.02127659574468085
486 611 0.04
69 160 0.0047169811320754715
160 69 0.024390243902439025
198 165 0.010869565217391304
504 8 0.029411764705882353
184 314 0.03125
290 694 0.14285714285714285
569 441 0.022727272727272728
621 278 0.025
803 412 0.016666666666666666
160 388 0.043478260869565216
131 96 0.010309278350515464
225 283 0.008333333333333333
15 760 0.25
81 299 0.047619047619047616
213 7 0.02040816326530612
409 38 0.034482758620689655
409 428 0.043478260869565216
132 5 0.008064516129032258
531 114 0.009174311926605505
283 420 0.009174311926605505
566 11 0.016129032258064516
62 748 0.047619047619047616
17 282 0.009433962264150943
86 18 0.021739130434782608
30 27 0.0196078431372549
325 82 0.008264462809917356
82 325 0.038461538461538464
9 573 0.058823529411764705
286 532 0.05
12 160 0.0047169811320754715
299 146 0.07142857142857142
170 28 0.010416666666666666
238 64 0.007352941176470588
459 190 0.034482758620689655
64 238 0.027777777777777776
143 108 0.02702702702702703
434 16 0.014705882352941176
12 441 0.022727272727272728
295 276 0.1111111111111111
295 162 0.0196078431372549
146 299 0.047619047619047616
466 441 0.022727272727272728
409 590 0.03571428571428571
206 196 0.043478260869565216
28 170 0.011494252873563218
16 434 0.006622516556291391
147 301 0.008620689655172414
726 5 0.008064516129032258
142 115 0.009900990099009901
301 147 0.02702702702702703
809 738 0.03125
419 340 0.010869565217391304
9 9 0.037037037037037035
58 738 0.03125
738 58 0.009708737864077669
206 203 0.02564102564102564
162 295 0.01818181818181818
411 809 0.022727272727272728
387 229 0.037037037037037035
102 405 0.012048192771084338
38 86 0.006493506493506494
168 434 0.006622516556291391
562 200 0.029411764705882353
229 387 0.043478260869565216
84 432 0.14285714285714285
226 313 0.058823529411764705
145 434 0.006622516556291391
257 284 0.02857142857142857
715 21 0.009009009009009009
346 346 0.041666666666666664
307 588 0.045454545454545456
44 573 0.058823529411764705
170 35 0.018867924528301886
183 493 0.0136986301369863
405 256 0.00847457627118644
211 106 0.0078125
62 129 0.007194244604316547
128 405 0.012048192771084338
482 47 0.02127659574468085
35 170 0.011494252873563218
229 30 0.01818181818181818
47 482 0.02857142857142857
170 261 0.023255813953488372
36 438 0.013157894736842105
248 366 0.011627906976744186
438 36 0.023255813953488372
13 481 0.02564102564102564
254 285 0.014705882352941176
172 168 0.015873015873015872
118 20 0.015625
615 546 0.0136986301369863
333 527 0.06666666666666667
333 547 0.034482758620689655
333 171 0.02564102564102564
621 401 0.03125
685 81 0.010869565217391304
191 64 0.007352941176470588
107 282 0.009433962264150943
107 704 0.5
180 434 0.006622516556291391
86 720 0.0625
481 13 0.01639344262295082
48 115 0.009900990099009901
48 427 0.02127659574468085
48 151 0.023809523809523808
48 367 0.014084507042253521
107 375 0.018867924528301886
655 301 0.008620689655172414
338 434 0.006622516556291391
301 655 0.038461538461538464
106 211 0.00847457627118644
21 400 0.034482758620689655
160 541 0.07142857142857142
405 288 0.03571428571428571
541 160 0.0047169811320754715
129 176 0.04
415 86 0.006493506493506494
160 201 0.023255813953488372
434 338 0.019230769230769232
493 460 0.022727272727272728
272 448 0.030303030303030304
74 85 0.02857142857142857
115 548 0.05
211 809 0.022727272727272728
74 307 0.08333333333333333
455 444 0.04
13 135 0.02857142857142857
283 577 0.2
167 206 0.022727272727272728
373 253 0.043478260869565216
457 562 0.038461538461538464
174 283 0.008333333333333333
307 74 0.013157894736842105
305 685 0.02702702702702703
83 81 0.010869565217391304
253 373 0.043478260869565216
103 179 0.02040816326530612
366 184 0.013888888888888888
86 415 0.3333333333333333
91 258 0.03125
129 198 0.05263157894736842
13 113 0.013513513513513514
568 256 0.00847457627118644
197 86 0.006493506493506494
499 264 0.037037037037037035
264 499 0.02564102564102564
300 126 0.03571428571428571
405 64 0.007352941176470588
370 226 0.021739130434782608
314 221 0.018518518518518517
152 518 0.015151515151515152
264 804 0.08333333333333333
283 221 0.018518518518518517
685 665 0.045454545454545456
200 562 0.038461538461538464
96 131 0.021739130434782608
373 571 0.05
405 283 0.008333333333333333
453 62 0.00558659217877095
411 283 0.008333333333333333
681 342 0.022727272727272728
499 141 0.014705882352941176
283 405 0.012048192771084338
308 129 0.007194244604316547
83 318 0.02
83 114 0.009174311926605505
412 809 0.022727272727272728
412 803 0.0625
6 429 0.03333333333333333
6 430 0.024390243902439025
725 370 0.07142857142857142
725 245 0.02127659574468085
2 409 0.03333333333333333
377 149 0.041666666666666664
18 86 0.006493506493506494
632 719 0.08333333333333333
143 91 0.037037037037037035
290 424 0.011111111111111112
4 283 0.008333333333333333
427 48 0.021739130434782608
427 427 0.02127659574468085
720 86 0.006493506493506494
551 299 0.047619047619047616
460 615 0.025
473 509 0.02127659574468085
16 290 0.014925373134328358
299 551 0.08333333333333333
101 404 0.01639344262295082
461 735 0.16666666666666666
233 63 0.009615384615384616
233 474 0.01639344262295082
13 812 0.022727272727272728
360 19 0.016129032258064516
283 4 0.013513513513513514
460 518 0.015151515151515152
240 237 0.043478260869565216
283 411 0.013513513513513514
174 59 0.021739130434782608
233 124 0.030303030303030304
233 58 0.009708737864077669
233 101 0.04
665 685 0.02702702702702703
41 256 0.00847457627118644
41 249 0.008928571428571428
738 208 0.019230769230769232
169 434 0.006622516556291391
400 21 0.009009009009009009
355 16 0.014705882352941176
355 142 0.010101010101010102
518 559 0.16666666666666666
518 355 0.024390243902439025
126 58 0.009708737864077669
434 518 0.015151515151515152
282 233 0.022222222222222223
282 393 0.015151515151515152
282 105 0.008695652173913044
272 45 0.02631578947368421
150 397 0.029411764705882353
12 739 0.16666666666666666
225 221 0.018518518518518517
98 125 0.05
112 112 0.058823529411764705
105 17 0.01639344262295082
357 91 0.037037037037037035
572 572 0.045454545454545456
373 115 0.009900990099009901
115 373 0.043478260869565216
518 434 0.006622516556291391
129 308 0.02857142857142857
243 411 0.013513513513513514
116 464 0.023255813953488372
116 151 0.023809523809523808
116 113 0.013513513513513514
116 329 0.011764705882352941
116 443 0.023809523809523808
116 29 0.020833333333333332
116 30 0.01818181818181818
116 128 0.007575757575757576
116 280 0.009615384615384616
116 32 0.03125
116 725 0.08333333333333333
116 34 0.043478260869565216
116 35 0.018867924528301886
116 437 0.038461538461538464
116 340 0.010869565217391304
116 39 0.030303030303030304
116 171 0.02564102564102564
116 40 0.020833333333333332
116 207 0.034482758620689655
809 411 0.013513513513513514
64 170 0.011494252873563218
64 168 0.015873015873015872
434 288 0.03571428571428571
686 22 0.07692307692307693
201 200 0.029411764705882353
305 809 0.022727272727272728
288 434 0.006622516556291391
809 305 0.019230769230769232
160 232 0.012987012987012988
419 74 0.013157894736842105
423 438 0.013157894736842105
137 665 0.045454545454545456
498 421 0.020833333333333332
498 529 0.03125
305 64 0.007352941176470588
4 301 0.008620689655172414
329 652 0.25
96 123 0.03333333333333333
4 192 0.05263157894736842
641 669 0.16666666666666666
494 504 0.027777777777777776
12 264 0.037037037037037035
419 211 0.00847457627118644
19 707 0.029411764705882353
125 98 0.043478260869565216
419 495 0.02040816326530612
285 83 0.011627906976744186
200 201 0.023255813953488372
246 608 0.043478260869565216
537 368 0.022222222222222223
537 52 0.05555555555555555
423 303 0.012048192771084338
661 459 0.015384615384615385
641 748 0.047619047619047616
141 499 0.02564102564102564
83 453 0.05
264 12 0.021739130434782608
16 355 0.024390243902439025
314 301 0.008620689655172414
58 303 0.012048192771084338
459 661 0.02564102564102564
132 236 0.020833333333333332
38 409 0.03333333333333333
661 44 0.010869565217391304
652 329 0.011764705882352941
142 367 0.014084507042253521
418 183 0.006993006993006993
418 129 0.007194244604316547
301 4 0.013513513513513514
16 105 0.008695652173913044
300 128 0.007575757575757576
428 274 0.043478260869565216
44 661 0.02564102564102564
813 450 0.018867924528301886
168 426 0.021739130434782608
450 813 0.2
74 419 0.013888888888888888
142 338 0.019230769230769232
224 468 0.047619047619047616
213 141 0.014705882352941176
814 52 0.05555555555555555
191 5 0.008064516129032258
313 17 0.01639344262295082
210 16 0.014705882352941176
515 292 0.029411764705882353
141 213 0.027777777777777776
216 64 0.007352941176470588
24 28 0.010416666666666666
366 226 0.021739130434782608
695 734 0.07692307692307693
418 314 0.03125
20 74 0.013157894736842105
141 14 0.01818181818181818
106 183 0.006993006993006993
695 365 0.011111111111111112
64 216 0.038461538461538464
115 64 0.007352941176470588
168 276 0.1111111111111111
16 210 0.012987012987012988
345 157 0.018518518518518517
211 419 0.013888888888888888
211 586 0.04
211 546 0.0136986301369863
211 434 0.006622516556291391
15 15 0.022222222222222223
210 233 0.022222222222222223
48 492 0.043478260869565216
19 142 0.010101010101010102
13 290 0.014925373134328358
76 245 0.02127659574468085
229 489 0.037037037037037035
93 168 0.015873015873015872
221 215 0.013333333333333334
411 698 0.041666666666666664
411 481 0.02564102564102564
373 166 0.007874015748031496
489 229 0.037037037037037035
481 698 0.041666666666666664
481 411 0.013513513513513514
481 809 0.022727272727272728
74 764 0.1111111111111111
74 308 0.02857142857142857
74 310 0.041666666666666664
74 312 0.047619047619047616
74 313 0.058823529411764705
74 0 0.03125
74 468 0.047619047619047616
226 434 0.006622516556291391
160 562 0.038461538461538464
85 74 0.013157894736842105
478 434 0.006622516556291391
379 308 0.02857142857142857
379 380 0.030303030303030304
379 381 0.037037037037037035
379 61 0.01818181818181818
379 392 0.05263157894736842
379 393 0.015151515151515152
379 320 0.025
379 378 0.041666666666666664
379 103 0.023255813953488372
379 382 0.2
379 181 0.022222222222222223
379 383 0.16666666666666666
379 283 0.008333333333333333
379 385 0.047619047619047616
379 386 0.125
379 387 0.043478260869565216
379 388 0.043478260869565216
379 390 0.034482758620689655
379 391 0.05263157894736842
379 250 0.03333333333333333
379 398 0.25
379 377 0.011363636363636364
379 368 0.022222222222222223
379 104 0.03125
379 321 0.02702702702702703
379 60 0.02564102564102564
379 150 0.03125
748 46 0.014705882352941176
473 213 0.027777777777777776
434 478 0.037037037037037035
498 246 0.08333333333333333
434 64 0.007352941176470588
434 226 0.021739130434782608
411 243 0.021739130434782608
14 141 0.014705882352941176
133 160 0.0047169811320754715
58 809 0.022727272727272728
48 261 0.023255813953488372
48 48 0.021739130434782608
261 48 0.021739130434782608
542 526 0.02
309 42 0.02
309 612 0.02127659574468085
520 58 0.009708737864077669
64 434 0.006622516556291391
201 51 0.016129032258064516
329 477 0.09090909090909091
90 66 0.05
221 283 0.008333333333333333
160 667 0.03571428571428571
371 98 0.043478260869565216
23 438 0.013157894736842105
347 347 0.041666666666666664
455 113 0.013513513513513514
155 145 0.02127659574468085
84 612 0.02127659574468085
356 91 0.037037037037037035
387 378 0.041666666666666664
245 76 0.045454545454545456
404 249 0.008928571428571428
444 245 0.02127659574468085
615 460 0.022727272727272728
141 141 0.014705882352941176
261 151 0.023809523809523808
74 106 0.0078125
303 303 0.012048192771084338
107 494 0.0125
237 158 0.023255813953488372
697 697 0.16666666666666666
568 329 0.011764705882352941
21 518 0.015151515151515152
67 108 0.02702702702702703
492 48 0.021739130434782608
108 67 0.125
5 312 0.047619047619047616
62 518 0.015151515151515152
612 84 0.020833333333333332
58 3 0.016129032258064516
570 700 0.037037037037037035
58 615 0.025
129 515 0.02564102564102564
4 211 0.00847457627118644
4 481 0.02564102564102564
4 305 0.019230769230769232
438 23 0.014705882352941176
515 129 0.007194244604316547
405 356 0.02127659574468085
18 797 0.2
797 18 0.021739130434782608
10 13 0.01639344262295082
392 392 0.05263157894736842
379 64 0.007352941176470588
271 737 0.5
498 267 0.05555555555555555
809 481 0.02564102564102564
214 681 0.05
498 738 0.03125
570 267 0.05555555555555555
200 51 0.016129032258064516
259 21 0.009009009009009009
86 368 0.022222222222222223
250 113 0.013513513513513514
19 674 0.1111111111111111
748 283 0.008333333333333333
236 233 0.022222222222222223
229 721 0.16666666666666666
502 661 0.02564102564102564
356 405 0.012048192771084338
305 4 0.013513513513513514
86 113 0.013513513513513514
86 197 0.030303030303030304
809 58 0.009708737864077669
455 245 0.02127659574468085
113 86 0.006493506493506494
615 615 0.025
205 593 0.02564102564102564
533 94 0.02702702702702703
450 464 0.023255813953488372
450 611 0.04
450 128 0.007575757575757576
450 526 0.02
450 534 0.5
450 544 0.03571428571428571
450 714 0.043478260869565216
685 815 0.07142857142857142
94 533 0.011764705882352941
541 62 0.00558659217877095
714 450 0.018867924528301886
62 159 0.029411764705882353
529 498 0.01639344262295082
10 324 0.07142857142857142
159 62 0.00558659217877095
116 434 0.006622516556291391
64 184 0.013888888888888888
6 102 0.0625
405 362 0.016129032258064516
321 483 0.027777777777777776
434 116 0.014705882352941176
102 6 0.010752688172043012
211 698 0.041666666666666664
179 103 0.023255813953488372
106 462 0.04
358 8 0.029411764705882353
107 450 0.018867924528301886
314 312 0.047619047619047616
314 255 0.022222222222222223
324 10 0.024390243902439025
314 314 0.03125
745 745 0.2
93 27 0.0196078431372549
300 312 0.047619047619047616
300 314 0.03125
329 476 0.14285714285714285
266 141 0.014705882352941176
754 360 0.03571428571428571
429 124 0.030303030303030304
444 114 0.009174311926605505
419 154 0.02631578947368421
237 587 0.07142857142857142
134 74 0.013157894736842105
182 182 0.03571428571428571
141 266 0.043478260869565216
312 221 0.018518518518518517
431 217 0.06666666666666667
412 3 0.016129032258064516
281 301 0.008620689655172414
301 281 0.022222222222222223
107 152 0.016666666666666666
352 681 0.05
28 434 0.006622516556291391
310 221 0.018518518518518517
105 360 0.03571428571428571
124 429 0.03333333333333333
82 165 0.010869565217391304
112 356 0.02127659574468085
813 623 0.1111111111111111
112 91 0.037037037037037035
13 305 0.019230769230769232
13 336 0.03125
13 38 0.034482758620689655
58 685 0.02702702702702703
360 105 0.008695652173913044
226 366 0.011627906976744186
499 498 0.01639344262295082
263 151 0.023809523809523808
263 367 0.014084507042253521
554 29 0.020833333333333332
515 493 0.0136986301369863
569 739 0.16666666666666666
695 405 0.012048192771084338
401 568 0.043478260869565216
12 570 0.0625
242 241 0.05
473 545 0.05263157894736842
405 5 0.008064516129032258
444 444 0.04
5 405 0.012048192771084338
223 221 0.018518518518518517
570 12 0.021739130434782608
105 28 0.010416666666666666
545 473 0.013333333333333334
405 456 0.5
190 189 0.01639344262295082
590 27 0.0196078431372549
107 158 0.023255813953488372
815 685 0.02702702702702703
815 815 0.07142857142857142
6 137 0.012987012987012988
489 365 0.011111111111111112
352 789 0.1
352 206 0.022727272727272728
699 332 0.05555555555555555
529 141 0.014705882352941176
529 466 0.027777777777777776
665 272 0.024390243902439025
419 497 0.0625
419 79 0.02857142857142857
419 445 0.041666666666666664
810 210 0.012987012987012988
498 499 0.02564102564102564
420 83 0.011627906976744186
430 83 0.011627906976744186
223 64 0.007352941176470588
526 542 0.07142857142857142
237 159 0.029411764705882353
237 238 0.027777777777777776
237 241 0.05
237 242 0.03571428571428571
452 499 0.02564102564102564
452 502 0.05555555555555555
10 434 0.006622516556291391
128 346 0.041666666666666664
64 223 0.024390243902439025
428 46 0.014705882352941176
368 321 0.02702702702702703
401 65 0.025
438 423 0.03125
361 455 0.0196078431372549
756 459 0.015384615384615385
58 654 0.02702702702702703
169 455 0.0196078431372549
153 434 0.006622516556291391
337 160 0.0047169811320754715
357 80 0.01639344262295082
231 289 0.125
231 257 0.0625
455 169 0.010416666666666666
495 419 0.013888888888888888
80 357 0.023809523809523808
504 529 0.03125
455 361 0.02127659574468085
85 221 0.018518518518518517
548 1 0.0196078431372549
548 78 0.043478260869565216
548 531 0.021739130434782608
548 340 0.010869565217391304
548 459 0.015384615384615385
157 104 0.03125
548 21 0.009009009009009009
548 405 0.012048192771084338
58 138 0.034482758620689655
548 106 0.0078125
548 256 0.00847457627118644
548 278 0.025
548 203 0.02564102564102564
170 816 0.05555555555555555
548 169 0.010416666666666666
27 93 0.0196078431372549
269 592 0.034482758620689655
810 393 0.015151515151515152
164 748 0.047619047619047616
529 504 0.027777777777777776
216 254 0.034482758620689655
77 212 0.009900990099009901
237 209 0.016666666666666666
748 164 0.02564102564102564
493 817 0.2
303 434 0.006622516556291391
306 173 0.015873015873015872
284 168 0.015873015873015872
79 419 0.013888888888888888
221 314 0.03125
698 211 0.00847457627118644
249 58 0.009708737864077669
325 173 0.015873015873015872
338 113 0.013513513513513514
10 21 0.009009009009009009
152 433 0.05263157894736842
460 249 0.008928571428571428
124 592 0.034482758620689655
569 8 0.029411764705882353
570 8 0.029411764705882353
498 8 0.029411764705882353
28 31 0.02564102564102564
499 8 0.029411764705882353
58 174 0.015384615384615385
172 86 0.006493506493506494
128 434 0.006622516556291391
168 183 0.006993006993006993
741 741 0.2
157 381 0.037037037037037035
157 389 0.029411764705882353
157 392 0.05263157894736842
157 393 0.015151515151515152
157 320 0.025
157 378 0.041666666666666664
157 103 0.023255813953488372
157 382 0.2
157 181 0.022222222222222223
157 383 0.16666666666666666
157 283 0.008333333333333333
157 385 0.047619047619047616
157 386 0.125
157 387 0.043478260869565216
157 390 0.034482758620689655
157 394 0.03333333333333333
157 250 0.03333333333333333
157 398 0.25
157 368 0.022222222222222223
157 60 0.02564102564102564
157 150 0.03125
157 295 0.01818181818181818
157 308 0.02857142857142857
157 391 0.05263157894736842
157 321 0.02702702702702703
181 157 0.018518518518518517
98 371 0.013157894736842105
79 482 0.02857142857142857
79 340 0.010869565217391304
340 79 0.02857142857142857
307 17 0.01639344262295082
548 377 0.011363636363636364
810 597 0.07142857142857142
187 62 0.00558659217877095
215 314 0.03125
818 440 0.015873015873015872
220 17 0.01639344262295082
340 434 0.006622516556291391
62 187 0.02564102564102564
19 430 0.024390243902439025
163 434 0.006622516556291391
254 216 0.038461538461538464
133 44 0.010869565217391304
241 158 0.023255813953488372
8 569 0.034482758620689655
502 374 0.1111111111111111
301 173 0.015873015873015872
8 12 0.021739130434782608
8 570 0.0625
8 498 0.01639344262295082
8 499 0.02564102564102564
8 504 0.027777777777777776
27 590 0.03571428571428571
366 531 0.021739130434782608
366 78 0.043478260869565216
366 445 0.041666666666666664
434 21 0.009009009009009009
498 197 0.030303030303030304
13 281 0.022222222222222223
498 293 0.0625
495 342 0.022727272727272728
495 214 0.02
520 5 0.008064516129032258
210 434 0.006622516556291391
411 412 0.016666666666666666
223 17 0.01639344262295082
434 340 0.010869565217391304
269 428 0.043478260869565216
409 336 0.03125
569 9 0.037037037037037035
39 480 0.029411764705882353
25 26 0.03333333333333333
452 8 0.029411764705882353
585 493 0.0136986301369863
328 328 0.0625
531 79 0.02857142857142857
9 569 0.034482758620689655
531 366 0.011627906976744186
9 754 0.045454545454545456
430 19 0.016129032258064516
342 495 0.02040816326530612
342 103 0.023255813953488372
342 342 0.022727272727272728
342 277 0.0625
342 376 0.027777777777777776
342 181 0.022222222222222223
342 219 0.05555555555555555
342 280 0.009615384615384616
342 214 0.02
342 450 0.018867924528301886
342 296 0.014285714285714285
342 203 0.02564102564102564
342 351 0.023255813953488372
342 231 0.02040816326530612
342 122 0.047619047619047616
342 468 0.047619047619047616
342 179 0.02040816326530612
342 95 0.02702702702702703
342 60 0.02564102564102564
342 575 0.09090909090909091
412 411 0.013513513513513514
8 441 0.022727272727272728
167 342 0.022727272727272728
531 434 0.006622516556291391
104 104 0.03125
249 473 0.013333333333333334
473 249 0.008928571428571428
437 115 0.009900990099009901
368 103 0.023255813953488372
308 17 0.01639344262295082
405 314 0.03125
183 418 0.034482758620689655
211 532 0.05
394 397 0.029411764705882353
314 405 0.012048192771084338
181 342 0.022727272727272728
374 529 0.03125
647 685 0.02702702702702703
149 191 0.02127659574468085
206 352 0.047619047619047616
397 394 0.03333333333333333
261 27 0.0196078431372549
493 585 0.1111111111111111
685 647 0.09090909090909091
538 733 0.1
135 165 0.010869565217391304
441 434 0.006622516556291391
409 581 0.037037037037037035
57 303 0.012048192771084338
57 610 0.125
57 619 0.16666666666666666
450 342 0.022727272727272728
424 28 0.010416666666666666
441 8 0.029411764705882353
499 529 0.03125
358 707 0.029411764705882353
303 59 0.021739130434782608
368 377 0.011363636363636364
28 424 0.011111111111111112
450 515 0.02564102564102564
409 624 0.09090909090909091
404 105 0.008695652173913044
610 56 0.02564102564102564
610 57 0.018518518518518517
610 303 0.012048192771084338
610 89 0.017543859649122806
610 59 0.021739130434782608
280 434 0.006622516556291391
368 104 0.03125
11 566 0.0625
167 14 0.01818181818181818
105 404 0.01639344262295082
179 278 0.025
278 179 0.02040816326530612
149 344 0.07142857142857142
221 310 0.041666666666666664
201 420 0.009174311926605505
59 57 0.018518518518518517
59 303 0.012048192771084338
59 89 0.017543859649122806
59 610 0.125
59 619 0.16666666666666666
434 531 0.021739130434782608
293 8 0.029411764705882353
79 165 0.010869565217391304
598 521 0.07692307692307693
298 685 0.02702702702702703
590 23 0.014705882352941176
149 420 0.009174311926605505
155 655 0.038461538461538464
105 105 0.008695652173913044
160 236 0.020833333333333332
430 765 0.05555555555555555
81 434 0.006622516556291391
249 16 0.014705882352941176
434 211 0.00847457627118644
526 457 0.04
17 434 0.006622516556291391
186 129 0.007194244604316547
356 258 0.03125
345 179 0.02040816326530612
79 47 0.02127659574468085
404 160 0.0047169811320754715
160 404 0.01639344262295082
155 337 0.02702702702702703
430 504 0.027777777777777776
155 420 0.009174311926605505
440 818 0.1
489 82 0.008264462809917356
272 186 0.05
91 11 0.016129032258064516
129 186 0.05
129 28 0.010416666666666666
81 20 0.015625
434 148 0.07142857142857142
20 81 0.010869565217391304
133 62 0.00558659217877095
211 195 0.034482758620689655
621 231 0.02040816326530612
359 499 0.02564102564102564
224 1 0.0196078431372549
224 256 0.00847457627118644
224 221 0.018518518518518517
224 365 0.011111111111111112
257 231 0.02040816326530612
21 548 0.05
189 420 0.009174311926605505
733 538 0.1111111111111111
146 615 0.025
502 529 0.03125
221 224 0.1
221 468 0.047619047619047616
409 447 0.03571428571428571
526 296 0.014285714285714285
305 137 0.012987012987012988
21 467 0.05
422 82 0.008264462809917356
467 21 0.009009009009009009
229 434 0.006622516556291391
390 62 0.00558659217877095
459 756 0.058823529411764705
19 366 0.011627906976744186
19 107 0.005917159763313609
420 18 0.021739130434782608
809 56 0.02564102564102564
394 60 0.02564102564102564
434 229 0.037037037037037035
56 809 0.022727272727272728
172 458 0.024390243902439025
12 86 0.006493506493506494
366 19 0.016129032258064516
278 351 0.023255813953488372
73 259 0.04
259 73 0.04
169 62 0.00558659217877095
325 65 0.025
548 371 0.013157894736842105
593 776 0.04
548 46 0.014705882352941176
548 129 0.007194244604316547
381 381 0.037037037037037035
366 18 0.021739130434782608
153 283 0.008333333333333333
153 256 0.00847457627118644
453 212 0.009900990099009901
284 191 0.02127659574468085
400 400 0.034482758620689655
142 83 0.011627906976744186
18 366 0.011627906976744186
346 214 0.02
83 106 0.0078125
11 91 0.037037037037037035
515 484 0.05263157894736842
165 23 0.014705882352941176
132 371 0.013157894736842105
18 420 0.009174311926605505
429 273 0.041666666666666664
460 170 0.011494252873563218
460 214 0.02
517 408 0.02631578947368421
170 460 0.022727272727272728
26 35 0.018867924528301886
248 260 0.05263157894736842
248 259 0.04
248 73 0.04
126 126 0.03571428571428571
426 92 0.02631578947368421
809 211 0.00847457627118644
20 287 0.058823529411764705
376 283 0.008333333333333333
371 132 0.019230769230769232
81 155 0.018867924528301886
287 20 0.015625
69 299 0.047619047619047616
222 218 0.023255813953488372
222 219 0.05555555555555555
222 310 0.041666666666666664
222 85 0.02857142857142857
222 312 0.047619047619047616
222 223 0.024390243902439025
222 18 0.021739130434782608
222 314 0.03125
222 225 0.04
222 226 0.021739130434782608
314 222 0.017857142857142856
92 426 0.021739130434782608
314 215 0.013333333333333334
137 305 0.019230769230769232
376 157 0.018518518518518517
424 783 0.25
261 367 0.014084507042253521
145 474 0.01639344262295082
282 31 0.02564102564102564
148 434 0.006622516556291391
423 444 0.04
223 314 0.03125
302 438 0.013157894736842105
494 12 0.021739130434782608
420 152 0.016666666666666666
438 302 0.043478260869565216
707 73 0.04
707 331 0.05263157894736842
229 513 0.024390243902439025
5 82 0.008264462809917356
806 88 0.03333333333333333
82 5 0.008064516129032258
13 581 0.037037037037037035
560 282 0.009433962264150943
597 62 0.00558659217877095
28 25 0.03125
28 26 0.03333333333333333
28 721 0.16666666666666666
28 32 0.03125
28 722 0.25
28 33 0.041666666666666664
28 34 0.043478260869565216
28 590 0.03571428571428571
28 38 0.034482758620689655
28 40 0.020833333333333332
28 588 0.045454545454545456
28 545 0.05263157894736842
235 209 0.016666666666666666
806 285 0.014705882352941176
806 89 0.017543859649122806
806 304 0.03571428571428571
738 195 0.034482758620689655
481 286 0.024390243902439025
481 63 0.009615384615384616
481 137 0.012987012987012988
92 11 0.016129032258064516
38 35 0.018867924528301886
155 153 0.043478260869565216
173 301 0.008620689655172414
237 6 0.010752688172043012
283 376 0.027777777777777776
271 211 0.00847457627118644
271 58 0.009708737864077669
283 153 0.043478260869565216
6 237 0.043478260869565216
81 533 0.011764705882352941
62 390 0.034482758620689655
145 58 0.009708737864077669
163 62 0.00558659217877095
191 365 0.011111111111111112
191 256 0.00847457627118644
400 309 0.034482758620689655
195 738 0.03125
64 103 0.023255813953488372
285 96 0.010309278350515464
138 160 0.0047169811320754715
16 405 0.012048192771084338
337 437 0.038461538461538464
463 463 0.5
376 295 0.01818181818181818
204 51 0.016129032258064516
132 106 0.0078125
11 92 0.02631578947368421
21 187 0.02564102564102564
21 249 0.008928571428571428
314 218 0.023255813953488372
314 219 0.05555555555555555
314 223 0.024390243902439025
2 411 0.013513513513513514
411 2 0.012987012987012988
211 271 0.017241379310344827
120 120 0.07142857142857142
73 707 0.029411764705882353
187 21 0.009009009009009009
371 51 0.016129032258064516
160 138 0.034482758620689655
51 371 0.013157894736842105
218 82 0.008264462809917356
309 400 0.034482758620689655
280 450 0.018867924528301886
23 165 0.010869565217391304
815 137 0.012987012987012988
106 106 0.0078125
101 124 0.030303030303030304
747 86 0.006493506493506494
533 434 0.006622516556291391
533 106 0.0078125
685 174 0.015384615384615385
285 301 0.008620689655172414
248 0 0.03125
59 63 0.009615384615384616
681 191 0.02127659574468085
493 611 0.04
493 232 0.012987012987012988
493 14 0.01818181818181818
587 194 0.023809523809523808
587 2 0.012987012987012988
221 74 0.013157894736842105
221 223 0.024390243902439025
371 323 0.03225806451612903
311 74 0.013157894736842105
461 819 0.2
58 271 0.017241379310344827
667 184 0.013888888888888888
273 461 0.0625
363 128 0.007575757575757576
256 191 0.02127659574468085
2 587 0.07142857142857142
128 363 0.02564102564102564
481 271 0.017241379310344827
145 300 0.025
813 280 0.009615384615384616
300 145 0.02127659574468085
13 476 0.14285714285714285
232 515 0.02564102564102564
107 541 0.07142857142857142
678 747 0.045454545454545456
678 678 0.1111111111111111
528 305 0.019230769230769232
441 86 0.006493506493506494
424 4 0.013513513513513514
65 568 0.043478260869565216
29 361 0.02127659574468085
7 8 0.029411764705882353
361 29 0.020833333333333332
290 256 0.00847457627118644
164 322 0.05
94 776 0.04
340 290 0.014925373134328358
301 285 0.014705882352941176
355 283 0.008333333333333333
410 356 0.02127659574468085
214 460 0.022727272727272728
499 566 0.0625
411 3 0.016129032258064516
411 192 0.05263157894736842
412 408 0.02631578947368421
96 113 0.013513513513513514
3 411 0.013513513513513514
198 129 0.007194244604316547
365 451 0.125
362 529 0.03125
34 34 0.043478260869565216
423 113 0.013513513513513514
370 116 0.014705882352941176
32 361 0.02127659574468085
361 32 0.03125
497 419 0.013888888888888888
20 82 0.008264462809917356
608 529 0.03125
756 73 0.04
447 498 0.01639344262295082
395 104 0.03125
8 7 0.02040816326530612
412 698 0.041666666666666664
129 438 0.013157894736842105
129 340 0.010869565217391304
87 87 0.009174311926605505
160 216 0.038461538461538464
160 349 0.05555555555555555
100 494 0.0125
13 409 0.03333333333333333
494 100 0.027777777777777776
280 342 0.022727272727272728
134 373 0.043478260869565216
174 408 0.02631578947368421
192 411 0.013513513513513514
255 152 0.016666666666666666
681 214 0.02
450 377 0.011363636363636364
284 157 0.018518518518518517
371 363 0.02564102564102564
405 161 0.02857142857142857
116 370 0.07142857142857142
494 464 0.023255813953488372
245 96 0.010309278350515464
96 245 0.02127659574468085
340 82 0.008264462809917356
464 494 0.0125
161 405 0.012048192771084338
547 455 0.0196078431372549
493 486 0.022727272727272728
152 366 0.011627906976744186
223 256 0.00847457627118644
5 195 0.034482758620689655
128 206 0.022727272727272728
60 390 0.034482758620689655
312 311 0.03225806451612903
153 16 0.014705882352941176
206 167 0.02040816326530612
308 256 0.00847457627118644
115 261 0.023255813953488372
493 694 0.14285714285714285
167 199 0.02631578947368421
283 355 0.024390243902439025
412 63 0.009615384615384616
16 283 0.008333333333333333
167 128 0.007575757575757576
128 280 0.009615384615384616
290 340 0.010869565217391304
405 15 0.022222222222222223
137 4 0.013513513513513514
2 140 0.030303030303030304
2 96 0.010309278350515464
2 64 0.007352941176470588
733 728 0.0625
518 351 0.023255813953488372
498 447 0.03571428571428571
498 9 0.037037037037037035
502 8 0.029411764705882353
368 320 0.025
21 550 0.04
559 283 0.008333333333333333
94 207 0.034482758620689655
96 369 0.16666666666666666
442 113 0.013513513513513514
814 347 0.041666666666666664
96 285 0.014705882352941176
273 274 0.043478260869565216
455 47 0.02127659574468085
400 728 0.0625
128 82 0.008264462809917356
46 256 0.00847457627118644
206 280 0.009615384615384616
206 41 0.015151515151515152
165 119 0.07692307692307693
58 132 0.019230769230769232
124 354 0.1
124 98 0.043478260869565216
124 97 0.047619047619047616
124 353 0.034482758620689655
124 323 0.03225806451612903
124 618 0.07692307692307693
124 640 0.058823529411764705
124 768 0.07692307692307693
124 100 0.027777777777777776
124 662 0.0625
124 101 0.04
124 185 0.1
57 174 0.015384615384615385
424 355 0.024390243902439025
496 459 0.015384615384615385
820 41 0.015151515151515152
820 820 0.010416666666666666
87 82 0.008264462809917356
191 283 0.008333333333333333
388 379 0.029411764705882353
86 30 0.01818181818181818
82 540 0.125
165 438 0.013157894736842105
388 376 0.027777777777777776
540 82 0.008264462809917356
820 128 0.007575757575757576
434 515 0.02564102564102564
434 768 0.07692307692307693
820 203 0.02564102564102564
738 520 0.020833333333333332
261 115 0.009900990099009901
820 593 0.02564102564102564
738 57 0.018518518518518517
400 106 0.0078125
363 16 0.014705882352941176
265 570 0.0625
18 222 0.017857142857142856
261 753 0.058823529411764705
438 165 0.010869565217391304
280 206 0.022727272727272728
221 18 0.021739130434782608
57 738 0.03125
424 78 0.043478260869565216
163 83 0.011627906976744186
424 445 0.041666666666666664
455 5 0.008064516129032258
115 233 0.022222222222222223
5 455 0.0196078431372549
5 169 0.010416666666666666
145 256 0.00847457627118644
169 5 0.008064516129032258
569 362 0.016129032258064516
146 18 0.021739130434782608
181 156 0.05
250 320 0.025
314 363 0.02564102564102564
320 250 0.03333333333333333
105 422 0.03225806451612903
820 204 0.03571428571428571
820 94 0.02702702702702703
820 200 0.029411764705882353
395 181 0.022222222222222223
269 154 0.02631578947368421
62 254 0.034482758620689655
115 58 0.009708737864077669
187 363 0.02564102564102564
83 163 0.02702702702702703
41 820 0.010416666666666666
188 495 0.02040816326530612
188 363 0.02564102564102564
261 96 0.010309278350515464
363 314 0.03125
591 62 0.00558659217877095
438 340 0.010869565217391304
114 405 0.012048192771084338
160 376 0.027777777777777776
355 152 0.016666666666666666
31 28 0.010416666666666666
305 481 0.02564102564102564
820 85 0.02857142857142857
37 48 0.021739130434782608
332 499 0.02564102564102564
820 121 0.006369426751592357
445 424 0.011111111111111112
332 213 0.027777777777777776
142 82 0.008264462809917356
333 288 0.03571428571428571
249 21 0.009009009009009009
29 590 0.03571428571428571
13 30 0.01818181818181818
473 25 0.03125
288 333 0.010638297872340425
338 245 0.02127659574468085
300 226 0.021739130434782608
602 700 0.037037037037037035
4 434 0.006622516556291391
5 411 0.013513513513513514
457 440 0.015873015873015872
409 325 0.038461538461538464
440 457 0.04
128 172 0.014285714285714285
96 261 0.023255813953488372
820 206 0.022727272727272728
184 667 0.03571428571428571
420 363 0.02564102564102564
36 36 0.023255813953488372
379 719 0.08333333333333333
155 18 0.021739130434782608
113 76 0.045454545454545456
133 183 0.006993006993006993
721 721 0.16666666666666666
721 229 0.037037037037037035
302 304 0.03571428571428571
221 17 0.01639344262295082
114 455 0.0196078431372549
820 801 0.5
820 196 0.043478260869565216
820 51 0.016129032258064516
820 197 0.030303030303030304
820 198 0.05263157894736842
820 199 0.02631578947368421
820 167 0.02040816326530612
820 201 0.023255813953488372
820 202 0.16666666666666666
820 776 0.04
820 205 0.037037037037037035
820 95 0.02702702702702703
820 207 0.034482758620689655
340 256 0.00847457627118644
31 338 0.019230769230769232
304 302 0.043478260869565216
0 498 0.01639344262295082
498 0 0.03125
207 820 0.010416666666666666
338 31 0.02564102564102564
201 820 0.010416666666666666
206 820 0.010416666666666666
155 326 0.02702702702702703
211 408 0.02631578947368421
498 407 0.045454545454545456
498 213 0.027777777777777776
498 525 0.029411764705882353
498 358 0.025
387 368 0.022222222222222223
87 190 0.034482758620689655
183 133 0.0136986301369863
238 440 0.015873015873015872
4 424 0.011111111111111112
63 586 0.04
4 121 0.006369426751592357
408 211 0.00847457627118644
408 552 0.027777777777777776
325 143 0.022222222222222223
466 754 0.045454545454545456
466 358 0.025
368 387 0.043478260869565216
141 504 0.027777777777777776
720 707 0.029411764705882353
821 163 0.02702702702702703
154 269 0.014492753623188406
181 526 0.02
358 498 0.01639344262295082
424 46 0.014705882352941176
32 261 0.023255813953488372
695 147 0.02702702702702703
560 496 0.05
30 31 0.02564102564102564
278 191 0.02127659574468085
440 238 0.027777777777777776
7 672 0.07692307692307693
101 211 0.00847457627118644
424 210 0.012987012987012988
424 274 0.043478260869565216
424 748 0.047619047619047616
748 424 0.011111111111111112
172 207 0.034482758620689655
207 172 0.014285714285714285
192 323 0.03225806451612903
485 114 0.009174311926605505
412 625 0.16666666666666666
529 9 0.037037037037037035
245 338 0.019230769230769232
598 598 0.125
329 21 0.009009009009009009
725 113 0.013513513513513514
326 155 0.018867924528301886
498 7 0.02040816326530612
290 493 0.0136986301369863
105 495 0.02040816326530612
87 665 0.045454545454545456
280 424 0.011111111111111112
496 560 0.03571428571428571
231 377 0.011363636363636364
249 28 0.010416666666666666
249 280 0.009615384615384616
493 572 0.045454545454545456
62 546 0.0136986301369863
28 249 0.008928571428571428
215 459 0.015384615384615385
424 527 0.06666666666666667
520 138 0.034482758620689655
93 399 0.05555555555555555
400 64 0.007352941176470588
260 89 0.017543859649122806
62 591 0.14285714285714285
417 165 0.010869565217391304
159 440 0.015873015873015872
84 270 0.08333333333333333
84 118 0.041666666666666664
84 372 0.045454545454545456
84 443 0.023809523809523808
84 664 0.1111111111111111
84 318 0.02
84 105 0.008695652173913044
84 544 0.03571428571428571
84 533 0.011764705882352941
84 336 0.03125
84 112 0.058823529411764705
84 453 0.05
336 84 0.020833333333333332
399 93 0.0196078431372549
822 572 0.045454545454545456
405 62 0.00558659217877095
64 172 0.014285714285714285
172 64 0.007352941176470588
57 408 0.02631578947368421
155 81 0.010869565217391304
131 101 0.04
335 592 0.034482758620689655
2 809 0.022727272727272728
281 54 0.023809523809523808
572 822 0.06666666666666667
160 730 0.1111111111111111
160 20 0.015625
565 608 0.043478260869565216
565 804 0.08333333333333333
565 754 0.045454545454545456
121 4 0.013513513513513514
408 57 0.018518518518518517
210 45 0.02631578947368421
265 359 0.05
321 250 0.03333333333333333
6 191 0.02127659574468085
160 400 0.034482758620689655
231 342 0.022727272727272728
231 74 0.013157894736842105
231 262 0.045454545454545456
231 575 0.09090909090909091
74 231 0.02040816326530612
521 823 0.05
238 758 0.07142857142857142
118 84 0.020833333333333332
262 231 0.02040816326530612
400 160 0.0047169811320754715
96 251 0.03225806451612903
157 182 0.03571428571428571
388 157 0.018518518518518517
59 2 0.012987012987012988
655 172 0.014285714285714285
191 824 1.0
440 159 0.029411764705882353
300 300 0.025
155 130 0.027777777777777776
164 448 0.030303030303030304
811 340 0.010869565217391304
251 96 0.010309278350515464
326 543 0.030303030303030304
326 245 0.02127659574468085
495 74 0.013157894736842105
495 309 0.034482758620689655
495 384 0.0625
495 218 0.023255813953488372
495 215 0.013333333333333334
495 222 0.017857142857142856
495 223 0.024390243902439025
495 405 0.012048192771084338
495 315 0.125
495 227 0.05263157894736842
495 170 0.011494252873563218
495 468 0.047619047619047616
495 228 0.045454545454545456
495 638 0.16666666666666666
495 316 0.02631578947368421
486 725 0.08333333333333333
414 645 0.2
142 85 0.02857142857142857
62 820 0.010416666666666666
4 142 0.010101010101010102
176 611 0.04
720 332 0.05555555555555555
331 707 0.029411764705882353
249 672 0.07692307692307693
142 4 0.013513513513513514
424 113 0.013513513513513514
424 543 0.030303030303030304
424 114 0.009174311926605505
424 245 0.02127659574468085
424 338 0.019230769230769232
424 326 0.02702702702702703
62 262 0.045454545454545456
331 482 0.02857142857142857
80 460 0.022727272727272728
331 340 0.010869565217391304
543 424 0.011111111111111112
160 21 0.009009009009009009
460 80 0.01639344262295082
602 61 0.01818181818181818
672 365 0.011111111111111112
168 292 0.029411764705882353
317 226 0.021739130434782608
122 103 0.023255813953488372
380 182 0.03571428571428571
323 447 0.03571428571428571
138 305 0.019230769230769232
60 342 0.022727272727272728
80 480 0.029411764705882353
480 80 0.01639344262295082
424 240 0.05
223 624 0.09090909090909091
58 88 0.03333333333333333
58 210 0.012987012987012988
58 89 0.017543859649122806
58 371 0.013157894736842105
58 462 0.04
58 126 0.03571428571428571
116 160 0.0047169811320754715
447 323 0.03225806451612903
171 116 0.014705882352941176
102 743 0.3333333333333333
20 160 0.0047169811320754715
93 128 0.007575757575757576
93 78 0.043478260869565216
93 51 0.016129032258064516
65 51 0.016129032258064516
190 87 0.009174311926605505
548 143 0.022222222222222223
166 160 0.0047169811320754715
262 62 0.00558659217877095
314 283 0.008333333333333333
160 116 0.014705882352941176
206 168 0.015873015873015872
482 438 0.013157894736842105
454 107 0.005917159763313609
498 562 0.038461538461538464
498 602 0.05
498 707 0.029411764705882353
498 700 0.037037037037037035
498 61 0.01818181818181818
305 84 0.020833333333333332
438 482 0.02857142857142857
79 160 0.0047169811320754715
57 305 0.019230769230769232
323 192 0.05263157894736842
820 142 0.010101010101010102
568 426 0.021739130434782608
143 548 0.05
168 206 0.022727272727272728
337 438 0.013157894736842105
142 820 0.010416666666666666
160 79 0.02857142857142857
115 301 0.008620689655172414
438 337 0.02702702702702703
81 121 0.006369426751592357
278 420 0.009174311926605505
278 13 0.01639344262295082
96 59 0.021739130434782608
21 160 0.0047169811320754715
255 107 0.005917159763313609
94 820 0.010416666666666666
283 314 0.03125
327 20 0.015625
38 27 0.0196078431372549
0 226 0.021739130434782608
89 438 0.013157894736842105
305 138 0.034482758620689655
160 428 0.043478260869565216
809 55 0.02857142857142857
809 4 0.013513513513513514
809 2 0.012987012987012988
141 265 0.03225806451612903
368 393 0.015151515151515152
171 5 0.008064516129032258
627 473 0.013333333333333334
473 627 0.1
607 255 0.022222222222222223
5 171 0.02564102564102564
5 306 0.03125
195 3 0.016129032258064516
64 375 0.018867924528301886
170 543 0.030303030303030304
38 116 0.014705882352941176
255 607 0.038461538461538464
3 137 0.012987012987012988
215 187 0.02564102564102564
215 560 0.03571428571428571
85 820 0.010416666666666666
160 2 0.012987012987012988
215 188 0.038461538461538464
51 445 0.041666666666666664
116 38 0.034482758620689655
351 278 0.025
520 412 0.016666666666666666
182 53 0.037037037037037035
825 306 0.03125
306 825 0.25
183 278 0.025
368 86 0.006493506493506494
86 177 0.024390243902439025
433 405 0.012048192771084338
563 522 0.3333333333333333
543 170 0.011494252873563218
160 87 0.009174311926605505
87 160 0.0047169811320754715
201 143 0.022222222222222223
160 426 0.021739130434782608
754 466 0.027777777777777776
374 502 0.05555555555555555
397 389 0.029411764705882353
482 331 0.05263157894736842
160 329 0.011764705882352941
241 159 0.029411764705882353
20 327 0.034482758620689655
400 222 0.017857142857142856
81 420 0.009174311926605505
222 365 0.011111111111111112
562 498 0.01639344262295082
211 210 0.012987012987012988
62 495 0.02040816326530612
2 826 0.045454545454545456
826 826 0.045454545454545456
53 182 0.03571428571428571
438 89 0.017543859649122806
320 156 0.05
151 748 0.047619047619047616
7 358 0.025
7 407 0.045454545454545456
7 498 0.01639344262295082
177 86 0.006493506493506494
160 171 0.02564102564102564
160 127 0.0625
288 288 0.03571428571428571
269 105 0.008695652173913044
160 672 0.07692307692307693
482 553 0.125
320 61 0.01818181818181818
358 161 0.02857142857142857
241 238 0.027777777777777776
506 827 1.0
64 87 0.009174311926605505
135 62 0.00558659217877095
160 210 0.012987012987012988
85 142 0.010101010101010102
161 358 0.025
107 418 0.034482758620689655
81 283 0.008333333333333333
321 351 0.023255813953488372
345 191 0.02127659574468085
89 62 0.00558659217877095
62 89 0.017543859649122806
351 321 0.02702702702702703
332 44 0.010869565217391304
332 500 0.05555555555555555
332 502 0.05555555555555555
332 407 0.045454545454545456
332 504 0.027777777777777776
332 505 0.07692307692307693
332 506 0.0196078431372549
0 101 0.04
482 497 0.0625
428 272 0.024390243902439025
6 183 0.006993006993006993
215 283 0.008333333333333333
826 6 0.010752688172043012
62 405 0.012048192771084338
160 115 0.009900990099009901
160 169 0.010416666666666666
6 826 0.045454545454545456
16 489 0.037037037037037035
169 160 0.0047169811320754715
82 401 0.03125
529 720 0.0625
82 78 0.043478260869565216
82 445 0.041666666666666664
82 357 0.023809523809523808
82 783 0.25
82 245 0.02127659574468085
82 371 0.013157894736842105
82 132 0.019230769230769232
272 140 0.030303030303030304
405 828 0.05263157894736842
15 128 0.007575757575757576
452 529 0.03125
74 560 0.03571428571428571
74 268 0.034482758620689655
128 93 0.0196078431372549
128 820 0.010416666666666666
389 391 0.05263157894736842
389 395 0.027777777777777776
389 182 0.03571428571428571
46 424 0.011111111111111112
168 93 0.0196078431372549
291 206 0.022727272727272728
482 318 0.02
482 228 0.045454545454545456
210 211 0.00847457627118644
210 63 0.009615384615384616
84 305 0.019230769230769232
420 81 0.010869565217391304
748 151 0.023809523809523808
118 420 0.009174311926605505
7 112 0.058823529411764705
720 529 0.03125
447 428 0.043478260869565216
87 236 0.020833333333333332
366 160 0.0047169811320754715
160 166 0.007874015748031496
81 16 0.014705882352941176
81 424 0.011111111111111112
128 218 0.023255813953488372
197 65 0.025
45 62 0.00558659217877095
459 331 0.05263157894736842
86 690 0.07142857142857142
167 218 0.023255813953488372
310 313 0.058823529411764705
128 249 0.008928571428571428
268 74 0.013157894736842105
316 223 0.024390243902439025
160 786 0.2
738 698 0.041666666666666664
738 412 0.016666666666666666
128 15 0.022222222222222223
128 362 0.016129032258064516
145 303 0.012048192771084338
259 297 0.05263157894736842
368 83 0.011627906976744186
811 531 0.021739130434782608
47 79 0.02857142857142857
201 218 0.023255813953488372
106 222 0.017857142857142856
487 529 0.03125
487 421 0.020833333333333332
35 128 0.007575757575757576
829 203 0.02564102564102564
107 63 0.009615384615384616
492 333 0.010638297872340425
520 738 0.03125
455 76 0.045454545454545456
249 438 0.013157894736842105
16 81 0.010869565217391304
308 424 0.011111111111111112
245 82 0.008264462809917356
430 362 0.016129032258064516
141 249 0.008928571428571428
96 76 0.045454545454545456
438 365 0.011111111111111112
438 249 0.008928571428571428
69 678 0.1111111111111111
142 58 0.009708737864077669
173 728 0.0625
94 218 0.023255813953488372
690 690 0.07142857142857142
367 427 0.02127659574468085
358 213 0.027777777777777776
358 525 0.029411764705882353
143 201 0.023255813953488372
64 74 0.013157894736842105
213 358 0.025
74 64 0.007352941176470588
389 60 0.02564102564102564
377 0 0.03125
442 35 0.018867924528301886
685 56 0.02564102564102564
0 218 0.023255813953488372
60 389 0.029411764705882353
160 292 0.029411764705882353
283 81 0.010869565217391304
362 128 0.007575757575757576
344 231 0.02040816326530612
0 377 0.011363636363636364
249 152 0.016666666666666666
293 374 0.1111111111111111
262 179 0.02040816326530612
226 218 0.023255813953488372
667 105 0.008695652173913044
441 282 0.009433962264150943
30 165 0.010869565217391304
94 95 0.02702702702702703
100 404 0.01639344262295082
484 515 0.02564102564102564
649 729 0.125
95 94 0.02702702702702703
249 145 0.02127659574468085
25 473 0.013333333333333334
424 462 0.04
129 611 0.04
481 305 0.019230769230769232
0 17 0.01639344262295082
0 74 0.013157894736842105
129 789 0.1
74 187 0.02564102564102564
63 233 0.022222222222222223
627 86 0.006493506493506494
114 686 0.125
3 158 0.023255813953488372
408 138 0.034482758620689655
515 450 0.018867924528301886
96 816 0.05555555555555555
300 828 0.05263157894736842
158 3 0.016129032258064516
427 651 0.08333333333333333
167 820 0.010416666666666666
31 427 0.02127659574468085
63 158 0.023255813953488372
233 828 0.05263157894736842
87 223 0.024390243902439025
373 411 0.013513513513513514
114 152 0.016666666666666666
404 82 0.008264462809917356
337 5 0.008064516129032258
301 209 0.016666666666666666
360 570 0.0625
242 237 0.043478260869565216
422 601 0.02702702702702703
177 0 0.03125
316 316 0.02631578947368421
0 177 0.024390243902439025
569 19 0.016129032258064516
16 367 0.014084507042253521
129 694 0.14285714285714285
816 170 0.011494252873563218
223 330 0.1111111111111111
822 290 0.014925373134328358
745 282 0.009433962264150943
301 597 0.07142857142857142
277 280 0.009615384615384616
209 301 0.008620689655172414
466 555 0.06666666666666667
553 482 0.02857142857142857
426 562 0.038461538461538464
120 218 0.023255813953488372
582 418 0.034482758620689655
129 615 0.025
742 742 0.3333333333333333
290 822 0.06666666666666667
4 809 0.022727272727272728
2 158 0.023255813953488372
783 82 0.008264462809917356
783 424 0.011111111111111112
286 80 0.01639344262295082
21 80 0.01639344262295082
21 671 0.04
5 337 0.02702702702702703
508 80 0.01639344262295082
651 118 0.041666666666666664
206 51 0.016129032258064516
206 197 0.030303030303030304
206 198 0.05263157894736842
206 199 0.02631578947368421
206 200 0.029411764705882353
206 128 0.007575757575757576
206 201 0.023255813953488372
206 202 0.16666666666666666
206 593 0.02564102564102564
206 204 0.03571428571428571
206 776 0.04
206 205 0.037037037037037035
206 94 0.02702702702702703
206 95 0.02702702702702703
206 207 0.034482758620689655
651 511 0.047619047619047616
651 420 0.009174311926605505
686 114 0.009174311926605505
98 62 0.00558659217877095
400 96 0.010309278350515464
96 400 0.034482758620689655
152 154 0.02631578947368421
357 108 0.02702702702702703
58 283 0.008333333333333333
368 394 0.03333333333333333
283 58 0.009708737864077669
62 98 0.043478260869565216
62 62 0.00558659217877095
3 194 0.023809523809523808
523 280 0.009615384615384616
453 83 0.011627906976744186
523 829 1.0
214 342 0.022727272727272728
214 343 0.05
214 346 0.041666666666666664
214 278 0.025
214 352 0.047619047619047616
152 114 0.009174311926605505
132 82 0.008264462809917356
394 368 0.022222222222222223
86 81 0.010869565217391304
492 5 0.008064516129032258
338 455 0.0196078431372549
768 98 0.043478260869565216
58 288 0.03571428571428571
522 563 0.08333333333333333
441 649 0.1111111111111111
441 729 0.125
441 754 0.045454545454545456
441 249 0.008928571428571428
457 523 0.0625
417 160 0.0047169811320754715
288 58 0.009708737864077669
349 149 0.041666666666666664
349 262 0.045454545454545456
349 344 0.07142857142857142
349 348 0.25
349 148 0.07142857142857142
349 122 0.047619047619047616
349 179 0.02040816326530612
474 256 0.00847457627118644
262 349 0.05555555555555555
184 80 0.01639344262295082
184 187 0.02564102564102564
249 166 0.007874015748031496
249 546 0.0136986301369863
546 249 0.008928571428571428
142 84 0.020833333333333332
816 116 0.014705882352941176
376 181 0.022222222222222223
129 464 0.023255813953488372
59 408 0.02631578947368421
137 3 0.016129032258064516
424 395 0.027777777777777776
480 329 0.011764705882352941
329 480 0.029411764705882353
453 472 0.14285714285714285
453 255 0.022222222222222223
361 165 0.010869565217391304
527 547 0.034482758620689655
201 395 0.027777777777777776
201 93 0.0196078431372549
464 129 0.007194244604316547
263 438 0.013157894736842105
438 263 0.02127659574468085
2 738 0.03125
692 231 0.02040816326530612
201 160 0.0047169811320754715
93 201 0.023255813953488372
828 405 0.012048192771084338
73 268 0.034482758620689655
145 828 0.05263157894736842
134 134 0.047619047619047616
357 282 0.009433962264150943
5 492 0.043478260869565216
820 546 0.0136986301369863
87 77 0.05555555555555555
520 408 0.02631578947368421
192 516 0.08333333333333333
192 517 0.07692307692307693
370 25 0.03125
370 92 0.02631578947368421
370 26 0.03333333333333333
370 443 0.023809523809523808
370 37 0.045454545454545456
370 135 0.02857142857142857
615 168 0.015873015873015872
182 389 0.029411764705882353
37 151 0.023809523809523808
82 424 0.011111111111111112
21 371 0.013157894736842105
371 21 0.009009009009009009
413 176 0.04
661 570 0.0625
82 20 0.015625
69 329 0.011764705882352941
685 160 0.0047169811320754715
168 615 0.025
329 69 0.024390243902439025
132 121 0.006369426751592357
158 63 0.009615384615384616
158 4 0.013513513513513514
158 2 0.012987012987012988
158 137 0.012987012987012988
308 295 0.01818181818181818
223 225 0.04
828 233 0.022222222222222223
201 166 0.007874015748031496
68 329 0.011764705882352941
424 509 0.02127659574468085
4 158 0.023255813953488372
5 820 0.010416666666666666
803 803 0.0625
303 423 0.03125
412 520 0.020833333333333332
412 59 0.021739130434782608
69 424 0.011111111111111112
424 464 0.023255813953488372
82 385 0.047619047619047616
366 518 0.015151515151515152
809 63 0.009615384615384616
452 666 0.0625
464 424 0.011111111111111112
452 830 1.0
809 208 0.019230769230769232
283 424 0.011111111111111112
452 823 0.05
517 192 0.05263157894736842
245 165 0.010869565217391304
258 831 1.0
329 68 0.02564102564102564
18 85 0.02857142857142857
18 317 0.05263157894736842
18 696 0.14285714285714285
63 809 0.022727272727272728
201 196 0.043478260869565216
201 167 0.02040816326530612
201 203 0.02564102564102564
201 206 0.022727272727272728
692 130 0.027777777777777776
314 166 0.007874015748031496
105 667 0.03571428571428571
700 699 0.045454545454545456
121 132 0.019230769230769232
820 5 0.008064516129032258
26 370 0.07142857142857142
13 280 0.009615384615384616
105 474 0.01639344262295082
105 153 0.043478260869565216
160 269 0.014492753623188406
393 166 0.007874015748031496
393 433 0.05263157894736842
393 145 0.02127659574468085
393 71 0.06666666666666667
393 84 0.020833333333333332
395 201 0.023255813953488372
390 391 0.05263157894736842
13 326 0.02702702702702703
404 412 0.016666666666666666
493 522 0.3333333333333333
493 563 0.08333333333333333
585 544 0.03571428571428571
151 165 0.010869565217391304
366 183 0.006993006993006993
282 255 0.022222222222222223
160 137 0.012987012987012988
338 263 0.02127659574468085
295 62 0.00558659217877095
160 379 0.029411764705882353
64 222 0.017857142857142856
568 1 0.0196078431372549
183 366 0.011627906976744186
427 31 0.02564102564102564
222 222 0.017857142857142856
183 695 0.09090909090909091
160 548 0.05
226 696 0.14285714285714285
526 450 0.018867924528301886
94 199 0.02631578947368421
363 434 0.006622516556291391
424 295 0.01818181818181818
522 493 0.0136986301369863
601 166 0.007874015748031496
255 282 0.009433962264150943
17 142 0.010101010101010102
4 532 0.05
283 434 0.006622516556291391
183 28 0.010416666666666666
183 128 0.007575757575757576
320 593 0.02564102564102564
320 350 0.05
320 483 0.027777777777777776
160 164 0.02564102564102564
828 300 0.025
434 363 0.02564102564102564
164 160 0.0047169811320754715
815 305 0.019230769230769232
316 160 0.0047169811320754715
483 320 0.025
5 41 0.015151515151515152
35 165 0.010869565217391304
35 367 0.014084507042253521
404 142 0.010101010101010102
424 124 0.030303030303030304
424 99 0.043478260869565216
542 172 0.014285714285714285
542 401 0.03125
385 376 0.027777777777777776
160 316 0.02631578947368421
357 16 0.014705882352941176
93 280 0.009615384615384616
152 283 0.008333333333333333
305 243 0.021739130434782608
266 466 0.027777777777777776
579 46 0.014705882352941176
198 820 0.010416666666666666
266 720 0.0625
208 195 0.034482758620689655
81 363 0.02564102564102564
53 231 0.02040816326530612
401 542 0.07142857142857142
82 154 0.02631578947368421
82 166 0.007874015748031496
82 145 0.02127659574468085
194 3 0.016129032258064516
490 377 0.011363636363636364
231 53 0.037037037037037035
377 490 0.029411764705882353
29 5 0.008064516129032258
96 58 0.009708737864077669
121 10 0.024390243902439025
160 326 0.02702702702702703
30 434 0.006622516556291391
62 164 0.02564102564102564
297 73 0.04
190 69 0.024390243902439025
359 9 0.037037037037037035
9 359 0.05
288 19 0.016129032258064516
482 593 0.02564102564102564
221 222 0.017857142857142856
155 189 0.01639344262295082
420 256 0.00847457627118644
434 61 0.01818181818181818
310 82 0.008264462809917356
195 826 0.045454545454545456
714 425 0.058823529411764705
255 106 0.0078125
434 30 0.01818181818181818
434 647 0.09090909090909091
533 97 0.047619047619047616
533 323 0.03225806451612903
533 265 0.03225806451612903
424 357 0.023809523809523808
351 352 0.047619047619047616
59 305 0.019230769230769232
442 545 0.05263157894736842
612 340 0.010869565217391304
333 460 0.022727272727272728
607 420 0.009174311926605505
695 183 0.006993006993006993
305 59 0.021739130434782608
751 128 0.007575757575757576
343 180 0.014705882352941176
434 820 0.010416666666666666
82 310 0.041666666666666664
393 424 0.011111111111111112
97 533 0.011764705882352941
647 21 0.009009009009009009
67 74 0.013157894736842105
357 424 0.011111111111111112
385 378 0.041666666666666664
385 103 0.023255813953488372
82 290 0.014925373134328358
256 283 0.008333333333333333
167 95 0.02702702702702703
83 368 0.022222222222222223
593 320 0.025
28 183 0.006993006993006993
593 482 0.02857142857142857
412 404 0.01639344262295082
370 339 0.025
370 151 0.023809523809523808
694 129 0.007194244604316547
146 81 0.010869565217391304
61 434 0.006622516556291391
21 647 0.09090909090909091
339 370 0.07142857142857142
333 434 0.006622516556291391
518 87 0.009174311926605505
249 121 0.006369426751592357
105 106 0.0078125
424 222 0.017857142857142856
249 5 0.008064516129032258
498 160 0.0047169811320754715
103 385 0.047619047619047616
455 338 0.019230769230769232
455 96 0.010309278350515464
533 280 0.009615384615384616
671 80 0.01639344262295082
666 19 0.016129032258064516
497 424 0.011111111111111112
74 67 0.125
170 494 0.0125
494 68 0.02564102564102564
494 170 0.011494252873563218
424 93 0.0196078431372549
489 87 0.009174311926605505
333 87 0.009174311926605505
87 333 0.010638297872340425
504 406 0.04
5 249 0.008928571428571428
142 233 0.022222222222222223
5 29 0.020833333333333332
424 497 0.0625
54 738 0.03125
229 170 0.011494252873563218
134 5 0.008064516129032258
278 486 0.022727272727272728
280 363 0.02564102564102564
822 350 0.05
447 676 0.25
98 64 0.007352941176470588
389 377 0.011363636363636364
389 104 0.03125
301 276 0.1111111111111111
137 815 0.07142857142857142
69 282 0.009433962264150943
160 448 0.030303030303030304
211 365 0.011111111111111112
128 183 0.006993006993006993
253 459 0.015384615384615385
253 80 0.01639344262295082
253 21 0.009009009009009009
253 20 0.015625
253 222 0.017857142857142856
253 405 0.012048192771084338
253 434 0.006622516556291391
253 106 0.0078125
253 259 0.04
253 315 0.125
253 189 0.01639344262295082
253 227 0.05263157894736842
253 671 0.04
253 316 0.02631578947368421
253 258 0.03125
253 607 0.038461538461538464
253 228 0.045454545454545456
54 412 0.016666666666666666
661 700 0.037037037037037035
366 115 0.009900990099009901
81 82 0.008264462809917356
164 45 0.02631578947368421
273 140 0.030303030303030304
273 447 0.03571428571428571
273 448 0.030303030303030304
273 45 0.02631578947368421
0 248 0.05
223 152 0.016666666666666666
160 281 0.022222222222222223
350 681 0.05
440 368 0.022222222222222223
209 631 0.3333333333333333
103 61 0.01818181818181818
103 0 0.03125
211 3 0.016129032258064516
21 260 0.05263157894736842
21 259 0.04
21 253 0.043478260869565216
533 441 0.022727272727272728
333 282 0.009433962264150943
270 28 0.010416666666666666
249 211 0.00847457627118644
216 107 0.005917159763313609
165 329 0.011764705882352941
282 333 0.010638297872340425
338 107 0.005917159763313609
424 132 0.019230769230769232
260 728 0.0625
666 441 0.022727272727272728
82 353 0.034482758620689655
82 404 0.01639344262295082
374 441 0.022727272727272728
177 515 0.02564102564102564
113 116 0.014705882352941176
699 441 0.022727272727272728
417 333 0.010638297872340425
0 103 0.023255813953488372
257 183 0.006993006993006993
61 103 0.023255813953488372
303 170 0.011494252873563218
515 177 0.024390243902439025
281 160 0.0047169811320754715
661 441 0.022727272727272728
593 822 0.06666666666666667
616 533 0.011764705882352941
105 431 0.043478260869565216
540 549 0.023809523809523808
285 254 0.034482758620689655
66 469 0.05555555555555555
424 290 0.014925373134328358
282 87 0.009174311926605505
469 66 0.05
87 282 0.009433962264150943
137 129 0.007194244604316547
137 46 0.014705882352941176
282 572 0.045454545454545456
786 206 0.022727272727272728
786 407 0.045454545454545456
241 440 0.015873015873015872
426 526 0.02
168 523 0.0625
170 303 0.012048192771084338
368 440 0.015873015873015872
440 241 0.05
813 434 0.006622516556291391
546 87 0.009174311926605505
160 158 0.023255813953488372
104 389 0.029411764705882353
169 229 0.037037037037037035
222 467 0.05
467 222 0.017857142857142856
128 199 0.02631578947368421
182 376 0.027777777777777776
826 2 0.012987012987012988
306 141 0.014705882352941176
306 20 0.015625
314 256 0.00847457627118644
51 820 0.010416666666666666
323 768 0.07692307692307693
180 62 0.00558659217877095
525 332 0.05555555555555555
155 19 0.016129032258064516
768 124 0.030303030303030304
543 16 0.014705882352941176
453 615 0.025
40 47 0.02127659574468085
483 351 0.023255813953488372
455 333 0.010638297872340425
265 533 0.011764705882352941
63 138 0.034482758620689655
63 412 0.016666666666666666
366 188 0.038461538461538464
602 441 0.022727272727272728
412 586 0.04
269 420 0.009174311926605505
412 54 0.023809523809523808
674 19 0.016129032258064516
140 819 0.2
665 2 0.012987012987012988
279 160 0.0047169811320754715
62 180 0.014705882352941176
58 431 0.043478260869565216
47 40 0.020833333333333332
47 47 0.02127659574468085
31 261 0.023255813953488372
393 142 0.010101010101010102
420 269 0.014492753623188406
85 51 0.016129032258064516
51 85 0.02857142857142857
115 171 0.02564102564102564
115 38 0.034482758620689655
332 525 0.029411764705882353
332 707 0.029411764705882353
115 443 0.023809523809523808
562 438 0.013157894736842105
142 393 0.015151515151515152
434 132 0.019230769230769232
142 508 0.038461538461538464
115 417 0.018867924528301886
25 30 0.01818181818181818
282 280 0.009615384615384616
63 239 0.09090909090909091
4 57 0.018518518518518517
4 137 0.012987012987012988
2 832 0.045454545454545456
438 562 0.038461538461538464
132 434 0.006622516556291391
481 586 0.04
296 62 0.00558659217877095
500 44 0.010869565217391304
377 464 0.023255813953488372
368 232 0.012987012987012988
368 397 0.029411764705882353
198 258 0.03125
664 93 0.0196078431372549
664 515 0.02564102564102564
464 377 0.011363636363636364
13 478 0.037037037037037035
0 560 0.03571428571428571
178 178 0.034482758620689655
431 71 0.06666666666666667
152 107 0.005917159763313609
99 424 0.011111111111111112
810 420 0.009174311926605505
223 87 0.009174311926605505
74 331 0.05263157894736842
560 0 0.03125
444 333 0.010638297872340425
194 826 0.045454545454545456
557 445 0.041666666666666664
221 1 0.0196078431372549
199 399 0.05555555555555555
533 616 0.2
397 368 0.022222222222222223
373 83 0.011627906976744186
820 160 0.0047169811320754715
87 506 0.0196078431372549
5 63 0.009615384615384616
368 379 0.029411764705882353
448 334 0.05555555555555555
160 285 0.014705882352941176
13 199 0.02631578947368421
13 78 0.043478260869565216
13 94 0.02702702702702703
314 161 0.02857142857142857
381 160 0.0047169811320754715
546 615 0.025
756 597 0.07142857142857142
264 247 0.06666666666666667
264 570 0.0625
264 700 0.037037037037037035
667 81 0.010869565217391304
160 381 0.037037037037037035
437 361 0.02127659574468085
437 116 0.014705882352941176
79 557 0.06666666666666667
200 199 0.02631578947368421
199 434 0.006622516556291391
434 199 0.02631578947368421
161 314 0.03125
121 81 0.010869565217391304
220 47 0.02127659574468085
6 290 0.014925373134328358
160 820 0.010416666666666666
334 448 0.030303030303030304
564 208 0.019230769230769232
564 126 0.03571428571428571
592 592 0.034482758620689655
437 531 0.021739130434782608
236 241 0.05
58 424 0.011111111111111112
833 44 0.010869565217391304
68 16 0.014705882352941176
560 74 0.013157894736842105
560 215 0.013333333333333334
560 316 0.02631578947368421
520 815 0.07142857142857142
251 417 0.018867924528301886
69 259 0.04
57 4 0.013513513513513514
460 679 0.05263157894736842
460 663 0.05263157894736842
333 115 0.009900990099009901
259 69 0.024390243902439025
209 365 0.011111111111111112
115 333 0.010638297872340425
143 469 0.05555555555555555
424 69 0.024390243902439025
536 83 0.011627906976744186
424 68 0.02564102564102564
13 327 0.034482758620689655
259 728 0.0625
810 511 0.047619047619047616
404 768 0.07692307692307693
663 460 0.022727272727272728
93 413 0.041666666666666664
329 28 0.010416666666666666
286 408 0.02631578947368421
68 357 0.023809523809523808
92 728 0.0625
209 71 0.06666666666666667
209 84 0.020833333333333332
665 6 0.010752688172043012
231 249 0.008928571428571428
351 575 0.09090909090909091
280 655 0.038461538461538464
6 665 0.045454545454545456
68 424 0.011111111111111112
417 251 0.03225806451612903
487 332 0.05555555555555555
80 184 0.013888888888888888
68 418 0.034482758620689655
448 461 0.0625
184 434 0.006622516556291391
389 393 0.015151515151515152
434 200 0.029411764705882353
434 167 0.02040816326530612
434 99 0.043478260869565216
685 281 0.022222222222222223
418 68 0.02564102564102564
281 685 0.02702702702702703
273 4 0.013513513513513514
536 229 0.037037037037037035
525 44 0.010869565217391304
526 440 0.015873015873015872
245 361 0.02127659574468085
245 417 0.018867924528301886
245 444 0.04
245 442 0.045454545454545456
245 547 0.034482758620689655
245 423 0.03125
245 47 0.02127659574468085
245 485 0.037037037037037035
229 536 0.09090909090909091
191 166 0.007874015748031496
388 60 0.02564102564102564
116 816 0.05555555555555555
440 149 0.041666666666666664
149 440 0.015873015873015872
368 366 0.011627906976744186
778 569 0.034482758620689655
494 601 0.02702702702702703
569 778 0.2
50 431 0.043478260869565216
160 170 0.011494252873563218
146 189 0.01639344262295082
199 820 0.010416666666666666
430 280 0.009615384615384616
531 437 0.038461538461538464
399 199 0.02631578947368421
87 547 0.034482758620689655
547 87 0.009174311926605505
170 160 0.0047169811320754715
166 282 0.009433962264150943
427 460 0.022727272727272728
366 368 0.022222222222222223
64 523 0.0625
318 107 0.005917159763313609
478 183 0.006993006993006993
107 834 1.0
290 563 0.08333333333333333
339 170 0.011494252873563218
61 421 0.020833333333333332
3 239 0.09090909090909091
272 63 0.009615384615384616
250 741 0.2
63 272 0.024390243902439025
23 23 0.014705882352941176
132 552 0.027777777777777776
816 119 0.07692307692307693
816 470 0.047619047619047616
333 128 0.007575757575757576
333 133 0.0136986301369863
333 23 0.014705882352941176
333 393 0.015151515151515152
333 609 0.2
333 427 0.02127659574468085
333 474 0.01639344262295082
333 180 0.014705882352941176
333 41 0.015151515151515152
333 340 0.010869565217391304
333 77 0.05555555555555555
333 17 0.01639344262295082
333 173 0.015873015873015872
333 531 0.021739130434782608
137 552 0.027777777777777776
282 174 0.015384615384615385
493 835 0.16666666666666666
493 483 0.027777777777777776
95 820 0.010416666666666666
776 342 0.022727272727272728
523 836 0.2
59 96 0.010309278350515464
405 282 0.009433962264150943
183 16 0.014705882352941176
282 405 0.012048192771084338
314 295 0.01818181818181818
295 314 0.03125
8 525 0.029411764705882353
350 157 0.018518518518518517
837 107 0.005917159763313609
273 2 0.012987012987012988
210 208 0.019230769230769232
192 807 0.16666666666666666
2 273 0.041666666666666664
375 160 0.0047169811320754715
269 145 0.02127659574468085
494 210 0.012987012987012988
179 181 0.022222222222222223
286 329 0.011764705882352941
286 815 0.07142857142857142
357 21 0.009009009009009009
285 302 0.043478260869565216
13 679 0.05263157894736842
180 393 0.015151515151515152
427 105 0.008695652173913044
297 17 0.01639344262295082
107 518 0.015151515151515152
4 826 0.045454545454545456
4 832 0.045454545454545456
665 212 0.009900990099009901
145 771 0.125
405 145 0.02127659574468085
329 210 0.012987012987012988
598 134 0.047619047619047616
331 74 0.013157894736842105
160 214 0.02
498 441 0.022727272727272728
86 283 0.008333333333333333
756 311 0.03225806451612903
342 776 0.04
21 357 0.023809523809523808
531 256 0.00847457627118644
105 243 0.021739130434782608
486 94 0.02702702702702703
17 249 0.008928571428571428
17 105 0.008695652173913044
54 665 0.045454545454545456
94 486 0.022727272727272728
499 213 0.027777777777777776
7 573 0.058823529411764705
249 17 0.01639344262295082
573 7 0.02040816326530612
107 837 0.5
826 195 0.034482758620689655
826 194 0.023809523809523808
826 192 0.05263157894736842
4 239 0.09090909090909091
381 181 0.022222222222222223
133 11 0.016129032258064516
389 376 0.027777777777777776
389 397 0.029411764705882353
126 586 0.04
126 552 0.027777777777777776
126 208 0.019230769230769232
158 239 0.09090909090909091
17 297 0.05263157894736842
322 461 0.0625
45 838 1.0
679 13 0.01639344262295082
679 81 0.010869565217391304
62 366 0.011627906976744186
181 381 0.037037037037037035
318 494 0.0125
394 376 0.027777777777777776
381 150 0.03125
300 124 0.030303030303030304
547 527 0.06666666666666667
86 326 0.02702702702702703
58 87 0.009174311926605505
28 329 0.011764705882352941
166 64 0.007352941176470588
87 23 0.014705882352941176
362 434 0.006622516556291391
23 87 0.009174311926605505
362 256 0.00847457627118644
251 170 0.011494252873563218
376 389 0.029411764705882353
376 394 0.03333333333333333
334 274 0.043478260869565216
318 424 0.011111111111111112
826 4 0.013513513513513514
826 586 0.04
434 421 0.020833333333333332
93 515 0.02564102564102564
215 296 0.014285714285714285
489 300 0.025
420 30 0.01818181818181818
357 183 0.006993006993006993
375 183 0.006993006993006993
832 193 0.04
832 826 0.045454545454545456
832 4 0.013513513513513514
832 194 0.023809523809523808
832 195 0.034482758620689655
832 2 0.012987012987012988
832 192 0.05263157894736842
424 183 0.006993006993006993
86 256 0.00847457627118644
16 68 0.02564102564102564
194 832 0.045454545454545456
555 44 0.010869565217391304
107 216 0.038461538461538464
546 490 0.029411764705882353
195 832 0.045454545454545456
367 44 0.010869565217391304
367 81 0.010869565217391304
81 114 0.009174311926605505
367 21 0.009009009009009009
114 81 0.010869565217391304
815 520 0.020833333333333332
815 286 0.024390243902439025
839 191 0.02127659574468085
826 832 0.045454545454545456
128 35 0.018867924528301886
287 81 0.010869565217391304
291 280 0.009615384615384616
291 203 0.02564102564102564
123 180 0.014705882352941176
720 765 0.05555555555555555
485 455 0.0196078431372549
455 485 0.037037037037037035
261 170 0.011494252873563218
685 4 0.013513513513513514
83 579 0.0625
83 273 0.041666666666666664
183 292 0.029411764705882353
148 377 0.011363636363636364
59 412 0.016666666666666666
437 38 0.034482758620689655
679 482 0.02857142857142857
333 176 0.04
820 215 0.013333333333333334
5 134 0.047619047619047616
27 437 0.038461538461538464
756 756 0.058823529411764705
195 5 0.008064516129032258
451 487 0.08333333333333333
370 414 0.3333333333333333
730 160 0.0047169811320754715
414 370 0.07142857142857142
295 182 0.03571428571428571
473 30 0.01818181818181818
133 10 0.024390243902439025
822 484 0.05263157894736842
68 494 0.0125
283 114 0.009174311926605505
233 174 0.015384615384615385
121 219 0.05555555555555555
80 815 0.07142857142857142
69 477 0.09090909090909091
58 803 0.0625
2 803 0.0625
187 215 0.013333333333333334
165 434 0.006622516556291391
565 9 0.037037037037037035
167 165 0.010869565217391304
14 79 0.02857142857142857
165 167 0.02040816326530612
776 200 0.029411764705882353
141 365 0.011111111111111112
258 454 0.14285714285714285
284 278 0.025
20 80 0.01639344262295082
9 565 0.125
20 715 0.2
80 20 0.015625
84 75 0.07142857142857142
84 442 0.045454545454545456
84 252 0.012195121951219513
84 115 0.009900990099009901
84 654 0.02702702702702703
94 593 0.02564102564102564
593 820 0.010416666666666666
824 191 0.02127659574468085
320 182 0.03571428571428571
115 84 0.020833333333333332
114 767 0.16666666666666666
441 161 0.02857142857142857
278 284 0.02857142857142857
776 820 0.010416666666666666
820 434 0.006622516556291391
323 162 0.0196078431372549
62 726 0.1111111111111111
215 511 0.047619047619047616
4 685 0.02702702702702703
482 679 0.05263157894736842
305 281 0.022222222222222223
504 358 0.025
86 44 0.010869565217391304
44 86 0.006493506493506494
47 333 0.010638297872340425
593 205 0.037037037037037035
290 121 0.006369426751592357
58 826 0.045454545454545456
162 323 0.03225806451612903
510 9 0.037037037037037035
14 339 0.025
342 294 0.045454545454545456
322 434 0.006622516556291391
103 320 0.025
518 105 0.008695652173913044
453 189 0.01639344262295082
121 290 0.014925373134328358
255 434 0.006622516556291391
434 459 0.015384615384615385
11 133 0.0136986301369863
440 440 0.015873015873015872
685 193 0.04
685 826 0.045454545454545456
87 509 0.02127659574468085
459 434 0.006622516556291391
13 33 0.041666666666666664
13 497 0.0625
13 197 0.030303030303030304
13 318 0.02
281 13 0.01639344262295082
7 570 0.0625
222 106 0.0078125
832 586 0.04
440 526 0.02
748 222 0.017857142857142856
182 320 0.025
694 493 0.0136986301369863
5 458 0.024390243902439025
339 14 0.01818181818181818
423 121 0.006369426751592357
160 828 0.05263157894736842
427 434 0.006622516556291391
121 423 0.03125
58 586 0.04
58 832 0.045454545454545456
170 753 0.058823529411764705
828 160 0.0047169811320754715
235 236 0.020833333333333332
129 840 0.0625
129 457 0.04
577 282 0.009433962264150943
570 7 0.02040816326530612
13 771 0.125
288 758 0.07142857142857142
249 221 0.018518518518518517
690 447 0.03571428571428571
832 58 0.009708737864077669
115 533 0.011764705882352941
601 523 0.0625
593 200 0.029411764705882353
314 340 0.010869565217391304
169 437 0.038461538461538464
225 459 0.015384615384615385
340 314 0.03125
215 159 0.029411764705882353
215 53 0.037037037037037035
107 428 0.043478260869565216
103 392 0.05263157894736842
159 215 0.013333333333333334
478 514 0.09090909090909091
107 8 0.029411764705882353
24 24 0.038461538461538464
346 51 0.016129032258064516
346 128 0.007575757575757576
425 90 0.041666666666666664
443 443 0.023809523809523808
90 425 0.058823529411764705
526 568 0.043478260869565216
249 661 0.02564102564102564
137 329 0.011764705882352941
133 172 0.014285714285714285
133 93 0.0196078431372549
661 249 0.008928571428571428
434 412 0.016666666666666666
80 92 0.02631578947368421
172 183 0.006993006993006993
172 133 0.0136986301369863
193 832 0.045454545454545456
412 434 0.006622516556291391
757 757 0.25
115 753 0.058823529411764705
427 47 0.02127659574468085
443 47 0.02127659574468085
443 820 0.010416666666666666
165 93 0.0196078431372549
69 87 0.009174311926605505
15 45 0.02631578947368421
820 53 0.037037037037037035
329 137 0.012987012987012988
820 159 0.029411764705882353
305 718 0.16666666666666666
132 58 0.009708737864077669
748 105 0.008695652173913044
491 377 0.011363636363636364
222 86 0.006493506493506494
430 543 0.030303030303030304
181 393 0.015151515151515152
160 47 0.02127659574468085
523 601 0.02702702702702703
105 748 0.047619047619047616
320 434 0.006622516556291391
129 81 0.010869565217391304
129 44 0.010869565217391304
129 362 0.016129032258064516
129 303 0.012048192771084338
129 210 0.012987012987012988
129 19 0.016129032258064516
129 21 0.009009009009009009
129 106 0.0078125
303 129 0.007194244604316547
434 320 0.025
320 391 0.05263157894736842
62 493 0.0136986301369863
588 28 0.010416666666666666
644 5 0.008064516129032258
443 96 0.010309278350515464
329 113 0.013513513513513514
391 776 0.04
96 370 0.07142857142857142
508 68 0.02564102564102564
64 113 0.013513513513513514
64 199 0.02631578947368421
199 64 0.007352941176470588
121 550 0.04
121 544 0.03571428571428571
160 65 0.025
121 226 0.021739130434782608
121 163 0.02702702702702703
121 490 0.029411764705882353
211 152 0.016666666666666666
211 389 0.029411764705882353
211 364 0.1111111111111111
211 340 0.010869565217391304
211 582 0.07692307692307693
278 301 0.008620689655172414
68 301 0.008620689655172414
160 262 0.045454545454545456
700 661 0.02564102564102564
214 301 0.008620689655172414
303 4 0.013513513513513514
303 520 0.020833333333333332
303 3 0.016129032258064516
303 281 0.022222222222222223
303 174 0.015384615384615385
776 391 0.05263157894736842
80 21 0.009009009009009009
140 274 0.043478260869565216
165 123 0.03333333333333333
63 301 0.008620689655172414
290 129 0.007194244604316547
183 3 0.016129032258064516
128 157 0.018518518518518517
4 803 0.0625
412 57 0.018518518518518517
357 68 0.02564102564102564
113 329 0.011764705882352941
434 208 0.019230769230769232
170 117 0.06666666666666667
142 441 0.022727272727272728
274 140 0.030303030303030304
160 333 0.010638297872340425
809 552 0.027777777777777776
272 3 0.016129032258064516
301 157 0.018518518518518517
301 63 0.009615384615384616
543 430 0.024390243902439025
301 214 0.02
138 815 0.07142857142857142
350 377 0.011363636363636364
93 493 0.0136986301369863
92 815 0.07142857142857142
17 17 0.01639344262295082
474 183 0.006993006993006993
502 301 0.008620689655172414
662 371 0.013157894736842105
223 83 0.011627906976744186
116 753 0.058823529411764705
88 149 0.041666666666666664
201 5 0.008064516129032258
201 64 0.007352941176470588
149 88 0.03333333333333333
125 62 0.00558659217877095
434 173 0.015873015873015872
453 301 0.008620689655172414
434 53 0.037037037037037035
159 105 0.008695652173913044
434 159 0.029411764705882353
810 560 0.03571428571428571
46 300 0.025
301 502 0.05555555555555555
159 434 0.006622516556291391
421 434 0.006622516556291391
494 187 0.02564102564102564
459 215 0.013333333333333334
86 438 0.013157894736842105
332 487 0.08333333333333333
64 201 0.023255813953488372
434 612 0.02127659574468085
810 471 0.125
815 138 0.034482758620689655
242 105 0.008695652173913044
145 269 0.014492753623188406
145 518 0.015151515151515152
145 46 0.014705882352941176
815 92 0.02631578947368421
841 841 0.14285714285714285
184 249 0.008928571428571428
481 421 0.020833333333333332
357 106 0.0078125
438 86 0.006493506493506494
117 170 0.011494252873563218
105 242 0.03571428571428571
558 487 0.08333333333333333
95 143 0.022222222222222223
685 286 0.024390243902439025
5 201 0.023255813953488372
284 292 0.029411764705882353
195 803 0.0625
327 105 0.008695652173913044
434 2 0.012987012987012988
211 842 0.5
222 311 0.03225806451612903
211 518 0.015151515151515152
92 80 0.01639344262295082
98 708 0.058823529411764705
816 165 0.010869565217391304
184 365 0.011111111111111112
195 193 0.04
440 64 0.007352941176470588
486 168 0.015873015873015872
421 481 0.02564102564102564
815 5 0.008064516129032258
458 5 0.008064516129032258
803 195 0.034482758620689655
208 137 0.012987012987012988
212 820 0.010416666666666666
226 283 0.008333333333333333
44 129 0.007194244604316547
354 64 0.007352941176470588
131 481 0.02564102564102564
473 301 0.008620689655172414
159 301 0.008620689655172414
301 473 0.013333333333333334
301 159 0.029411764705882353
261 261 0.023255813953488372
361 333 0.010638297872340425
177 214 0.02
368 537 0.05555555555555555
133 464 0.023255813953488372
133 292 0.029411764705882353
262 278 0.025
52 537 0.05555555555555555
686 531 0.021739130434782608
686 263 0.02127659574468085
367 35 0.018867924528301886
214 177 0.024390243902439025
13 285 0.014705882352941176
13 272 0.024390243902439025
166 142 0.010101010101010102
7 86 0.006493506493506494
284 342 0.022727272727272728
320 734 0.07692307692307693
47 160 0.0047169811320754715
262 160 0.0047169811320754715
86 7 0.02040816326530612
443 85 0.02857142857142857
797 342 0.022727272727272728
153 301 0.008620689655172414
160 206 0.022727272727272728
598 553 0.125
143 86 0.006493506493506494
615 147 0.02702702702702703
86 143 0.022222222222222223
47 427 0.02127659574468085
412 285 0.014705882352941176
366 166 0.007874015748031496
166 366 0.011627906976744186
9 265 0.03225806451612903
367 367 0.014084507042253521
247 700 0.037037037037037035
265 9 0.037037037037037035
336 170 0.011494252873563218
183 29 0.020833333333333332
255 5 0.008064516129032258
96 481 0.02564102564102564
157 344 0.07142857142857142
157 231 0.02040816326530612
53 215 0.013333333333333334
53 820 0.010416666666666666
53 434 0.006622516556291391
387 387 0.043478260869565216
158 105 0.008695652173913044
182 167 0.02040816326530612
19 141 0.014705882352941176
323 5 0.008064516129032258
471 421 0.020833333333333332
438 93 0.0196078431372549
105 158 0.023255813953488372
424 282 0.009433962264150943
663 81 0.010869565217391304
141 19 0.016129032258064516
241 499 0.02564102564102564
241 592 0.034482758620689655
241 209 0.016666666666666666
531 686 0.125
241 237 0.043478260869565216
256 186 0.05
14 434 0.006622516556291391
312 189 0.01639344262295082
13 190 0.034482758620689655
271 448 0.030303030303030304
167 182 0.03571428571428571
544 813 0.2
644 64 0.007352941176470588
19 499 0.02564102564102564
229 198 0.05263157894736842
13 164 0.02564102564102564
190 13 0.01639344262295082
93 438 0.013157894736842105
292 280 0.009615384615384616
249 427 0.02127659574468085
273 819 0.2
477 469 0.05555555555555555
310 105 0.008695652173913044
815 208 0.019230769230769232
3 107 0.005917159763313609
105 508 0.038461538461538464
665 303 0.012048192771084338
234 828 0.05263157894736842
234 121 0.006369426751592357
234 404 0.01639344262295082
234 239 0.09090909090909091
234 160 0.0047169811320754715
234 58 0.009708737864077669
234 474 0.01639344262295082
234 145 0.02127659574468085
211 604 0.125
249 243 0.021739130434782608
5 128 0.007575757575757576
83 290 0.014925373134328358
83 484 0.05263157894736842
225 301 0.008620689655172414
335 274 0.043478260869565216
358 9 0.037037037037037035
107 3 0.016129032258064516
31 30 0.01818181818181818
707 247 0.06666666666666667
150 250 0.03333333333333333
5 255 0.022222222222222223
169 105 0.008695652173913044
179 378 0.041666666666666664
349 156 0.05
57 815 0.07142857142857142
815 57 0.018518518518518517
5 323 0.03225806451612903
129 351 0.023255813953488372
29 133 0.0136986301369863
156 180 0.014705882352941176
156 349 0.05555555555555555
140 64 0.007352941176470588
121 80 0.01639344262295082
121 234 0.029411764705882353
121 767 0.16666666666666666
121 552 0.027777777777777776
174 815 0.07142857142857142
87 74 0.013157894736842105
87 459 0.015384615384615385
87 187 0.02564102564102564
87 222 0.017857142857142856
573 8 0.029411764705882353
473 299 0.047619047619047616
460 159 0.029411764705882353
166 86 0.006493506493506494
282 404 0.01639344262295082
199 105 0.008695652173913044
292 133 0.0136986301369863
301 225 0.04
107 820 0.010416666666666666
392 296 0.014285714285714285
272 651 0.08333333333333333
62 174 0.015384615384615385
826 193 0.04
190 299 0.047619047619047616
651 272 0.024390243902439025
281 738 0.03125
299 190 0.034482758620689655
437 89 0.017543859649122806
483 133 0.0136986301369863
448 271 0.017241379310344827
182 390 0.034482758620689655
182 391 0.05263157894736842
182 296 0.014285714285714285
182 395 0.027777777777777776
182 295 0.01818181818181818
326 86 0.006493506493506494
118 51 0.016129032258064516
457 421 0.020833333333333332
94 206 0.022727272727272728
361 135 0.02857142857142857
15 183 0.006993006993006993
68 173 0.015873015873015872
83 113 0.013513513513513514
74 116 0.014705882352941176
285 183 0.006993006993006993
29 183 0.006993006993006993
157 53 0.037037037037037035
602 699 0.045454545454545456
602 525 0.029411764705882353
173 68 0.02564102564102564
79 14 0.01818181818181818
215 747 0.045454545454545456
79 51 0.016129032258064516
79 128 0.007575757575757576
249 460 0.022727272727272728
128 79 0.02857142857142857
440 5 0.008064516129032258
121 543 0.030303030303030304
121 281 0.022222222222222223
546 233 0.022222222222222223
504 301 0.008620689655172414
12 358 0.025
64 440 0.015873015873015872
686 301 0.008620689655172414
358 12 0.021739130434782608
281 121 0.006369426751592357
723 546 0.0136986301369863
423 318 0.02
30 764 0.1111111111111111
186 283 0.008333333333333333
134 64 0.007352941176470588
64 134 0.047619047619047616
64 149 0.041666666666666664
283 379 0.029411764705882353
546 723 0.09090909090909091
155 301 0.008620689655172414
268 223 0.024390243902439025
143 166 0.007874015748031496
700 720 0.0625
51 143 0.022222222222222223
293 754 0.045454545454545456
40 560 0.03571428571428571
560 40 0.020833333333333332
188 366 0.011627906976744186
149 64 0.007352941176470588
53 128 0.007575757575757576
53 157 0.018518518518518517
183 169 0.010416666666666666
316 215 0.013333333333333334
116 74 0.013157894736842105
5 440 0.015873015873015872
570 452 0.034482758620689655
3 571 0.05
128 53 0.037037037037037035
62 338 0.019230769230769232
184 183 0.006993006993006993
482 89 0.017543859649122806
167 339 0.025
510 19 0.016129032258064516
173 83 0.011627906976744186
820 183 0.006993006993006993
187 74 0.013157894736842105
187 459 0.015384615384615385
417 86 0.006493506493506494
13 273 0.041666666666666664
277 214 0.02
549 661 0.02564102564102564
107 531 0.021739130434782608
361 27 0.0196078431372549
661 549 0.023809523809523808
62 179 0.02040816326530612
159 820 0.010416666666666666
303 80 0.01639344262295082
303 28 0.010416666666666666
303 21 0.009009009009009009
303 114 0.009174311926605505
303 340 0.010869565217391304
303 169 0.010416666666666666
303 367 0.014084507042253521
303 329 0.011764705882352941
340 438 0.013157894736842105
58 81 0.010869565217391304
179 388 0.043478260869565216
494 209 0.016666666666666666
265 61 0.01818181818181818
28 24 0.038461538461538464
13 489 0.037037037037037035
261 455 0.0196078431372549
183 820 0.010416666666666666
62 393 0.015151515151515152
10 69 0.024390243902439025
141 438 0.013157894736842105
47 361 0.02127659574468085
86 504 0.027777777777777776
366 165 0.010869565217391304
61 265 0.03225806451612903
160 435 0.25
327 141 0.014705882352941176
259 327 0.034482758620689655
438 141 0.014705882352941176
376 719 0.08333333333333333
327 259 0.04
661 11 0.016129032258064516
661 161 0.02857142857142857
141 327 0.034482758620689655
499 241 0.05
815 80 0.01639344262295082
815 174 0.015384615384615385
193 826 0.045454545454545456
460 460 0.022727272727272728
5 192 0.05263157894736842
258 198 0.05263157894736842
820 62 0.00558659217877095
425 401 0.03125
7 511 0.047619047619047616
705 450 0.018867924528301886
65 486 0.022727272727272728
202 623 0.1111111111111111
133 544 0.03571428571428571
817 515 0.02564102564102564
526 14 0.01818181818181818
694 706 0.1
426 403 0.058823529411764705
623 791 0.2
706 280 0.009615384615384616
835 275 0.04
544 568 0.043478260869565216
543 817 0.2
403 291 0.045454545454545456
486 714 0.043478260869565216
843 290 0.014925373134328358
655 458 0.024390243902439025
458 172 0.014285714285714285
440 53 0.037037037037037035
399 526 0.02
419 789 0.1
789 835 0.16666666666666666
515 270 0.08333333333333333
183 413 0.041666666666666664
232 705 0.14285714285714285
292 523 0.0625
523 543 0.030303030303030304
563 464 0.023255813953488372
256 365 0.011111111111111112
562 202 0.16666666666666666
425 567 0.25
567 843 1.0
14 256 0.00847457627118644
664 694 0.14285714285714285
600 401 0.03125
401 399 0.05555555555555555
844 133 0.0136986301369863
585 168 0.015873015873015872
276 426 0.021739130434782608
491 624 0.09090909090909091
13 156 0.05
494 576 0.05263157894736842
434 145 0.02127659574468085
167 122 0.047619047619047616
95 122 0.047619047619047616
543 129 0.007194244604316547
543 121 0.006369426751592357
13 514 0.09090909090909091
813 544 0.03571428571428571
333 601 0.02702702702702703
92 127 0.0625
249 420 0.009174311926605505
157 149 0.041666666666666664
450 623 0.1111111111111111
85 151 0.023809523809523808
282 340 0.010869565217391304
323 618 0.07692307692307693
323 640 0.058823529411764705
323 662 0.0625
170 16 0.014705882352941176
101 323 0.03225806451612903
661 211 0.00847457627118644
484 822 0.06666666666666667
122 95 0.02702702702702703
107 441 0.022727272727272728
368 14 0.01818181818181818
547 333 0.010638297872340425
333 492 0.043478260869565216
455 64 0.007352941176470588
733 723 0.09090909090909091
314 365 0.011111111111111112
64 455 0.0196078431372549
434 152 0.016666666666666666
434 121 0.006369426751592357
434 282 0.009433962264150943
221 85 0.02857142857142857
31 165 0.010869565217391304
13 339 0.025
131 57 0.018518518518518517
312 317 0.05263157894736842
487 558 0.09090909090909091
62 498 0.01639344262295082
455 261 0.023255813953488372
127 92 0.02631578947368421
371 124 0.030303030303030304
165 550 0.04
165 490 0.029411764705882353
165 226 0.021739130434782608
220 215 0.013333333333333334
220 128 0.007575757575757576
220 434 0.006622516556291391
37 123 0.03333333333333333
226 165 0.010869565217391304
278 128 0.007575757575757576
151 85 0.02857142857142857
128 220 0.07142857142857142
21 36 0.023255813953488372
122 167 0.02040816326530612
550 21 0.009009009009009009
340 133 0.0136986301369863
342 797 0.2
54 809 0.022727272727272728
809 54 0.023809523809523808
16 170 0.011494252873563218
79 811 0.2
79 77 0.05555555555555555
79 539 0.14285714285714285
79 445 0.041666666666666664
13 242 0.03571428571428571
259 127 0.0625
373 280 0.009615384615384616
339 167 0.02040816326530612
482 576 0.05263157894736842
643 50 0.06666666666666667
21 459 0.015384615384615385
602 365 0.011111111111111112
492 283 0.008333333333333333
621 180 0.014705882352941176
14 133 0.0136986301369863
242 13 0.01639344262295082
487 9 0.037037037037037035
23 301 0.008620689655172414
30 133 0.0136986301369863
249 602 0.05
411 305 0.019230769230769232
305 845 0.038461538461538464
544 183 0.006993006993006993
723 733 0.1
24 37 0.045454545454545456
115 492 0.043478260869565216
328 143 0.022222222222222223
328 66 0.05
328 514 0.09090909090909091
733 733 0.1
133 14 0.01818181818181818
133 30 0.01818181818181818
388 179 0.02040816326530612
615 152 0.016666666666666666
194 59 0.021739130434782608
314 434 0.006622516556291391
62 216 0.038461538461538464
216 62 0.00558659217877095
7 608 0.043478260869565216
423 62 0.00558659217877095
492 115 0.009900990099009901
401 130 0.027777777777777776
814 262 0.045454545454545456
303 159 0.029411764705882353
159 303 0.012048192771084338
183 159 0.029411764705882353
647 458 0.024390243902439025
31 170 0.011494252873563218
31 96 0.010309278350515464
846 605 0.25
290 83 0.011627906976744186
223 268 0.034482758620689655
83 557 0.06666666666666667
530 293 0.0625
557 83 0.011627906976744186
338 183 0.006993006993006993
41 5 0.008064516129032258
588 307 0.08333333333333333
458 142 0.010101010101010102
183 210 0.012987012987012988
183 89 0.017543859649122806
183 520 0.020833333333333332
183 165 0.010869565217391304
183 338 0.019230769230769232
420 249 0.008928571428571428
411 552 0.027777777777777776
36 21 0.009009009009009009
165 96 0.010309278350515464
165 223 0.024390243902439025
518 661 0.02564102564102564
518 211 0.00847457627118644
192 102 0.0625
531 365 0.011111111111111112
446 140 0.030303030303030304
58 422 0.03225806451612903
422 58 0.009708737864077669
738 285 0.014705882352941176
256 518 0.015151515151515152
504 86 0.006493506493506494
64 90 0.041666666666666664
31 24 0.038461538461538464
809 132 0.019230769230769232
24 31 0.02564102564102564
481 285 0.014705882352941176
356 16 0.014705882352941176
160 286 0.024390243902439025
615 518 0.015151515151515152
615 492 0.043478260869565216
615 142 0.010101010101010102
412 102 0.0625
215 717 0.1
68 106 0.0078125
96 361 0.02127659574468085
172 542 0.07142857142857142
340 16 0.014705882352941176
64 191 0.02127659574468085
564 12 0.021739130434782608
564 190 0.034482758620689655
564 365 0.011111111111111112
361 96 0.010309278350515464
12 62 0.00558659217877095
271 192 0.05263157894736842
689 198 0.05263157894736842
62 12 0.021739130434782608
194 803 0.0625
284 621 0.07692307692307693
62 269 0.014492753623188406
192 271 0.017241379310344827
443 38 0.034482758620689655
455 116 0.014705882352941176
455 24 0.038461538461538464
498 73 0.04
207 199 0.02631578947368421
261 119 0.07692307692307693
261 655 0.038461538461538464
261 427 0.02127659574468085
261 470 0.047619047619047616
441 324 0.07142857142857142
615 155 0.018867924528301886
115 816 0.05555555555555555
115 453 0.05
115 493 0.0136986301369863
115 41 0.015151515151515152
62 19 0.016129032258064516
62 418 0.034482758620689655
62 306 0.03125
62 35 0.018867924528301886
83 173 0.015873015873015872
442 36 0.023255813953488372
285 271 0.017241379310344827
160 230 0.058823529411764705
160 464 0.023255813953488372
518 249 0.008928571428571428
388 296 0.014285714285714285
294 301 0.008620689655172414
93 714 0.043478260869565216
282 434 0.006622516556291391
205 820 0.010416666666666666
320 296 0.014285714285714285
320 103 0.023255813953488372
285 371 0.013157894736842105
333 847 0.03571428571428571
96 165 0.010869565217391304
13 343 0.05
13 322 0.05
13 184 0.013888888888888888
61 296 0.014285714285714285
494 115 0.009900990099009901
464 160 0.0047169811320754715
458 647 0.09090909090909091
243 64 0.007352941176470588
424 356 0.02127659574468085
424 329 0.011764705882352941
285 586 0.04
714 401 0.03125
435 160 0.0047169811320754715
391 182 0.03571428571428571
198 5 0.008064516129032258
257 450 0.018867924528301886
845 305 0.019230769230769232
160 12 0.021739130434782608
248 17 0.01639344262295082
301 294 0.045454545454545456
459 21 0.009009009009009009
333 166 0.007874015748031496
73 498 0.01639344262295082
45 273 0.041666666666666664
278 28 0.010416666666666666
278 722 0.25
820 249 0.008928571428571428
498 74 0.013157894736842105
249 820 0.010416666666666666
615 244 0.037037037037037035
434 314 0.03125
262 814 0.25
244 615 0.025
285 164 0.02564102564102564
7 430 0.024390243902439025
451 466 0.027777777777777776
433 434 0.006622516556291391
82 147 0.02702702702702703
841 376 0.027777777777777776
173 416 0.3333333333333333
173 777 0.058823529411764705
376 841 0.14285714285714285
62 459 0.015384615384615385
588 392 0.05263157894736842
161 504 0.027777777777777776
13 356 0.02127659574468085
13 207 0.034482758620689655
161 496 0.05
74 498 0.01639344262295082
249 362 0.016129032258064516
243 58 0.009708737864077669
58 243 0.021739130434782608
46 447 0.03571428571428571
211 46 0.014705882352941176
211 174 0.015384615384615385
211 450 0.018867924528301886
520 520 0.020833333333333332
826 58 0.009708737864077669
12 707 0.029411764705882353
551 533 0.011764705882352941
280 813 0.2
608 266 0.043478260869565216
443 113 0.013513513513513514
366 187 0.02564102564102564
303 46 0.014705882352941176
450 211 0.00847457627118644
355 329 0.011764705882352941
355 303 0.012048192771084338
355 114 0.009174311926605505
355 472 0.14285714285714285
355 46 0.014705882352941176
355 255 0.022222222222222223
307 226 0.021739130434782608
96 31 0.02564102564102564
121 222 0.017857142857142856
160 690 0.07142857142857142
132 807 0.16666666666666666
409 33 0.041666666666666664
388 378 0.041666666666666664
184 160 0.0047169811320754715
333 302 0.043478260869565216
46 355 0.024390243902439025
107 87 0.009174311926605505
87 107 0.005917159763313609
114 303 0.012048192771084338
137 126 0.03571428571428571
685 809 0.022727272727272728
741 250 0.03333333333333333
74 330 0.1111111111111111
340 848 0.3333333333333333
313 313 0.058823529411764705
450 257 0.0625
73 313 0.058823529411764705
302 419 0.013888888888888888
419 302 0.043478260869565216
46 283 0.008333333333333333
160 466 0.027777777777777776
62 280 0.009615384615384616
313 73 0.04
160 3 0.016129032258064516
160 275 0.04
160 424 0.011111111111111112
10 340 0.010869565217391304
253 62 0.00558659217877095
215 0 0.03125
62 253 0.043478260869565216
305 271 0.017241379310344827
107 187 0.02564102564102564
297 341 0.1111111111111111
329 283 0.008333333333333333
15 272 0.024390243902439025
271 305 0.019230769230769232
114 355 0.024390243902439025
28 46 0.014705882352941176
445 340 0.010869565217391304
329 355 0.024390243902439025
362 496 0.05
283 46 0.014705882352941176
374 499 0.02564102564102564
374 500 0.05555555555555555
374 501 0.07142857142857142
374 503 0.08333333333333333
374 406 0.04
374 407 0.045454545454545456
374 504 0.027777777777777776
374 505 0.07692307692307693
374 358 0.025
374 506 0.0196078431372549
333 160 0.0047169811320754715
429 579 0.0625
429 461 0.0625
429 335 0.043478260869565216
429 322 0.05
59 160 0.0047169811320754715
106 107 0.005917159763313609
183 460 0.022727272727272728
211 355 0.024390243902439025
211 169 0.010416666666666666
280 62 0.00558659217877095
126 271 0.017241379310344827
126 137 0.012987012987012988
210 46 0.014705882352941176
845 2 0.012987012987012988
419 655 0.038461538461538464
218 36 0.023255813953488372
114 255 0.022222222222222223
172 377 0.011363636363636364
328 375 0.018867924528301886
328 357 0.023809523809523808
303 283 0.008333333333333333
187 107 0.005917159763313609
248 459 0.015384615384615385
62 356 0.02127659574468085
251 338 0.019230769230769232
255 329 0.011764705882352941
255 114 0.009174311926605505
255 46 0.014705882352941176
133 346 0.041666666666666664
81 46 0.014705882352941176
15 362 0.016129032258064516
450 5 0.008064516129032258
662 366 0.011627906976744186
183 473 0.013333333333333334
346 133 0.0136986301369863
213 213 0.027777777777777776
329 255 0.022222222222222223
92 92 0.02631578947368421
115 361 0.02127659574468085
115 531 0.021739130434782608
115 79 0.02857142857142857
107 255 0.022222222222222223
107 253 0.043478260869565216
355 211 0.00847457627118644
355 371 0.013157894736842105
355 63 0.009615384615384616
355 169 0.010416666666666666
371 285 0.014705882352941176
116 263 0.02127659574468085
446 448 0.030303030303030304
255 211 0.00847457627118644
255 371 0.013157894736842105
255 63 0.009615384615384616
255 169 0.010416666666666666
31 151 0.023809523809523808
597 756 0.058823529411764705
362 15 0.022222222222222223
332 700 0.037037037037037035
371 355 0.024390243902439025
145 144 0.09090909090909091
441 107 0.005917159763313609
391 320 0.025
434 210 0.012987012987012988
434 58 0.009708737864077669
533 128 0.007575757575757576
2 845 0.038461538461538464
58 434 0.006622516556291391
531 165 0.010869565217391304
200 776 0.04
211 11 0.016129032258064516
340 593 0.02564102564102564
784 784 0.5
845 63 0.009615384615384616
79 116 0.014705882352941176
63 355 0.024390243902439025
63 169 0.010416666666666666
14 498 0.01639344262295082
13 579 0.0625
427 86 0.006493506493506494
336 438 0.013157894736842105
13 83 0.011627906976744186
166 210 0.012987012987012988
17 166 0.007874015748031496
169 355 0.024390243902439025
699 44 0.010869565217391304
169 255 0.022222222222222223
419 482 0.02857142857142857
419 183 0.006993006993006993
63 845 0.038461538461538464
356 62 0.00558659217877095
195 286 0.024390243902439025
115 160 0.0047169811320754715
183 544 0.03571428571428571
62 494 0.0125
667 37 0.045454545454545456
5 198 0.05263157894736842
86 427 0.02127659574468085
35 107 0.005917159763313609
84 513 0.024390243902439025
376 18 0.021739130434782608
518 422 0.03225806451612903
160 226 0.021739130434782608
183 419 0.013888888888888888
545 26 0.03333333333333333
545 785 0.25
545 27 0.0196078431372549
545 34 0.043478260869565216
545 590 0.03571428571428571
124 139 0.027777777777777776
409 27 0.0196078431372549
426 450 0.018867924528301886
426 493 0.0136986301369863
608 7 0.02040816326530612
105 543 0.030303030303030304
65 752 0.2
126 55 0.02857142857142857
18 376 0.027777777777777776
211 329 0.011764705882352941
211 255 0.022222222222222223
211 114 0.009174311926605505
211 81 0.010869565217391304
307 18 0.021739130434782608
63 329 0.011764705882352941
63 255 0.022222222222222223
63 114 0.009174311926605505
63 81 0.010869565217391304
815 64 0.007352941176470588
322 446 0.045454545454545456
201 198 0.05263157894736842
201 202 0.16666666666666666
201 593 0.02564102564102564
201 204 0.03571428571428571
201 776 0.04
201 205 0.037037037037037035
303 355 0.024390243902439025
700 247 0.06666666666666667
355 170 0.011494252873563218
355 137 0.012987012987012988
114 170 0.011494252873563218
2 571 0.05
211 464 0.023255813953488372
169 303 0.012048192771084338
169 137 0.012987012987012988
198 419 0.013888888888888888
81 211 0.00847457627118644
81 63 0.009615384615384616
81 169 0.010416666666666666
464 211 0.00847457627118644
460 421 0.020833333333333332
459 498 0.01639344262295082
255 303 0.012048192771084338
255 170 0.011494252873563218
255 137 0.012987012987012988
498 459 0.015384615384615385
14 523 0.0625
14 706 0.1
108 469 0.05555555555555555
231 526 0.02
523 14 0.01818181818181818
176 333 0.010638297872340425
81 303 0.012048192771084338
81 170 0.011494252873563218
820 346 0.041666666666666664
655 655 0.038461538461538464
0 309 0.034482758620689655
174 363 0.02564102564102564
351 280 0.009615384615384616
482 339 0.025
355 184 0.013888888888888888
114 184 0.013888888888888888
662 662 0.0625
482 64 0.007352941176470588
77 107 0.005917159763313609
26 29 0.020833333333333332
336 485 0.037037037037037035
139 124 0.030303030303030304
444 48 0.021739130434782608
569 359 0.05
539 160 0.0047169811320754715
640 404 0.01639344262295082
160 539 0.14285714285714285
159 460 0.022727272727272728
286 520 0.020833333333333332
438 336 0.03125
564 242 0.03571428571428571
113 26 0.03333333333333333
57 849 0.14285714285714285
165 816 0.05555555555555555
243 210 0.012987012987012988
199 850 0.5
199 593 0.02564102564102564
60 378 0.041666666666666664
60 104 0.03125
60 60 0.02564102564102564
793 316 0.02631578947368421
359 569 0.034482758620689655
210 243 0.021739130434782608
195 520 0.020833333333333332
52 1 0.0196078431372549
52 314 0.03125
125 404 0.01639344262295082
314 52 0.05555555555555555
518 362 0.016129032258064516
281 412 0.016666666666666666
307 114 0.009174311926605505
89 2 0.012987012987012988
424 62 0.00558659217877095
367 366 0.011627906976744186
2 89 0.017543859649122806
441 121 0.006369426751592357
278 345 0.043478260869565216
409 316 0.02631578947368421
317 314 0.03125
419 365 0.011111111111111112
246 498 0.01639344262295082
160 188 0.038461538461538464
166 214 0.02
299 81 0.010869565217391304
644 296 0.014285714285714285
160 666 0.0625
177 459 0.015384615384615385
720 700 0.037037037037037035
376 179 0.02040816326530612
44 441 0.022727272727272728
20 536 0.09090909090909091
137 285 0.014705882352941176
292 493 0.0136986301369863
776 203 0.02564102564102564
444 318 0.02
35 655 0.038461538461538464
137 166 0.007874015748031496
366 82 0.008264462809917356
166 576 0.05263157894736842
536 20 0.015625
59 194 0.023809523809523808
142 434 0.006622516556291391
280 95 0.02702702702702703
280 181 0.022222222222222223
280 228 0.045454545454545456
168 275 0.04
87 543 0.030303030303030304
87 820 0.010416666666666666
419 473 0.013333333333333334
275 168 0.015873015873015872
362 283 0.008333333333333333
809 174 0.015384615384615385
31 39 0.030303030303030304
193 195 0.034482758620689655
6 412 0.016666666666666666
412 6 0.010752688172043012
460 533 0.011764705882352941
11 211 0.00847457627118644
655 35 0.018867924528301886
65 450 0.018867924528301886
459 177 0.024390243902439025
114 280 0.009615384615384616
333 654 0.02702702702702703
820 162 0.0196078431372549
322 448 0.030303030303030304
340 143 0.022222222222222223
45 448 0.030303030303030304
543 87 0.009174311926605505
651 546 0.0136986301369863
280 114 0.009174311926605505
450 65 0.025
129 399 0.05555555555555555
638 44 0.010869565217391304
254 283 0.008333333333333333
655 151 0.023809523809523808
0 88 0.03333333333333333
832 832 0.045454545454545456
160 139 0.027777777777777776
664 664 0.1111111111111111
820 208 0.019230769230769232
41 460 0.022727272727272728
820 15 0.022222222222222223
89 159 0.029411764705882353
88 0 0.03125
533 818 0.1
169 183 0.006993006993006993
162 820 0.010416666666666666
121 19 0.016129032258064516
399 129 0.007194244604316547
357 480 0.029411764705882353
546 393 0.015151515151515152
280 367 0.014084507042253521
221 121 0.006369426751592357
5 516 0.08333333333333333
5 517 0.07692307692307693
249 419 0.013888888888888888
107 35 0.018867924528301886
747 184 0.013888888888888888
105 820 0.010416666666666666
419 249 0.008928571428571428
184 747 0.045454545454545456
446 15 0.022222222222222223
394 393 0.015151515151515152
195 809 0.022727272727272728
820 87 0.009174311926605505
810 269 0.014492753623188406
121 357 0.023809523809523808
170 31 0.02564102564102564
149 655 0.038461538461538464
70 152 0.016666666666666666
287 106 0.0078125
593 340 0.010869565217391304
820 105 0.008695652173913044
409 108 0.02702702702702703
106 287 0.058823529411764705
301 228 0.045454545454545456
57 604 0.125
80 356 0.02127659574468085
121 372 0.045454545454545456
361 151 0.023809523809523808
300 46 0.014705882352941176
349 347 0.041666666666666664
11 293 0.0625
11 498 0.01639344262295082
11 266 0.043478260869565216
11 8 0.029411764705882353
64 271 0.017241379310344827
674 504 0.027777777777777776
733 327 0.034482758620689655
11 247 0.06666666666666667
12 247 0.06666666666666667
281 411 0.013513513513513514
480 356 0.02127659574468085
480 21 0.009009009009009009
480 20 0.015625
480 375 0.018867924528301886
480 221 0.018518518518518517
480 671 0.04
52 103 0.023255813953488372
62 372 0.045454545454545456
375 480 0.029411764705882353
655 419 0.013888888888888888
21 480 0.029411764705882353
129 160 0.0047169811320754715
272 309 0.034482758620689655
272 612 0.02127659574468085
34 151 0.023809523809523808
327 733 0.1
822 563 0.08333333333333333
9 499 0.02564102564102564
372 62 0.00558659217877095
381 61 0.01818181818181818
61 381 0.037037037037037035
82 747 0.045454545454545456
82 526 0.02
82 486 0.022727272727272728
82 426 0.021739130434782608
82 168 0.015873015873015872
747 82 0.008264462809917356
106 717 0.1
123 420 0.009174311926605505
65 130 0.027777777777777776
132 210 0.012987012987012988
153 154 0.02631578947368421
210 132 0.019230769230769232
82 261 0.023255813953488372
82 508 0.038461538461538464
420 123 0.03333333333333333
82 820 0.010416666666666666
82 441 0.022727272727272728
266 441 0.022727272727272728
424 106 0.0078125
191 434 0.006622516556291391
434 191 0.02127659574468085
498 11 0.016129032258064516
511 64 0.007352941176470588
121 223 0.024390243902439025
95 593 0.02564102564102564
427 96 0.010309278350515464
64 511 0.047619047619047616
96 427 0.02127659574468085
160 480 0.029411764705882353
493 82 0.008264462809917356
221 218 0.023255813953488372
87 180 0.014705882352941176
593 95 0.02702702702702703
836 523 0.0625
329 469 0.05555555555555555
498 264 0.037037037037037035
747 418 0.034482758620689655
480 143 0.022222222222222223
219 60 0.02564102564102564
418 747 0.045454545454545456
333 162 0.0196078431372549
160 736 0.16666666666666666
240 209 0.016666666666666666
15 285 0.014705882352941176
15 429 0.03333333333333333
238 457 0.04
197 95 0.02702702702702703
438 339 0.025
307 537 0.05555555555555555
230 80 0.01639344262295082
230 375 0.018867924528301886
285 15 0.022222222222222223
247 11 0.016129032258064516
100 708 0.058823529411764705
100 124 0.030303030303030304
100 353 0.034482758620689655
100 323 0.03225806451612903
100 618 0.07692307692307693
100 640 0.058823529411764705
100 768 0.07692307692307693
100 99 0.043478260869565216
100 662 0.0625
100 125 0.05
100 185 0.1
8 11 0.016129032258064516
5 291 0.045454545454545456
5 141 0.014705882352941176
5 815 0.07142857142857142
125 100 0.027777777777777776
95 197 0.030303030303030304
62 521 0.07692307692307693
707 441 0.022727272727272728
443 48 0.021739130434782608
404 154 0.02631578947368421
662 100 0.027777777777777776
608 441 0.022727272727272728
496 488 0.14285714285714285
15 820 0.010416666666666666
655 149 0.041666666666666664
280 426 0.021739130434782608
508 747 0.045454545454545456
851 191 0.02127659574468085
700 441 0.022727272727272728
420 362 0.016129032258064516
11 530 0.125
74 549 0.023809523809523808
429 334 0.05555555555555555
851 852 0.2
851 605 0.25
573 441 0.022727272727272728
851 851 0.1111111111111111
720 441 0.022727272727272728
480 74 0.013157894736842105
480 509 0.02127659574468085
480 223 0.024390243902439025
480 357 0.023809523809523808
211 424 0.011111111111111112
93 526 0.02
93 458 0.024390243902439025
214 94 0.02702702702702703
160 776 0.04
166 159 0.029411764705882353
420 494 0.0125
183 458 0.024390243902439025
183 290 0.014925373134328358
183 426 0.021739130434782608
647 221 0.018518518518518517
160 306 0.03125
26 32 0.03125
145 271 0.017241379310344827
720 406 0.04
48 486 0.022727272727272728
67 86 0.006493506493506494
546 115 0.009900990099009901
221 647 0.09090909090909091
82 221 0.018518518518518517
82 74 0.013157894736842105
155 95 0.02702702702702703
82 222 0.017857142857142856
443 455 0.0196078431372549
82 104 0.03125
82 647 0.09090909090909091
82 548 0.05
82 133 0.0136986301369863
82 337 0.02702702702702703
82 295 0.01818181818181818
82 304 0.03571428571428571
82 170 0.011494252873563218
82 51 0.016129032258064516
82 143 0.022222222222222223
82 225 0.04
82 853 1.0
137 420 0.009174311926605505
420 137 0.012987012987012988
443 333 0.010638297872340425
443 527 0.06666666666666667
443 361 0.02127659574468085
443 417 0.018867924528301886
443 263 0.02127659574468085
443 444 0.04
443 725 0.08333333333333333
443 318 0.02
443 442 0.045454545454545456
443 547 0.034482758620689655
443 114 0.009174311926605505
443 423 0.03125
443 245 0.02127659574468085
443 76 0.045454545454545456
443 485 0.037037037037037035
443 171 0.02564102564102564
191 851 0.1111111111111111
195 586 0.04
6 308 0.02857142857142857
231 14 0.01818181818181818
557 518 0.015151515151515152
420 854 0.14285714285714285
304 285 0.014705882352941176
563 563 0.08333333333333333
304 82 0.008264462809917356
74 485 0.037037037037037035
221 248 0.05
221 116 0.014705882352941176
221 313 0.058823529411764705
221 73 0.04
221 485 0.037037037037037035
221 317 0.05263157894736842
165 31 0.02564102564102564
810 87 0.009174311926605505
84 441 0.022727272727272728
84 113 0.013513513513513514
84 752 0.2
84 555 0.06666666666666667
84 144 0.09090909090909091
84 493 0.0136986301369863
84 729 0.125
84 87 0.009174311926605505
84 37 0.045454545454545456
84 754 0.045454545454545456
84 249 0.008928571428571428
84 180 0.014705882352941176
422 154 0.02631578947368421
249 84 0.020833333333333332
493 84 0.020833333333333332
277 180 0.014705882352941176
434 333 0.010638297872340425
21 820 0.010416666666666666
278 621 0.07692307692307693
17 255 0.022222222222222223
17 467 0.05
17 386 0.125
17 494 0.0125
17 295 0.01818181818181818
266 11 0.016129032258064516
17 533 0.011764705882352941
17 253 0.043478260869565216
17 546 0.0136986301369863
17 405 0.012048192771084338
17 189 0.01639344262295082
17 283 0.008333333333333333
17 612 0.02127659574468085
17 162 0.0196078431372549
17 495 0.02040816326530612
15 420 0.009174311926605505
17 340 0.010869565217391304
17 363 0.02564102564102564
17 643 0.07692307692307693
17 366 0.011627906976744186
317 74 0.013157894736842105
17 378 0.041666666666666664
17 106 0.0078125
17 212 0.009900990099009901
17 83 0.011627906976744186
17 86 0.006493506493506494
17 726 0.1111111111111111
290 356 0.02127659574468085
77 62 0.00558659217877095
17 459 0.015384615384615385
273 15 0.022222222222222223
273 272 0.024390243902439025
273 164 0.02564102564102564
273 216 0.038461538461538464
498 44 0.010869565217391304
420 106 0.0078125
367 280 0.009615384615384616
390 182 0.03571428571428571
11 502 0.05555555555555555
13 98 0.043478260869565216
106 420 0.009174311926605505
420 139 0.027777777777777776
391 295 0.01818181818181818
61 396 0.07142857142857142
107 372 0.045454545454545456
508 189 0.01639344262295082
747 508 0.038461538461538464
160 591 0.14285714285714285
591 160 0.0047169811320754715
183 480 0.029411764705882353
183 509 0.02127659574468085
183 318 0.02
183 20 0.015625
183 188 0.038461538461538464
183 68 0.02564102564102564
183 137 0.012987012987012988
340 142 0.010101010101010102
160 610 0.125
160 19 0.016129032258064516
519 316 0.02631578947368421
249 533 0.011764705882352941
308 6 0.010752688172043012
226 443 0.023809523809523808
305 520 0.020833333333333332
256 531 0.021739130434782608
256 557 0.06666666666666667
135 361 0.02127659574468085
557 256 0.00847457627118644
182 380 0.030303030303030304
137 183 0.006993006993006993
73 116 0.014705882352941176
73 221 0.018518518518518517
73 223 0.024390243902439025
73 485 0.037037037037037035
73 317 0.05263157894736842
73 0 0.03125
723 306 0.03125
420 296 0.014285714285714285
810 296 0.014285714285714285
57 64 0.007352941176470588
82 327 0.034482758620689655
478 160 0.0047169811320754715
142 340 0.010869565217391304
91 183 0.006993006993006993
508 62 0.00558659217877095
82 454 0.14285714285714285
160 351 0.023255813953488372
183 602 0.05
251 62 0.00558659217877095
847 205 0.037037037037037035
317 248 0.05
317 116 0.014705882352941176
317 221 0.018518518518518517
317 313 0.058823529411764705
317 223 0.024390243902439025
317 18 0.021739130434782608
317 73 0.04
317 485 0.037037037037037035
62 251 0.03225806451612903
39 29 0.020833333333333332
205 847 0.03571428571428571
362 420 0.009174311926605505
378 296 0.014285714285714285
183 91 0.037037037037037035
183 155 0.018867924528301886
568 130 0.027777777777777776
441 19 0.016129032258064516
847 333 0.010638297872340425
54 2 0.012987012987012988
106 424 0.011111111111111112
68 183 0.006993006993006993
155 183 0.006993006993006993
131 809 0.022727272727272728
700 602 0.05
318 183 0.006993006993006993
128 214 0.02
166 174 0.015384615384615385
593 199 0.02631578947368421
333 163 0.02702702702702703
333 493 0.0136986301369863
333 820 0.010416666666666666
225 18 0.021739130434782608
285 304 0.03571428571428571
160 197 0.030303030303030304
284 681 0.05
245 183 0.006993006993006993
151 37 0.045454545454545456
421 7 0.02040816326530612
61 345 0.043478260869565216
90 183 0.006993006993006993
54 304 0.03571428571428571
25 361 0.02127659574468085
69 183 0.006993006993006993
304 54 0.023809523809523808
304 809 0.022727272727272728
809 304 0.03571428571428571
214 128 0.007575757575757576
361 25 0.03125
86 584 0.25
516 195 0.034482758620689655
54 96 0.010309278350515464
54 89 0.017543859649122806
54 88 0.03333333333333333
187 20 0.015625
367 748 0.047619047619047616
245 333 0.010638297872340425
16 183 0.006993006993006993
81 86 0.006493506493506494
748 367 0.014084507042253521
195 516 0.08333333333333333
195 517 0.07692307692307693
2 54 0.023809523809523808
89 54 0.023809523809523808
89 809 0.022727272727272728
405 158 0.023255813953488372
377 347 0.041666666666666664
299 855 0.25
531 363 0.02564102564102564
441 12 0.021739130434782608
417 107 0.005917159763313609
345 61 0.01818181818181818
273 271 0.017241379310344827
111 108 0.02702702702702703
349 160 0.0047169811320754715
160 91 0.037037037037037035
392 387 0.043478260869565216
17 671 0.04
17 21 0.009009009009009009
681 284 0.02857142857142857
546 155 0.018867924528301886
21 17 0.01639344262295082
160 303 0.012048192771084338
160 369 0.16666666666666666
655 223 0.024390243902439025
155 546 0.0136986301369863
158 405 0.012048192771084338
249 856 0.018867924528301886
809 131 0.021739130434782608
480 183 0.006993006993006993
114 609 0.2
128 327 0.034482758620689655
128 486 0.022727272727272728
21 221 0.018518518518518517
438 531 0.021739130434782608
255 1 0.0196078431372549
255 189 0.01639344262295082
255 316 0.02631578947368421
129 363 0.02564102564102564
121 474 0.01639344262295082
440 206 0.022727272727272728
489 132 0.019230769230769232
186 363 0.02564102564102564
486 820 0.010416666666666666
486 327 0.034482758620689655
855 299 0.047619047619047616
820 486 0.022727272727272728
820 327 0.034482758620689655
128 105 0.008695652173913044
714 714 0.043478260869565216
121 518 0.015151515151515152
307 310 0.041666666666666664
307 317 0.05263157894736842
596 596 0.3333333333333333
105 128 0.007575757575757576
282 209 0.016666666666666666
401 257 0.0625
440 438 0.013157894736842105
87 183 0.006993006993006993
183 245 0.02127659574468085
183 69 0.024390243902439025
183 90 0.041666666666666664
278 363 0.02564102564102564
271 273 0.041666666666666664
183 87 0.009174311926605505
327 820 0.010416666666666666
327 486 0.022727272727272728
225 74 0.013157894736842105
531 115 0.009900990099009901
363 278 0.025
531 438 0.013157894736842105
209 282 0.009433962264150943
20 187 0.02564102564102564
68 121 0.006369426751592357
121 411 0.013513513513513514
121 714 0.043478260869565216
74 480 0.029411764705882353
121 184 0.013888888888888888
18 225 0.04
22 11 0.016129032258064516
440 321 0.02702702702702703
61 440 0.015873015873015872
356 480 0.029411764705882353
40 170 0.011494252873563218
184 121 0.006369426751592357
290 106 0.0078125
845 4 0.013513513513513514
599 708 0.058823529411764705
599 304 0.03571428571428571
599 96 0.010309278350515464
599 132 0.019230769230769232
599 2 0.012987012987012988
599 211 0.00847457627118644
599 3 0.016129032258064516
599 63 0.009615384615384616
599 208 0.019230769230769232
183 270 0.08333333333333333
183 611 0.04
62 209 0.016666666666666666
440 435 0.25
395 393 0.015151515151515152
7 555 0.06666666666666667
160 427 0.02127659574468085
121 326 0.02702702702702703
209 62 0.00558659217877095
182 381 0.037037037037037035
182 392 0.05263157894736842
182 393 0.015151515151515152
182 394 0.03333333333333333
182 397 0.029411764705882353
182 378 0.041666666666666664
182 103 0.023255813953488372
182 181 0.022222222222222223
182 384 0.0625
182 283 0.008333333333333333
182 385 0.047619047619047616
182 387 0.043478260869565216
182 388 0.043478260869565216
182 250 0.03333333333333333
182 396 0.07142857142857142
182 377 0.011363636363636364
182 368 0.022222222222222223
182 104 0.03125
182 321 0.02702702702702703
182 60 0.02564102564102564
182 150 0.03125
519 518 0.015151515151515152
438 440 0.015873015873015872
4 845 0.038461538461538464
18 115 0.009900990099009901
405 46 0.014705882352941176
435 440 0.015873015873015872
65 401 0.03125
537 61 0.01818181818181818
142 216 0.038461538461538464
265 8 0.029411764705882353
544 544 0.03571428571428571
412 271 0.017241379310344827
31 29 0.020833333333333332
11 441 0.022727272727272728
11 22 0.07692307692307693
84 662 0.0625
106 255 0.022222222222222223
333 142 0.010101010101010102
121 480 0.029411764705882353
142 333 0.010638297872340425
520 183 0.006993006993006993
20 480 0.029411764705882353
377 128 0.007575757575757576
339 340 0.010869565217391304
490 405 0.012048192771084338
143 480 0.029411764705882353
54 411 0.013513513513513514
608 608 0.043478260869565216
170 145 0.02127659574468085
145 170 0.011494252873563218
327 128 0.007575757575757576
306 511 0.047619047619047616
160 8 0.029411764705882353
515 440 0.015873015873015872
411 54 0.023809523809523808
390 103 0.023255813953488372
170 229 0.037037037037037035
170 40 0.020833333333333332
223 20 0.015625
222 400 0.034482758620689655
255 215 0.013333333333333334
255 295 0.01818181818181818
459 74 0.013157894736842105
377 365 0.011111111111111112
357 142 0.010101010101010102
187 87 0.009174311926605505
20 223 0.024390243902439025
153 121 0.006369426751592357
459 467 0.05
483 483 0.027777777777777776
511 306 0.03125
216 592 0.034482758620689655
142 458 0.024390243902439025
568 450 0.018867924528301886
21 272 0.024390243902439025
13 211 0.00847457627118644
101 97 0.047619047619047616
19 700 0.037037037037037035
549 74 0.013157894736842105
596 282 0.009433962264150943
249 353 0.034482758620689655
124 706 0.1
282 612 0.02127659574468085
160 143 0.022222222222222223
499 699 0.045454545454545456
80 121 0.006369426751592357
121 368 0.022222222222222223
405 121 0.006369426751592357
255 365 0.011111111111111112
272 21 0.009009009009009009
373 508 0.038461538461538464
300 169 0.010416666666666666
374 5 0.008064516129032258
201 215 0.013333333333333334
169 300 0.025
564 564 0.3333333333333333
274 21 0.009009009009009009
115 249 0.008928571428571428
194 586 0.04
194 208 0.019230769230769232
230 74 0.013157894736842105
21 274 0.043478260869565216
662 84 0.020833333333333332
190 533 0.011764705882352941
178 180 0.014705882352941176
489 129 0.007194244604316547
708 708 0.058823529411764705
376 320 0.025
90 11 0.016129032258064516
86 67 0.125
543 425 0.058823529411764705
64 665 0.045454545454545456
818 533 0.011764705882352941
249 282 0.009433962264150943
249 142 0.010101010101010102
443 226 0.021739130434782608
154 412 0.016666666666666666
232 312 0.047619047619047616
719 719 0.08333333333333333
87 545 0.05263157894736842
310 365 0.011111111111111112
697 5 0.008064516129032258
176 478 0.037037037037037035
478 176 0.04
494 308 0.02857142857142857
520 6 0.010752688172043012
240 11 0.016129032258064516
460 244 0.037037037037037035
460 328 0.0625
460 57 0.018518518518518517
460 189 0.01639344262295082
11 90 0.041666666666666664
6 520 0.020833333333333332
308 494 0.0125
11 240 0.05
301 857 0.25
166 137 0.012987012987012988
621 301 0.008620689655172414
74 21 0.009009009009009009
74 20 0.015625
52 781 0.3333333333333333
293 365 0.011111111111111112
15 353 0.034482758620689655
121 143 0.022222222222222223
121 661 0.02564102564102564
121 401 0.03125
121 165 0.010869565217391304
661 121 0.006369426751592357
255 366 0.011627906976744186
358 530 0.125
366 255 0.022222222222222223
62 505 0.07692307692307693
300 329 0.011764705882352941
249 303 0.012048192771084338
249 236 0.020833333333333332
249 46 0.014705882352941176
786 465 0.1111111111111111
568 526 0.02
258 468 0.047619047619047616
113 847 0.03571428571428571
329 300 0.025
410 490 0.029411764705882353
300 158 0.023255813953488372
90 469 0.05555555555555555
349 320 0.025
740 51 0.016129032258064516
615 87 0.009174311926605505
294 129 0.007194244604316547
559 769 0.3333333333333333
375 81 0.010869565217391304
417 437 0.038461538461538464
17 341 0.1111111111111111
143 10 0.024390243902439025
443 847 0.03571428571428571
10 143 0.022222222222222223
153 160 0.0047169811320754715
106 355 0.024390243902439025
132 242 0.03571428571428571
242 132 0.019230769230769232
85 310 0.041666666666666664
374 166 0.007874015748031496
366 229 0.037037037037037035
499 374 0.1111111111111111
738 2 0.012987012987012988
249 310 0.041666666666666664
310 249 0.008928571428571428
525 504 0.027777777777777776
107 281 0.022222222222222223
408 586 0.04
166 353 0.034482758620689655
748 300 0.025
290 65 0.025
65 290 0.014925373134328358
450 133 0.0136986301369863
74 142 0.010101010101010102
300 64 0.007352941176470588
64 300 0.025
4 208 0.019230769230769232
450 600 0.1
166 74 0.013157894736842105
494 62 0.00558659217877095
618 98 0.043478260869565216
30 367 0.014084507042253521
116 28 0.010416666666666666
28 116 0.014705882352941176
121 282 0.009433962264150943
458 494 0.0125
822 593 0.02564102564102564
847 847 0.03571428571428571
858 306 0.03125
820 366 0.011627906976744186
187 1 0.0196078431372549
179 61 0.01818181818181818
529 529 0.03125
366 521 0.07692307692307693
28 107 0.005917159763313609
491 340 0.010869565217391304
485 74 0.013157894736842105
521 366 0.011627906976744186
317 17 0.01639344262295082
452 661 0.02564102564102564
106 184 0.013888888888888888
269 820 0.010416666666666666
756 227 0.05263157894736842
300 45 0.02631578947368421
283 820 0.010416666666666666
708 125 0.05
820 283 0.008333333333333333
83 209 0.016666666666666666
209 83 0.011627906976744186
157 128 0.007575757575757576
56 137 0.012987012987012988
65 366 0.011627906976744186
209 166 0.007874015748031496
127 1 0.0196078431372549
206 852 0.2
285 5 0.008064516129032258
58 304 0.03571428571428571
366 65 0.025
443 40 0.020833333333333332
215 201 0.023255813953488372
160 410 0.1111111111111111
300 531 0.021739130434782608
2 300 0.025
145 114 0.009174311926605505
350 345 0.043478260869565216
63 533 0.011764705882352941
300 2 0.012987012987012988
160 40 0.020833333333333332
87 412 0.016666666666666666
10 777 0.058823529411764705
74 366 0.011627906976744186
597 142 0.010101010101010102
114 145 0.02127659574468085
408 434 0.006622516556291391
335 124 0.030303030303030304
273 209 0.016666666666666666
273 428 0.043478260869565216
160 493 0.0136986301369863
45 300 0.025
209 273 0.041666666666666664
264 7 0.02040816326530612
748 564 0.3333333333333333
602 183 0.006993006993006993
529 496 0.05
440 320 0.025
412 87 0.009174311926605505
427 339 0.025
166 173 0.015873015873015872
166 209 0.016666666666666666
13 515 0.02564102564102564
366 10 0.024390243902439025
249 356 0.02127659574468085
249 329 0.011764705882352941
249 80 0.01639344262295082
249 490 0.029411764705882353
249 671 0.04
372 372 0.045454545454545456
469 96 0.010309278350515464
74 166 0.007874015748031496
445 848 0.3333333333333333
799 715 0.2
665 859 0.017241379310344827
16 280 0.009615384615384616
302 5 0.008064516129032258
10 366 0.011627906976744186
608 11 0.016129032258064516
107 366 0.011627906976744186
696 74 0.013157894736842105
579 446 0.045454545454545456
243 234 0.029411764705882353
106 467 0.05
366 107 0.005917159763313609
148 349 0.05555555555555555
303 249 0.008928571428571428
23 160 0.0047169811320754715
62 509 0.02127659574468085
223 317 0.05263157894736842
655 231 0.02040816326530612
371 236 0.020833333333333332
371 46 0.014705882352941176
593 350 0.05
229 366 0.011627906976744186
467 106 0.0078125
174 58 0.009708737864077669
236 63 0.009615384615384616
236 303 0.012048192771084338
236 371 0.013157894736842105
236 434 0.006622516556291391
236 46 0.014705882352941176
236 249 0.008928571428571428
73 106 0.0078125
602 496 0.05
142 80 0.01639344262295082
546 269 0.014492753623188406
546 211 0.00847457627118644
363 87 0.009174311926605505
160 159 0.029411764705882353
160 245 0.02127659574468085
638 169 0.010416666666666666
160 221 0.018518518518518517
166 147 0.02702702702702703
166 820 0.010416666666666666
661 7 0.02040816326530612
86 12 0.021739130434782608
160 452 0.034482758620689655
160 140 0.030303030303030304
106 73 0.04
526 426 0.021739130434782608
8 141 0.014705882352941176
847 455 0.0196078431372549
245 160 0.0047169811320754715
114 366 0.011627906976744186
149 575 0.09090909090909091
777 535 0.1111111111111111
337 82 0.008264462809917356
455 847 0.03571428571428571
506 211 0.00847457627118644
452 420 0.009174311926605505
166 115 0.009900990099009901
82 377 0.011363636363636364
107 82 0.008264462809917356
458 515 0.02564102564102564
321 440 0.015873015873015872
420 452 0.034482758620689655
312 256 0.00847457627118644
15 461 0.0625
15 446 0.045454545454545456
15 428 0.043478260869565216
15 447 0.03571428571428571
526 280 0.009615384615384616
211 506 0.0196078431372549
141 166 0.007874015748031496
257 401 0.03125
310 494 0.0125
54 249 0.008928571428571428
249 54 0.023809523809523808
427 142 0.010101010101010102
56 685 0.02702702702702703
427 62 0.00558659217877095
144 166 0.007874015748031496
427 612 0.02127659574468085
160 30 0.01818181818181818
58 166 0.007874015748031496
169 107 0.005917159763313609
272 563 0.08333333333333333
435 616 0.2
435 793 0.5
82 58 0.009708737864077669
592 160 0.0047169811320754715
160 207 0.034482758620689655
813 399 0.05555555555555555
813 413 0.041666666666666664
813 515 0.02564102564102564
813 817 0.2
813 168 0.015873015873015872
813 172 0.014285714285714285
813 836 0.2
813 543 0.030303030303030304
813 526 0.02
813 534 0.5
813 600 0.1
813 440 0.015873015873015872
813 714 0.043478260869565216
813 275 0.04
813 93 0.0196078431372549
813 129 0.007194244604316547
813 458 0.024390243902439025
813 403 0.058823529411764705
813 585 0.1111111111111111
154 183 0.006993006993006993
48 437 0.038461538461538464
166 58 0.009708737864077669
183 154 0.02631578947368421
125 354 0.1
125 708 0.058823529411764705
125 97 0.047619047619047616
125 371 0.013157894736842105
125 323 0.03225806451612903
125 618 0.07692307692307693
125 640 0.058823529411764705
125 99 0.043478260869565216
134 10 0.024390243902439025
335 335 0.043478260869565216
546 518 0.015151515151515152
312 74 0.013157894736842105
339 438 0.013157894736842105
160 592 0.034482758620689655
493 166 0.007874015748031496
393 282 0.009433962264150943
165 229 0.037037037037037035
166 493 0.0136986301369863
434 856 0.018867924528301886
278 681 0.05
82 53 0.037037037037037035
82 362 0.016129032258064516
467 509 0.02127659574468085
229 165 0.010869565217391304
570 19 0.016129032258064516
58 256 0.00847457627118644
81 405 0.012048192771084338
55 552 0.027777777777777776
231 343 0.05
569 141 0.014705882352941176
193 412 0.016666666666666666
21 87 0.009174311926605505
69 467 0.05
661 141 0.014705882352941176
754 141 0.014705882352941176
555 141 0.014705882352941176
608 141 0.014705882352941176
649 121 0.006369426751592357
265 141 0.014705882352941176
300 434 0.006622516556291391
358 141 0.014705882352941176
360 141 0.014705882352941176
494 229 0.037037037037037035
106 771 0.125
510 86 0.006493506493506494
37 667 0.03571428571428571
281 845 0.038461538461538464
265 7 0.02040816326530612
498 526 0.02
408 126 0.03571428571428571
229 494 0.0125
138 408 0.02631578947368421
264 141 0.014705882352941176
165 47 0.02127659574468085
170 360 0.03571428571428571
293 141 0.014705882352941176
121 649 0.1111111111111111
776 130 0.027777777777777776
57 809 0.022727272727272728
344 814 0.25
337 16 0.014705882352941176
107 828 0.05263157894736842
63 162 0.0196078431372549
408 489 0.037037037037037035
257 130 0.027777777777777776
64 601 0.02702702702702703
16 337 0.02702702702702703
820 82 0.008264462809917356
160 149 0.041666666666666664
63 685 0.02702702702702703
142 166 0.007874015748031496
180 166 0.007874015748031496
699 141 0.014705882352941176
366 494 0.0125
366 62 0.00558659217877095
23 166 0.007874015748031496
572 377 0.011363636363636364
264 19 0.016129032258064516
86 84 0.020833333333333332
162 63 0.009615384615384616
19 264 0.037037037037037035
141 431 0.043478260869565216
373 243 0.021739130434782608
573 12 0.021739130434782608
141 488 0.14285714285714285
526 498 0.01639344262295082
489 408 0.02631578947368421
820 443 0.023809523809523808
506 434 0.006622516556291391
494 366 0.011627906976744186
44 360 0.03571428571428571
166 141 0.014705882352941176
504 141 0.014705882352941176
13 210 0.012987012987012988
107 303 0.012048192771084338
424 303 0.012048192771084338
300 87 0.009174311926605505
176 440 0.015873015873015872
115 860 0.0625
141 358 0.025
549 418 0.034482758620689655
39 455 0.0196078431372549
162 283 0.008333333333333333
455 39 0.030303030303030304
494 93 0.0196078431372549
211 16 0.014705882352941176
121 280 0.009615384615384616
45 429 0.03333333333333333
73 166 0.007874015748031496
23 116 0.014705882352941176
121 68 0.02564102564102564
96 91 0.037037037037037035
91 96 0.010309278350515464
367 64 0.007352941176470588
64 367 0.014084507042253521
525 699 0.045454545454545456
211 646 0.25
238 211 0.00847457627118644
121 203 0.02564102564102564
281 6 0.010752688172043012
281 305 0.019230769230769232
211 238 0.027777777777777776
116 23 0.014705882352941176
170 455 0.0196078431372549
165 365 0.011111111111111112
84 419 0.013888888888888888
455 170 0.011494252873563218
147 513 0.024390243902439025
165 107 0.005917159763313609
129 544 0.03571428571428571
300 106 0.0078125
107 165 0.010869565217391304
226 227 0.05263157894736842
483 727 0.3333333333333333
362 81 0.010869565217391304
345 345 0.043478260869565216
6 281 0.022222222222222223
832 63 0.009615384615384616
211 571 0.05
281 683 0.1111111111111111
63 832 0.045454545454545456
826 412 0.016666666666666666
401 148 0.07142857142857142
285 160 0.0047169811320754715
777 554 0.09090909090909091
768 101 0.04
81 362 0.016129032258064516
306 91 0.037037037037037035
86 69 0.024390243902439025
86 508 0.038461538461538464
306 160 0.0047169811320754715
172 457 0.04
197 143 0.022222222222222223
818 62 0.00558659217877095
197 27 0.0196078431372549
143 197 0.030303030303030304
513 166 0.007874015748031496
87 166 0.007874015748031496
83 101 0.04
820 243 0.021739130434782608
162 253 0.043478260869565216
253 162 0.0196078431372549
420 166 0.007874015748031496
249 543 0.030303030303030304
89 411 0.013513513513513514
823 7 0.02040816326530612
823 661 0.02564102564102564
89 412 0.016666666666666666
91 306 0.03125
820 44 0.010869565217391304
820 28 0.010416666666666666
820 280 0.009615384615384616
820 114 0.009174311926605505
820 169 0.010416666666666666
277 167 0.02040816326530612
495 87 0.009174311926605505
106 828 0.05263157894736842
106 300 0.025
106 279 0.1111111111111111
106 230 0.058823529411764705
160 385 0.047619047619047616
271 412 0.016666666666666666
167 277 0.0625
89 301 0.008620689655172414
277 14 0.01818181818181818
385 160 0.0047169811320754715
269 166 0.007874015748031496
34 28 0.010416666666666666
280 179 0.02040816326530612
280 214 0.02
7 823 0.05
137 139 0.027777777777777776
280 296 0.014285714285714285
214 280 0.009615384615384616
13 32 0.03125
280 18 0.021739130434782608
829 168 0.015873015873015872
95 280 0.009615384615384616
342 180 0.014705882352941176
543 249 0.008928571428571428
546 474 0.01639344262295082
213 441 0.022727272727272728
160 29 0.020833333333333332
222 255 0.022222222222222223
34 24 0.038461538461538464
34 26 0.03333333333333333
34 29 0.020833333333333332
34 30 0.01818181818181818
34 31 0.02564102564102564
34 32 0.03125
34 33 0.041666666666666664
34 590 0.03571428571428571
34 36 0.023255813953488372
34 37 0.045454545454545456
34 39 0.030303030303030304
34 588 0.045454545454545456
55 6 0.010752688172043012
504 441 0.022727272727272728
6 55 0.02857142857142857
55 411 0.013513513513513514
160 36 0.023255813953488372
138 285 0.014705882352941176
285 138 0.034482758620689655
644 166 0.007874015748031496
564 174 0.015384615384615385
247 7 0.02040816326530612
55 533 0.011764705882352941
411 89 0.017543859649122806
412 89 0.017543859649122806
519 459 0.015384615384615385
519 21 0.009009009009009009
519 20 0.015625
519 85 0.02857142857142857
519 222 0.017857142857142856
519 405 0.012048192771084338
519 106 0.0078125
519 259 0.04
519 315 0.125
519 189 0.01639344262295082
519 227 0.05263157894736842
519 607 0.038461538461538464
519 228 0.045454545454545456
719 379 0.029411764705882353
350 861 1.0
7 247 0.06666666666666667
215 220 0.07142857142857142
168 203 0.02564102564102564
63 107 0.005917159763313609
314 310 0.041666666666666664
174 564 0.3333333333333333
777 862 1.0
851 575 0.09090909090909091
457 62 0.00558659217877095
494 108 0.02702702702702703
160 191 0.02127659574468085
160 504 0.027777777777777776
160 148 0.07142857142857142
459 19 0.016129032258064516
828 106 0.0078125
474 663 0.05263157894736842
612 828 0.05263157894736842
162 643 0.07692307692307693
197 13 0.01639344262295082
820 166 0.007874015748031496
160 663 0.05263157894736842
221 107 0.005917159763313609
486 664 0.1111111111111111
118 511 0.047619047619047616
568 168 0.015873015873015872
253 166 0.007874015748031496
291 257 0.0625
366 305 0.019230769230769232
678 480 0.029411764705882353
295 472 0.14285714285714285
295 255 0.022222222222222223
107 28 0.010416666666666666
107 31 0.02564102564102564
244 460 0.022727272727272728
107 23 0.014705882352941176
13 26 0.03333333333333333
168 14 0.01818181818181818
25 459 0.015384615384615385
847 113 0.013513513513513514
94 377 0.011363636363636364
423 245 0.02127659574468085
685 859 0.017241379310344827
114 725 0.08333333333333333
459 25 0.03125
179 280 0.009615384615384616
608 265 0.03225806451612903
44 160 0.0047169811320754715
196 820 0.010416666666666666
18 280 0.009615384615384616
6 549 0.023809523809523808
137 160 0.0047169811320754715
558 9 0.037037037037037035
506 496 0.05
9 558 0.09090909090909091
730 460 0.022727272727272728
549 6 0.010752688172043012
62 457 0.04
177 220 0.07142857142857142
198 128 0.007575757575757576
121 601 0.02702702702702703
129 107 0.005917159763313609
27 197 0.030303030303030304
105 303 0.012048192771084338
460 730 0.1111111111111111
28 339 0.025
303 58 0.009708737864077669
301 445 0.041666666666666664
206 440 0.015873015873015872
173 166 0.007874015748031496
445 301 0.008620689655172414
115 28 0.010416666666666666
115 367 0.014084507042253521
298 536 0.09090909090909091
298 507 0.25
298 287 0.058823529411764705
298 551 0.08333333333333333
494 70 0.0625
138 63 0.009615384615384616
815 859 0.017241379310344827
282 222 0.017857142857142856
340 325 0.038461538461538464
707 7 0.02040816326530612
160 327 0.034482758620689655
152 166 0.007874015748031496
5 464 0.023255813953488372
121 345 0.043478260869565216
121 278 0.025
453 166 0.007874015748031496
303 166 0.007874015748031496
215 155 0.018867924528301886
28 229 0.037037037037037035
863 57 0.018518518518518517
121 221 0.018518518518518517
121 17 0.01639344262295082
121 340 0.010869565217391304
121 77 0.05555555555555555
121 820 0.010416666666666666
121 329 0.011764705882352941
121 856 0.018867924528301886
121 365 0.011111111111111112
121 796 0.25
327 160 0.0047169811320754715
121 173 0.015873015873015872
121 333 0.010638297872340425
194 137 0.012987012987012988
137 194 0.023809523809523808
121 88 0.03333333333333333
293 44 0.010869565217391304
94 440 0.015873015873015872
70 494 0.0125
211 215 0.013333333333333334
21 537 0.05555555555555555
440 94 0.02702702702702703
52 814 0.25
64 323 0.03225806451612903
318 482 0.02857142857142857
269 121 0.006369426751592357
169 280 0.009615384615384616
280 169 0.010416666666666666
809 59 0.021739130434782608
411 864 1.0
149 206 0.022727272727272728
56 738 0.03125
293 11 0.016129032258064516
59 809 0.022727272727272728
19 459 0.015384615384615385
115 340 0.010869565217391304
115 173 0.015873015873015872
577 166 0.007874015748031496
353 15 0.022222222222222223
141 232 0.012987012987012988
44 555 0.06666666666666667
44 565 0.125
160 152 0.016666666666666666
152 160 0.0047169811320754715
411 286 0.024390243902439025
232 141 0.014705882352941176
152 340 0.010869565217391304
54 438 0.013157894736842105
738 809 0.022727272727272728
323 64 0.007352941176470588
818 301 0.008620689655172414
847 47 0.02127659574468085
482 777 0.058823529411764705
828 16 0.014705882352941176
438 54 0.023809523809523808
340 121 0.006369426751592357
212 183 0.006993006993006993
249 440 0.015873015873015872
166 664 0.1111111111111111
166 93 0.0196078431372549
222 309 0.034482758620689655
121 160 0.0047169811320754715
183 212 0.009900990099009901
255 222 0.017857142857142856
600 600 0.1
461 335 0.043478260869565216
591 145 0.02127659574468085
145 591 0.14285714285714285
162 333 0.010638297872340425
412 552 0.027777777777777776
256 154 0.02631578947368421
163 115 0.009900990099009901
856 249 0.008928571428571428
256 355 0.024390243902439025
16 828 0.05263157894736842
206 149 0.041666666666666664
533 145 0.02127659574468085
183 513 0.024390243902439025
226 74 0.013157894736842105
148 180 0.014705882352941176
581 581 0.037037037037037035
5 285 0.014705882352941176
5 302 0.043478260869565216
183 308 0.02857142857142857
530 11 0.016129032258064516
92 86 0.006493506493506494
422 615 0.025
268 316 0.02631578947368421
86 92 0.02631578947368421
199 1 0.0196078431372549
440 249 0.008928571428571428
270 486 0.022727272727272728
142 184 0.013888888888888888
533 82 0.008264462809917356
338 37 0.045454545454545456
828 353 0.034482758620689655
301 818 0.1
223 758 0.07142857142857142
485 333 0.010638297872340425
199 338 0.019230769230769232
350 343 0.05
281 615 0.025
160 310 0.041666666666666664
25 545 0.05263157894736842
160 856 0.018867924528301886
303 121 0.006369426751592357
129 557 0.06666666666666667
16 221 0.018518518518518517
313 215 0.013333333333333334
557 129 0.007194244604316547
482 531 0.021739130434782608
149 160 0.0047169811320754715
406 672 0.07692307692307693
16 771 0.125
107 16 0.014705882352941176
221 16 0.014705882352941176
140 335 0.043478260869565216
531 482 0.02857142857142857
441 166 0.007874015748031496
160 832 0.045454545454545456
16 107 0.005917159763313609
55 698 0.041666666666666664
55 738 0.03125
223 222 0.017857142857142856
608 61 0.01818181818181818
608 264 0.037037037037037035
169 128 0.007575757575757576
137 859 0.017241379310344827
412 193 0.04
2 489 0.037037037037037035
489 2 0.012987012987012988
314 726 0.1111111111111111
6 440 0.015873015873015872
6 458 0.024390243902439025
93 494 0.0125
820 493 0.0136986301369863
828 371 0.013157894736842105
828 46 0.014705882352941176
455 455 0.0196078431372549
546 820 0.010416666666666666
493 820 0.010416666666666666
311 309 0.034482758620689655
302 302 0.043478260869565216
128 44 0.010869565217391304
426 270 0.08333333333333333
426 168 0.015873015873015872
426 172 0.014285714285714285
426 129 0.007194244604316547
426 486 0.022727272727272728
426 292 0.029411764705882353
426 183 0.006993006993006993
222 142 0.010101010101010102
640 640 0.058823529411764705
160 10 0.024390243902439025
642 121 0.006369426751592357
434 11 0.016129032258064516
172 426 0.021739130434782608
420 78 0.043478260869565216
206 231 0.02040816326530612
31 121 0.006369426751592357
173 121 0.006369426751592357
420 121 0.006369426751592357
828 796 0.25
486 426 0.021739130434782608
820 654 0.02702702702702703
231 206 0.022727272727272728
333 366 0.011627906976744186
84 811 0.2
11 434 0.006622516556291391
5 47 0.02127659574468085
106 356 0.02127659574468085
366 333 0.010638297872340425
103 390 0.034482758620689655
183 145 0.02127659574468085
210 121 0.006369426751592357
77 121 0.006369426751592357
160 818 0.1
290 531 0.021739130434782608
290 437 0.038461538461538464
756 390 0.034482758620689655
533 473 0.013333333333333334
214 211 0.00847457627118644
809 57 0.018518518518518517
62 8 0.029411764705882353
199 121 0.006369426751592357
128 30 0.01818181818181818
280 128 0.007575757575757576
128 290 0.014925373134328358
128 36 0.023255813953488372
188 533 0.011764705882352941
698 738 0.03125
698 481 0.02564102564102564
340 128 0.007575757575757576
579 447 0.03571428571428571
411 64 0.007352941176470588
211 214 0.02
0 5 0.008064516129032258
483 321 0.02702702702702703
206 14 0.01818181818181818
14 206 0.022727272727272728
326 121 0.006369426751592357
377 249 0.008928571428571428
135 455 0.0196078431372549
143 326 0.02702702702702703
742 166 0.007874015748031496
455 251 0.03225806451612903
75 367 0.014084507042253521
249 531 0.021739130434782608
160 160 0.0047169811320754715
579 448 0.030303030303030304
160 209 0.016666666666666666
13 325 0.038461538461538464
121 1 0.0196078431372549
489 121 0.006369426751592357
23 170 0.011494252873563218
280 820 0.010416666666666666
63 849 0.14285714285714285
490 121 0.006369426751592357
533 188 0.038461538461538464
106 642 0.05
367 121 0.006369426751592357
371 121 0.006369426751592357
30 820 0.010416666666666666
102 64 0.007352941176470588
249 377 0.011363636363636364
102 516 0.08333333333333333
102 517 0.07692307692307693
543 493 0.0136986301369863
209 160 0.0047169811320754715
55 126 0.03571428571428571
151 655 0.038461538461538464
815 63 0.009615384615384616
171 318 0.02
325 325 0.038461538461538464
344 191 0.02127659574468085
292 426 0.021739130434782608
87 283 0.008333333333333333
87 329 0.011764705882352941
87 28 0.010416666666666666
87 161 0.02857142857142857
87 303 0.012048192771084338
87 152 0.016666666666666666
87 210 0.012987012987012988
87 371 0.013157894736842105
87 256 0.00847457627118644
87 296 0.014285714285714285
87 81 0.010869565217391304
87 351 0.023255813953488372
87 129 0.007194244604316547
87 365 0.011111111111111112
28 87 0.009174311926605505
371 353 0.034482758620689655
329 160 0.0047169811320754715
493 543 0.030303030303030304
329 87 0.009174311926605505
51 93 0.0196078431372549
44 30 0.01818181818181818
351 87 0.009174311926605505
264 9 0.037037037037037035
249 87 0.009174311926605505
803 58 0.009708737864077669
5 0 0.03125
321 391 0.05263157894736842
333 58 0.009708737864077669
674 9 0.037037037037037035
859 665 0.045454545454545456
89 59 0.021739130434782608
58 333 0.010638297872340425
210 87 0.009174311926605505
167 655 0.038461538461538464
215 366 0.011627906976744186
493 562 0.038461538461538464
51 44 0.010869565217391304
494 458 0.024390243902439025
51 114 0.009174311926605505
493 600 0.1
366 215 0.013333333333333334
448 322 0.05
81 87 0.009174311926605505
426 306 0.03125
30 44 0.010869565217391304
64 234 0.029411764705882353
747 189 0.01639344262295082
93 62 0.00558659217877095
305 865 0.1111111111111111
148 150 0.03125
82 123 0.03333333333333333
560 518 0.015151515151515152
859 58 0.009708737864077669
44 51 0.016129032258064516
3 859 0.017241379310344827
333 121 0.006369426751592357
533 440 0.015873015873015872
216 509 0.02127659574468085
142 291 0.045454545454545456
69 216 0.038461538461538464
107 430 0.024390243902439025
226 121 0.006369426751592357
339 464 0.023255813953488372
96 338 0.019230769230769232
654 50 0.06666666666666667
474 121 0.006369426751592357
562 493 0.0136986301369863
666 12 0.021739130434782608
865 305 0.019230769230769232
290 419 0.013888888888888888
206 342 0.022727272727272728
357 121 0.006369426751592357
375 121 0.006369426751592357
338 96 0.010309278350515464
139 819 0.2
81 375 0.018867924528301886
171 590 0.03571428571428571
7 264 0.037037037037037035
12 666 0.0625
533 530 0.125
333 546 0.0136986301369863
357 82 0.008264462809917356
337 511 0.047619047619047616
13 56 0.02564102564102564
13 263 0.02127659574468085
485 166 0.007874015748031496
157 384 0.0625
211 308 0.02857142857142857
211 462 0.04
511 337 0.02702702702702703
280 340 0.010869565217391304
249 208 0.019230769230769232
371 708 0.058823529411764705
371 640 0.058823529411764705
290 168 0.015873015873015872
809 685 0.02702702702702703
54 698 0.041666666666666664
54 685 0.02702702702702703
77 166 0.007874015748031496
33 28 0.010416666666666666
222 282 0.009433962264150943
183 845 0.038461538461538464
552 738 0.03125
552 54 0.023809523809523808
640 371 0.013157894736842105
133 362 0.016129032258064516
223 121 0.006369426751592357
251 370 0.07142857142857142
361 367 0.014084507042253521
168 290 0.014925373134328358
443 251 0.03225806451612903
82 87 0.009174311926605505
161 87 0.009174311926605505
545 28 0.010416666666666666
164 447 0.03571428571428571
572 593 0.02564102564102564
20 83 0.011627906976744186
426 114 0.009174311926605505
106 358 0.025
107 83 0.011627906976744186
165 362 0.016129032258064516
243 166 0.007874015748031496
51 27 0.0196078431372549
618 617 0.16666666666666666
129 121 0.006369426751592357
166 243 0.021739130434782608
40 847 0.03571428571428571
131 532 0.05
83 20 0.015625
183 371 0.013157894736842105
183 36 0.023255813953488372
199 53 0.037037037037037035
30 39 0.030303030303030304
157 284 0.02857142857142857
135 443 0.023809523809523808
59 865 0.1111111111111111
708 371 0.013157894736842105
700 707 0.029411764705882353
537 85 0.02857142857142857
63 88 0.03333333333333333
179 262 0.045454545454545456
179 349 0.05555555555555555
245 171 0.02564102564102564
500 499 0.02564102564102564
500 502 0.05555555555555555
500 504 0.027777777777777776
730 730 0.1111111111111111
674 265 0.03225806451612903
291 142 0.010101010101010102
431 4 0.013513513513513514
165 290 0.014925373134328358
136 136 0.037037037037037035
44 133 0.0136986301369863
13 349 0.05555555555555555
302 238 0.027777777777777776
238 302 0.043478260869565216
275 813 0.2
450 426 0.021739130434782608
21 280 0.009615384615384616
295 576 0.05263157894736842
27 51 0.016129032258064516
856 166 0.007874015748031496
450 295 0.01818181818181818
492 256 0.00847457627118644
492 518 0.015151515151515152
44 856 0.018867924528301886
44 121 0.006369426751592357
258 16 0.014705882352941176
425 65 0.025
265 500 0.05555555555555555
434 252 0.012195121951219513
96 66 0.05
655 167 0.02040816326530612
258 249 0.008928571428571428
390 438 0.013157894736842105
438 390 0.034482758620689655
82 23 0.014705882352941176
865 412 0.016666666666666666
412 865 0.1111111111111111
303 236 0.020833333333333332
107 57 0.018518518518518517
160 778 0.2
256 249 0.008928571428571428
148 401 0.03125
290 295 0.01818181818181818
174 157 0.018518518518518517
529 362 0.016129032258064516
170 280 0.009615384615384616
114 426 0.021739130434782608
195 552 0.027777777777777776
366 443 0.023809523809523808
443 366 0.011627906976744186
266 9 0.037037037037037035
356 509 0.02127659574468085
356 362 0.016129032258064516
295 290 0.014925373134328358
147 644 0.08333333333333333
58 244 0.037037037037037035
23 427 0.02127659574468085
58 372 0.045454545454545456
23 215 0.013333333333333334
23 333 0.010638297872340425
69 356 0.02127659574468085
97 434 0.006622516556291391
434 97 0.047619047619047616
249 367 0.014084507042253521
356 69 0.024390243902439025
76 333 0.010638297872340425
144 433 0.05263157894736842
579 15 0.022222222222222223
57 460 0.022727272727272728
9 266 0.043478260869565216
157 130 0.027777777777777776
132 89 0.017543859649122806
856 44 0.010869565217391304
266 358 0.025
457 238 0.027777777777777776
500 506 0.0196078431372549
285 571 0.05
283 758 0.07142857142857142
434 158 0.023255813953488372
194 6 0.010752688172043012
523 706 0.1
160 141 0.014705882352941176
158 434 0.006622516556291391
160 54 0.023809523809523808
160 85 0.02857142857142857
440 366 0.011627906976744186
29 533 0.011764705882352941
706 836 0.2
434 361 0.02127659574468085
434 593 0.02564102564102564
434 275 0.04
366 440 0.015873015873015872
173 256 0.00847457627118644
57 552 0.027777777777777776
366 356 0.02127659574468085
552 57 0.018518518518518517
856 7 0.02040816326530612
158 89 0.017543859649122806
570 247 0.06666666666666667
7 856 0.018867924528301886
115 546 0.0136986301369863
5 218 0.023255813953488372
218 5 0.008064516129032258
51 30 0.01818181818181818
6 544 0.03571428571428571
64 183 0.006993006993006993
777 482 0.02857142857142857
500 569 0.034482758620689655
500 332 0.05555555555555555
500 264 0.037037037037037035
173 155 0.018867924528301886
30 128 0.007575757575757576
30 51 0.016129032258064516
356 366 0.011627906976744186
198 196 0.043478260869565216
198 51 0.016129032258064516
198 197 0.030303030303030304
198 199 0.02631578947368421
198 200 0.029411764705882353
198 167 0.02040816326530612
198 201 0.023255813953488372
198 202 0.16666666666666666
198 593 0.02564102564102564
198 203 0.02564102564102564
198 204 0.03571428571428571
198 776 0.04
198 205 0.037037037037037035
198 206 0.022727272727272728
198 94 0.02702702702702703
198 95 0.02702702702702703
198 207 0.034482758620689655
430 441 0.022727272727272728
627 667 0.03571428571428571
627 549 0.023809523809523808
627 189 0.01639344262295082
177 18 0.021739130434782608
440 399 0.05555555555555555
440 172 0.014285714285714285
440 14 0.01818181818181818
106 223 0.024390243902439025
82 333 0.010638297872340425
218 183 0.006993006993006993
23 107 0.005917159763313609
537 243 0.021739130434782608
172 440 0.015873015873015872
450 13 0.01639344262295082
18 177 0.024390243902439025
213 487 0.08333333333333333
84 444 0.04
84 582 0.07692307692307693
84 1 0.0196078431372549
84 127 0.0625
84 210 0.012987012987012988
249 401 0.03125
473 232 0.012987012987012988
494 310 0.041666666666666664
845 281 0.022222222222222223
444 84 0.020833333333333332
232 473 0.013333333333333334
455 211 0.00847457627118644
366 68 0.02564102564102564
171 333 0.010638297872340425
160 371 0.013157894736842105
612 474 0.01639344262295082
401 249 0.008928571428571428
13 421 0.020833333333333332
57 54 0.023809523809523808
371 160 0.0047169811320754715
506 504 0.027777777777777776
183 218 0.023255813953488372
336 280 0.009615384615384616
356 549 0.023809523809523808
213 558 0.09090909090909091
9 213 0.027777777777777776
265 674 0.1111111111111111
345 178 0.034482758620689655
165 51 0.016129032258064516
128 106 0.0078125
211 455 0.0196078431372549
21 256 0.00847457627118644
546 333 0.010638297872340425
282 560 0.03571428571428571
316 758 0.07142857142857142
546 508 0.038461538461538464
856 160 0.0047169811320754715
232 65 0.025
310 18 0.021739130434782608
448 62 0.00558659217877095
860 115 0.009900990099009901
210 249 0.008928571428571428
137 546 0.0136986301369863
115 16 0.014705882352941176
362 16 0.014705882352941176
424 258 0.03125
424 237 0.043478260869565216
186 531 0.021739130434782608
602 707 0.029411764705882353
459 565 0.125
206 290 0.014925373134328358
16 362 0.016129032258064516
254 366 0.011627906976744186
826 809 0.022727272727272728
34 438 0.013157894736842105
66 96 0.010309278350515464
62 448 0.030303030303030304
438 34 0.043478260869565216
96 469 0.05555555555555555
362 62 0.00558659217877095
809 826 0.045454545454545456
696 297 0.05263157894736842
290 206 0.022727272727272728
424 758 0.07142857142857142
514 108 0.02702702702702703
412 665 0.045454545454545456
62 362 0.016129032258064516
263 486 0.022727272727272728
430 308 0.02857142857142857
430 211 0.00847457627118644
430 462 0.04
5 243 0.021739130434782608
430 12 0.021739130434782608
129 166 0.007874015748031496
129 283 0.008333333333333333
430 565 0.125
506 87 0.009174311926605505
128 576 0.05263157894736842
258 424 0.011111111111111112
856 434 0.006622516556291391
173 249 0.008928571428571428
459 362 0.016129032258064516
459 358 0.025
696 17 0.01639344262295082
707 465 0.1111111111111111
665 412 0.016666666666666666
727 483 0.027777777777777776
425 568 0.043478260869565216
340 280 0.009615384615384616
13 108 0.02702702702702703
13 47 0.02127659574468085
482 483 0.027777777777777776
223 313 0.058823529411764705
54 552 0.027777777777777776
54 532 0.05
443 135 0.02857142857142857
520 552 0.027777777777777776
520 532 0.05
483 482 0.02857142857142857
132 809 0.022727272727272728
322 447 0.03571428571428571
229 143 0.022222222222222223
113 176 0.04
600 129 0.007194244604316547
486 263 0.02127659574468085
552 520 0.020833333333333332
552 137 0.012987012987012988
552 532 0.05
132 192 0.05263157894736842
271 809 0.022727272727272728
91 107 0.005917159763313609
183 756 0.058823529411764705
362 165 0.010869565217391304
0 297 0.05263157894736842
707 61 0.01818181818181818
107 296 0.014285714285714285
590 171 0.02564102564102564
144 434 0.006622516556291391
142 467 0.05
546 760 0.25
61 465 0.1111111111111111
61 519 0.14285714285714285
434 144 0.09090909090909091
309 311 0.03225806451612903
316 297 0.05263157894736842
82 419 0.013888888888888888
61 707 0.029411764705882353
105 419 0.013888888888888888
421 856 0.018867924528301886
57 243 0.021739130434782608
856 421 0.020833333333333332
549 627 0.1
809 138 0.034482758620689655
809 271 0.017241379310344827
809 465 0.1111111111111111
809 519 0.14285714285714285
243 57 0.018518518518518517
280 51 0.016129032258064516
717 106 0.0078125
537 189 0.01639344262295082
88 285 0.014705882352941176
192 132 0.019230769230769232
537 1 0.0196078431372549
186 186 0.05
280 170 0.011494252873563218
358 510 0.05263157894736842
358 608 0.043478260869565216
358 602 0.05
358 266 0.043478260869565216
358 452 0.034482758620689655
358 700 0.037037037037037035
514 91 0.037037037037037035
487 805 0.25
68 68 0.02564102564102564
333 283 0.008333333333333333
387 377 0.011363636363636364
70 83 0.011627906976744186
107 91 0.037037037037037035
58 6 0.010752688172043012
62 137 0.012987012987012988
311 494 0.0125
51 165 0.010869565217391304
249 165 0.010869565217391304
249 184 0.013888888888888888
351 734 0.07692307692307693
351 1 0.0196078431372549
351 130 0.027777777777777776
351 181 0.022222222222222223
351 95 0.02702702702702703
13 4 0.013513513513513514
549 356 0.02127659574468085
674 569 0.034482758620689655
714 62 0.00558659217877095
64 417 0.018867924528301886
96 866 0.3333333333333333
280 47 0.02127659574468085
96 867 0.25
101 83 0.011627906976744186
377 227 0.05263157894736842
247 707 0.029411764705882353
79 420 0.009174311926605505
597 282 0.009433962264150943
312 228 0.045454545454545456
13 413 0.041666666666666664
133 166 0.007874015748031496
601 107 0.005917159763313609
118 209 0.016666666666666666
172 143 0.022222222222222223
127 169 0.010416666666666666
390 380 0.030303030303030304
253 366 0.011627906976744186
537 170 0.011494252873563218
320 868 0.5
170 537 0.05555555555555555
283 333 0.010638297872340425
446 429 0.03333333333333333
526 655 0.038461538461538464
115 283 0.008333333333333333
4 13 0.01639344262295082
420 79 0.02857142857142857
176 129 0.007194244604316547
526 714 0.043478260869565216
380 390 0.034482758620689655
826 803 0.0625
166 129 0.007194244604316547
6 58 0.009708737864077669
760 546 0.0136986301369863
426 290 0.014925373134328358
869 181 0.022222222222222223
869 179 0.02040816326530612
869 397 0.029411764705882353
181 869 0.2
128 420 0.009174311926605505
412 56 0.02564102564102564
107 44 0.010869565217391304
777 10 0.024390243902439025
535 777 0.058823529411764705
19 856 0.018867924528301886
65 840 0.0625
65 425 0.058823529411764705
65 714 0.043478260869565216
139 216 0.038461538461538464
139 334 0.05555555555555555
65 526 0.02
420 128 0.007575757575757576
206 291 0.045454545454545456
280 219 0.05555555555555555
179 869 0.2
397 869 0.2
105 64 0.007352941176470588
820 751 0.2
427 431 0.043478260869565216
549 362 0.016129032258064516
465 61 0.01818181818181818
465 809 0.022727272727272728
465 707 0.029411764705882353
291 168 0.015873015873015872
582 84 0.020833333333333332
353 640 0.058823529411764705
160 66 0.05
418 6 0.010752688172043012
284 214 0.02
55 809 0.022727272727272728
306 21 0.009009009009009009
707 232 0.012987012987012988
56 481 0.02564102564102564
56 271 0.017241379310344827
56 826 0.045454545454545456
343 107 0.005917159763313609
371 97 0.047619047619047616
38 170 0.011494252873563218
856 366 0.011627906976744186
232 707 0.029411764705882353
698 138 0.034482758620689655
91 160 0.0047169811320754715
160 519 0.14285714285714285
333 84 0.020833333333333332
419 490 0.029411764705882353
320 157 0.018518518518518517
368 375 0.018867924528301886
96 80 0.01639344262295082
263 115 0.009900990099009901
797 797 0.2
87 233 0.022222222222222223
87 393 0.015151515151515152
63 44 0.010869565217391304
63 419 0.013888888888888888
63 490 0.029411764705882353
63 184 0.013888888888888888
211 283 0.008333333333333333
283 378 0.041666666666666664
283 211 0.00847457627118644
405 45 0.02631578947368421
143 128 0.007575757575757576
280 116 0.014705882352941176
115 263 0.02127659574468085
115 145 0.02127659574468085
290 426 0.021739130434782608
145 115 0.009900990099009901
393 87 0.009174311926605505
38 847 0.03571428571428571
190 473 0.013333333333333334
640 185 0.1
6 845 0.038461538461538464
121 191 0.02127659574468085
118 128 0.007575757575757576
563 493 0.0136986301369863
121 548 0.05
845 6 0.010752688172043012
458 813 0.2
121 228 0.045454545454545456
121 99 0.043478260869565216
121 438 0.013157894736842105
61 389 0.029411764705882353
61 392 0.05263157894736842
61 391 0.05263157894736842
61 368 0.022222222222222223
61 104 0.03125
121 747 0.045454545454545456
121 540 0.125
222 1 0.0196078431372549
121 168 0.015873015873015872
121 172 0.014285714285714285
121 526 0.02
121 426 0.021739130434782608
121 93 0.0196078431372549
121 261 0.023255813953488372
174 405 0.012048192771084338
803 767 0.16666666666666666
309 0 0.03125
141 6 0.010752688172043012
154 654 0.02702702702702703
84 494 0.0125
84 86 0.006493506493506494
84 107 0.005917159763313609
84 62 0.00558659217877095
209 5 0.008064516129032258
17 252 0.012195121951219513
17 441 0.022727272727272728
17 233 0.022222222222222223
17 163 0.02702702702702703
17 269 0.014492753623188406
17 23 0.014705882352941176
17 404 0.01639344262295082
17 493 0.0136986301369863
17 532 0.05
17 427 0.02127659574468085
17 474 0.01639344262295082
17 180 0.014705882352941176
17 41 0.015151515151515152
17 153 0.043478260869565216
17 115 0.009900990099009901
17 173 0.015873015873015872
17 147 0.02702702702702703
474 81 0.010869565217391304
147 17 0.01639344262295082
865 865 0.1111111111111111
316 268 0.034482758620689655
128 118 0.041666666666666664
71 612 0.02127659574468085
570 707 0.029411764705882353
627 707 0.029411764705882353
809 137 0.012987012987012988
333 280 0.009615384615384616
160 107 0.005917159763313609
413 200 0.029411764705882353
214 207 0.034482758620689655
120 5 0.008064516129032258
865 59 0.021739130434782608
3 89 0.017543859649122806
797 231 0.02040816326530612
128 1 0.0196078431372549
231 797 0.2
358 459 0.015384615384615385
314 106 0.0078125
355 107 0.005917159763313609
107 343 0.05
828 546 0.0136986301369863
89 3 0.016129032258064516
452 265 0.03225806451612903
211 83 0.011627906976744186
53 440 0.015873015873015872
191 420 0.009174311926605505
803 826 0.045454545454545456
717 215 0.013333333333333334
674 707 0.029411764705882353
333 129 0.007194244604316547
407 525 0.029411764705882353
506 83 0.011627906976744186
263 280 0.009615384615384616
106 314 0.03125
426 93 0.0196078431372549
93 424 0.011111111111111112
616 459 0.015384615384615385
747 424 0.011111111111111112
451 360 0.03571428571428571
129 422 0.03225806451612903
59 138 0.034482758620689655
612 2 0.012987012987012988
422 129 0.007194244604316547
45 405 0.012048192771084338
373 528 0.1111111111111111
612 4 0.013513513513513514
86 756 0.058823529411764705
340 129 0.007194244604316547
543 672 0.07692307692307693
412 138 0.034482758620689655
44 128 0.007575757575757576
756 86 0.006493506493506494
401 430 0.024390243902439025
401 543 0.030303030303030304
401 664 0.1111111111111111
401 870 0.3333333333333333
401 835 0.16666666666666666
69 362 0.016129032258064516
533 63 0.009615384615384616
280 263 0.02127659574468085
459 616 0.2
93 426 0.021739130434782608
17 424 0.011111111111111112
69 420 0.009174311926605505
726 85 0.02857142857142857
51 201 0.023255813953488372
121 232 0.012987012987012988
82 856 0.018867924528301886
616 1 0.0196078431372549
327 728 0.0625
5 209 0.016666666666666666
82 365 0.011111111111111112
82 169 0.010416666666666666
518 615 0.025
452 856 0.018867924528301886
758 61 0.01818181818181818
82 36 0.023255813953488372
865 63 0.009615384615384616
588 282 0.009433962264150943
168 424 0.011111111111111112
707 627 0.1
526 424 0.011111111111111112
168 493 0.0136986301369863
61 758 0.07142857142857142
82 106 0.0078125
82 130 0.027777777777777776
172 424 0.011111111111111112
82 314 0.03125
82 188 0.038461538461538464
82 127 0.0625
362 107 0.005917159763313609
249 550 0.04
44 283 0.008333333333333333
818 189 0.01639344262295082
85 160 0.0047169811320754715
170 38 0.034482758620689655
312 255 0.022222222222222223
143 172 0.014285714285714285
186 654 0.02702702702702703
828 45 0.02631578947368421
549 82 0.008264462809917356
543 494 0.0125
96 327 0.034482758620689655
426 263 0.02127659574468085
49 87 0.009174311926605505
87 49 0.07692307692307693
44 82 0.008264462809917356
340 811 0.2
121 78 0.043478260869565216
526 543 0.030303030303030304
107 362 0.016129032258064516
426 440 0.015873015873015872
169 263 0.02127659574468085
213 265 0.03225806451612903
82 356 0.02127659574468085
83 329 0.011764705882352941
61 537 0.05555555555555555
61 52 0.05555555555555555
83 474 0.01639344262295082
38 113 0.013513513513513514
23 464 0.023255813953488372
23 128 0.007575757575757576
23 220 0.07142857142857142
23 367 0.014084507042253521
500 141 0.014705882352941176
30 261 0.023255813953488372
420 69 0.024390243902439025
55 520 0.020833333333333332
325 21 0.009009009009009009
84 546 0.0136986301369863
84 272 0.024390243902439025
84 835 0.16666666666666666
230 424 0.011111111111111112
230 282 0.009433962264150943
375 368 0.022222222222222223
200 413 0.041666666666666664
533 856 0.018867924528301886
83 44 0.010869565217391304
483 219 0.05555555555555555
440 426 0.021739130434782608
121 308 0.02857142857142857
397 122 0.047619047619047616
232 426 0.021739130434782608
188 145 0.02127659574468085
256 705 0.14285714285714285
272 84 0.020833333333333332
16 157 0.018518518518518517
122 397 0.029411764705882353
21 83 0.011627906976744186
538 723 0.09090909090909091
306 538 0.1111111111111111
372 513 0.024390243902439025
170 533 0.011764705882352941
4 612 0.02127659574468085
820 168 0.015873015873015872
311 222 0.017857142857142856
174 284 0.02857142857142857
329 96 0.010309278350515464
245 486 0.022727272727272728
719 397 0.029411764705882353
598 482 0.02857142857142857
165 860 0.0625
107 327 0.034482758620689655
327 107 0.005917159763313609
96 329 0.011764705882352941
481 96 0.010309278350515464
777 733 0.1
83 128 0.007575757575757576
777 538 0.1111111111111111
520 166 0.007874015748031496
168 820 0.010416666666666666
302 160 0.0047169811320754715
820 618 0.07692307692307693
419 81 0.010869565217391304
265 452 0.034482758620689655
160 302 0.043478260869565216
533 164 0.02564102564102564
533 269 0.014492753623188406
733 306 0.03125
21 533 0.011764705882352941
282 494 0.0125
47 14 0.01818181818181818
533 360 0.03571428571428571
533 213 0.027777777777777776
106 518 0.015151515151515152
106 419 0.013888888888888888
828 434 0.006622516556291391
733 777 0.058823529411764705
164 16 0.014705882352941176
294 280 0.009615384615384616
14 482 0.02857142857142857
581 531 0.021739130434782608
424 128 0.007575757575757576
533 362 0.016129032258064516
533 529 0.03125
206 515 0.02564102564102564
206 232 0.012987012987012988
206 292 0.029411764705882353
585 129 0.007194244604316547
145 188 0.038461538461538464
129 87 0.009174311926605505
222 543 0.030303030303030304
211 402 0.1111111111111111
362 356 0.02127659574468085
280 294 0.045454545454545456
498 538 0.1111111111111111
171 113 0.013513513513513514
249 489 0.037037037037037035
520 55 0.02857142857142857
284 174 0.015384615384615385
434 828 0.05263157894736842
329 576 0.05263157894736842
263 426 0.021739130434782608
263 338 0.019230769230769232
263 169 0.010416666666666666
211 420 0.009174311926605505
263 168 0.015873015873015872
263 290 0.014925373134328358
669 615 0.025
169 113 0.013513513513513514
14 515 0.02564102564102564
135 338 0.019230769230769232
515 206 0.022727272727272728
803 2 0.012987012987012988
2 612 0.02127659574468085
426 113 0.013513513513513514
860 251 0.03225806451612903
419 44 0.010869565217391304
419 128 0.007575757575757576
419 14 0.01818181818181818
44 419 0.013888888888888888
173 546 0.0136986301369863
419 460 0.022727272727272728
169 30 0.01818181818181818
184 189 0.01639344262295082
113 426 0.021739130434782608
64 357 0.023809523809523808
615 669 0.16666666666666666
14 419 0.013888888888888888
421 86 0.006493506493506494
420 211 0.00847457627118644
482 14 0.01818181818181818
428 273 0.041666666666666664
169 464 0.023255813953488372
464 169 0.010416666666666666
285 625 0.16666666666666666
477 66 0.05
264 406 0.04
264 359 0.05
86 421 0.020833333333333332
211 64 0.007352941176470588
113 169 0.010416666666666666
30 30 0.01818181818181818
266 555 0.06666666666666667
266 324 0.07142857142857142
266 754 0.045454545454545456
30 24 0.038461538461538464
64 211 0.00847457627118644
265 232 0.012987012987012988
533 88 0.03333333333333333
533 302 0.043478260869565216
557 201 0.023255813953488372
9 264 0.037037037037037035
213 264 0.037037037037037035
66 514 0.09090909090909091
362 69 0.024390243902439025
63 865 0.1111111111111111
186 433 0.05263157894736842
543 401 0.03125
30 169 0.010416666666666666
205 483 0.027777777777777776
232 265 0.03225806451612903
48 372 0.045454545454545456
865 56 0.02564102564102564
308 16 0.014705882352941176
56 865 0.1111111111111111
533 306 0.03125
533 173 0.015873015873015872
465 519 0.14285714285714285
29 443 0.023809523809523808
569 501 0.07142857142857142
538 777 0.058823529411764705
183 464 0.023255813953488372
183 351 0.023255813953488372
421 421 0.020833333333333332
38 30 0.01818181818181818
27 165 0.010869565217391304
786 519 0.14285714285714285
423 333 0.010638297872340425
799 189 0.01639344262295082
747 121 0.006369426751592357
96 28 0.010416666666666666
160 59 0.021739130434782608
280 483 0.027777777777777776
83 450 0.018867924528301886
845 520 0.020833333333333332
28 96 0.010309278350515464
290 14 0.01818181818181818
608 213 0.027777777777777776
16 308 0.02857142857142857
426 572 0.045454545454545456
183 160 0.0047169811320754715
211 683 0.1111111111111111
5 496 0.05
661 707 0.029411764705882353
231 196 0.043478260869565216
231 385 0.047619047619047616
231 871 1.0
404 533 0.011764705882352941
859 366 0.011627906976744186
231 730 0.1111111111111111
162 432 0.14285714285714285
593 572 0.045454545454545456
537 14 0.01818181818181818
777 340 0.010869565217391304
196 231 0.02040816326530612
506 651 0.08333333333333333
368 112 0.058823529411764705
90 86 0.006493506493506494
13 698 0.041666666666666664
307 206 0.022727272727272728
288 295 0.01818181818181818
856 452 0.034482758620689655
112 368 0.022222222222222223
433 433 0.05263157894736842
101 125 0.05
845 865 0.1111111111111111
520 845 0.038461538461538464
36 588 0.045454545454545456
375 142 0.010101010101010102
306 64 0.007352941176470588
730 231 0.02040816326530612
88 183 0.006993006993006993
776 776 0.04
280 160 0.0047169811320754715
183 302 0.043478260869565216
271 698 0.041666666666666664
302 183 0.006993006993006993
118 301 0.008620689655172414
820 362 0.016129032258064516
142 375 0.018867924528301886
708 353 0.034482758620689655
160 25 0.03125
546 404 0.01639344262295082
362 28 0.010416666666666666
362 280 0.009615384615384616
362 129 0.007194244604316547
93 513 0.024390243902439025
355 210 0.012987012987012988
627 809 0.022727272727272728
530 533 0.011764705882352941
126 723 0.09090909090909091
255 210 0.012987012987012988
549 855 0.25
549 187 0.02564102564102564
549 80 0.01639344262295082
549 298 0.1111111111111111
549 779 0.5
549 663 0.05263157894736842
549 582 0.07692307692307693
549 287 0.058823529411764705
549 188 0.038461538461538464
549 800 0.25
549 799 0.2
549 67 0.125
549 747 0.045454545454545456
549 551 0.08333333333333333
549 679 0.05263157894736842
549 671 0.04
549 710 0.05263157894736842
549 778 0.2
549 146 0.07142857142857142
549 818 0.1
549 690 0.07142857142857142
549 190 0.034482758620689655
549 540 0.125
549 467 0.05
340 274 0.043478260869565216
143 758 0.07142857142857142
465 14 0.01818181818181818
706 290 0.014925373134328358
169 290 0.014925373134328358
244 210 0.012987012987012988
533 371 0.013157894736842105
201 557 0.06666666666666667
533 210 0.012987012987012988
20 222 0.017857142857142856
62 419 0.013888888888888888
128 81 0.010869565217391304
588 169 0.010416666666666666
169 588 0.045454545454545456
362 820 0.010416666666666666
434 506 0.0196078431372549
13 440 0.015873015873015872
81 128 0.007575757575757576
14 465 0.1111111111111111
424 164 0.02564102564102564
251 30 0.01818181818181818
178 345 0.043478260869565216
288 83 0.011627906976744186
272 310 0.041666666666666664
211 489 0.037037037037037035
30 251 0.03225806451612903
411 4 0.013513513513513514
810 520 0.020833333333333332
232 266 0.043478260869565216
164 424 0.011111111111111112
4 411 0.013513513513513514
308 166 0.007874015748031496
342 157 0.018518518518518517
266 232 0.012987012987012988
87 828 0.05263157894736842
86 620 0.3333333333333333
738 271 0.017241379310344827
165 533 0.011764705882352941
271 738 0.03125
128 116 0.014705882352941176
173 494 0.0125
841 231 0.02040816326530612
533 582 0.07692307692307693
231 841 0.14285714285714285
489 211 0.00847457627118644
860 438 0.013157894736842105
326 733 0.1
282 248 0.05
18 18 0.021739130434782608
160 283 0.008333333333333333
182 351 0.023255813953488372
419 270 0.08333333333333333
419 337 0.02702702702702703
419 199 0.02631578947368421
419 591 0.14285714285714285
419 168 0.015873015873015872
419 172 0.014285714285714285
419 214 0.02
419 256 0.00847457627118644
419 221 0.018518518518518517
419 68 0.02564102564102564
419 106 0.0078125
419 184 0.013888888888888888
419 468 0.047619047619047616
419 62 0.00558659217877095
419 12 0.021739130434782608
419 526 0.02
86 518 0.015151515151515152
419 848 0.3333333333333333
187 533 0.011764705882352941
466 500 0.05555555555555555
261 121 0.006369426751592357
282 687 0.14285714285714285
597 460 0.022727272727272728
64 492 0.043478260869565216
533 326 0.02702702702702703
494 543 0.030303030303030304
582 533 0.011764705882352941
494 173 0.015873015873015872
533 820 0.010416666666666666
151 251 0.03225806451612903
18 74 0.013157894736842105
380 160 0.0047169811320754715
498 405 0.012048192771084338
58 83 0.011627906976744186
238 243 0.021739130434782608
115 105 0.008695652173913044
490 518 0.015151515151515152
210 424 0.011111111111111112
4 256 0.00847457627118644
251 151 0.023809523809523808
806 806 0.2
714 86 0.006493506493506494
280 113 0.013513513513513514
405 498 0.01639344262295082
430 533 0.011764705882352941
249 464 0.023255813953488372
249 218 0.023255813953488372
58 183 0.006993006993006993
533 541 0.07142857142857142
526 121 0.006369426751592357
533 147 0.02702702702702703
183 58 0.009708737864077669
356 424 0.011111111111111112
623 611 0.04
533 116 0.014705882352941176
206 786 0.2
681 133 0.0136986301369863
448 107 0.005917159763313609
80 128 0.007575757575757576
426 423 0.03125
5 738 0.03125
5 271 0.017241379310344827
141 502 0.05555555555555555
107 400 0.034482758620689655
400 107 0.005917159763313609
809 707 0.029411764705882353
466 504 0.027777777777777776
465 667 0.03571428571428571
465 473 0.013333333333333334
465 549 0.023809523809523808
465 189 0.01639344262295082
651 624 0.09090909090909091
169 318 0.02
302 285 0.014705882352941176
708 124 0.030303030303030304
318 426 0.021739130434782608
93 121 0.006369426751592357
733 326 0.02702702702702703
544 6 0.010752688172043012
865 845 0.038461538461538464
474 96 0.010309278350515464
79 226 0.021739130434782608
44 699 0.045454545454545456
283 128 0.007575757575757576
142 303 0.012048192771084338
243 319 0.09090909090909091
533 234 0.029411764705882353
290 263 0.02127659574468085
533 242 0.03571428571428571
387 389 0.029411764705882353
303 271 0.017241379310344827
419 129 0.007194244604316547
86 328 0.0625
86 90 0.041666666666666664
304 256 0.00847457627118644
132 142 0.010101010101010102
533 310 0.041666666666666664
533 17 0.01639344262295082
283 371 0.013157894736842105
358 247 0.06666666666666667
142 424 0.011111111111111112
283 393 0.015151515151515152
283 320 0.025
4 587 0.07142857142857142
107 356 0.02127659574468085
107 212 0.009900990099009901
107 550 0.04
107 459 0.015384615384615385
107 163 0.02702702702702703
107 131 0.021739130434782608
107 589 0.0625
107 420 0.009174311926605505
107 544 0.03571428571428571
107 489 0.037037037037037035
107 427 0.02127659574468085
107 233 0.022222222222222223
107 642 0.05
107 495 0.02040816326530612
107 210 0.012987012987012988
107 21 0.009009009009009009
107 269 0.014492753623188406
107 393 0.015151515151515152
107 221 0.018518518518518517
107 211 0.00847457627118644
107 490 0.029411764705882353
107 36 0.023255813953488372
271 303 0.012048192771084338
129 419 0.013888888888888888
529 265 0.03225806451612903
265 529 0.03125
58 13 0.01639344262295082
138 685 0.02702702702702703
362 51 0.016129032258064516
92 336 0.03125
350 351 0.023255813953488372
287 68 0.02564102564102564
426 318 0.02
314 18 0.021739130434782608
314 228 0.045454545454545456
314 764 0.1111111111111111
96 474 0.01639344262295082
856 362 0.016129032258064516
856 19 0.016129032258064516
385 231 0.02040816326530612
14 426 0.021739130434782608
251 860 0.0625
655 37 0.045454545454545456
249 180 0.014705882352941176
249 278 0.025
295 288 0.03571428571428571
129 695 0.09090909090909091
424 211 0.00847457627118644
69 141 0.014705882352941176
27 261 0.023255813953488372
264 707 0.029411764705882353
220 23 0.014705882352941176
695 129 0.007194244604316547
256 304 0.03571428571428571
448 273 0.041666666666666664
320 283 0.008333333333333333
395 164 0.02564102564102564
108 652 0.25
419 280 0.009615384615384616
419 371 0.013157894736842105
480 508 0.038461538461538464
450 329 0.011764705882352941
264 232 0.012987012987012988
533 262 0.045454545454545456
533 180 0.014705882352941176
426 245 0.02127659574468085
872 707 0.029411764705882353
232 264 0.037037037037037035
533 201 0.023255813953488372
167 181 0.022222222222222223
167 526 0.02
14 51 0.016129032258064516
261 51 0.016129032258064516
154 107 0.005917159763313609
473 183 0.006993006993006993
241 498 0.01639344262295082
141 81 0.010869565217391304
698 13 0.01639344262295082
444 438 0.013157894736842105
16 164 0.02564102564102564
292 168 0.015873015873015872
63 131 0.021739130434782608
305 516 0.08333333333333333
305 517 0.07692307692307693
516 305 0.019230769230769232
685 6 0.010752688172043012
181 64 0.007352941176470588
149 167 0.02040816326530612
533 46 0.014705882352941176
845 845 0.038461538461538464
776 204 0.03571428571428571
707 872 0.07692307692307693
872 85 0.02857142857142857
167 149 0.041666666666666664
425 457 0.04
425 289 0.125
425 621 0.07692307692307693
425 873 0.5
425 294 0.045454545454545456
425 874 0.3333333333333333
425 430 0.024390243902439025
425 705 0.14285714285714285
425 543 0.030303030303030304
425 526 0.02
425 870 0.3333333333333333
425 835 0.16666666666666666
425 714 0.043478260869565216
425 574 0.25
425 129 0.007194244604316547
425 130 0.027777777777777776
425 791 0.2
425 562 0.038461538461538464
425 403 0.058823529411764705
563 86 0.006493506493506494
231 656 0.09090909090909091
178 483 0.027777777777777776
533 115 0.009900990099009901
256 4 0.013513513513513514
408 96 0.010309278350515464
96 114 0.009174311926605505
96 408 0.02631578947368421
125 101 0.04
183 236 0.020833333333333332
533 822 0.06666666666666667
533 290 0.014925373134328358
114 96 0.010309278350515464
397 103 0.023255813953488372
6 685 0.02702702702702703
820 856 0.018867924528301886
483 178 0.034482758620689655
533 576 0.05263157894736842
652 108 0.02702702702702703
619 56 0.02564102564102564
619 57 0.018518518518518517
619 303 0.012048192771084338
619 89 0.017543859649122806
83 433 0.05263157894736842
121 217 0.06666666666666667
121 432 0.14285714285714285
160 83 0.011627906976744186
533 458 0.024390243902439025
823 264 0.037037037037037035
282 234 0.029411764705882353
156 381 0.037037037037037035
181 383 0.16666666666666666
181 628 0.14285714285714285
269 579 0.0625
793 613 0.125
211 695 0.09090909090909091
533 667 0.03571428571428571
211 240 0.05
54 138 0.034482758620689655
54 271 0.017241379310344827
54 826 0.045454545454545456
546 828 0.05263157894736842
390 756 0.058823529411764705
209 420 0.009174311926605505
695 211 0.00847457627118644
419 161 0.02857142857142857
533 430 0.024390243902439025
483 232 0.012987012987012988
272 428 0.043478260869565216
272 429 0.03333333333333333
430 183 0.006993006993006993
128 419 0.013888888888888888
526 181 0.022222222222222223
526 167 0.02040816326530612
106 357 0.023809523809523808
183 430 0.024390243902439025
242 243 0.021739130434782608
411 738 0.03125
420 209 0.016666666666666666
405 541 0.07142857142857142
855 155 0.018867924528301886
155 855 0.25
209 13 0.01639344262295082
875 170 0.011494252873563218
533 493 0.0136986301369863
88 806 0.2
430 856 0.018867924528301886
333 533 0.011764705882352941
747 62 0.00558659217877095
84 623 0.1111111111111111
84 373 0.043478260869565216
13 63 0.009615384615384616
13 767 0.16666666666666666
533 20 0.015625
197 205 0.037037037037037035
107 107 0.005917159763313609
747 282 0.009433962264150943
474 84 0.020833333333333332
93 576 0.05263157894736842
89 211 0.00847457627118644
89 58 0.009708737864077669
533 19 0.016129032258064516
107 318 0.02
450 93 0.0196078431372549
401 712 0.25
57 160 0.0047169811320754715
65 533 0.011764705882352941
533 44 0.010869565217391304
181 167 0.02040816326530612
94 351 0.023255813953488372
413 93 0.0196078431372549
685 138 0.034482758620689655
533 504 0.027777777777777776
5 450 0.018867924528301886
820 30 0.01818181818181818
820 165 0.010869565217391304
421 487 0.08333333333333333
272 447 0.03571428571428571
504 533 0.011764705882352941
120 133 0.0136986301369863
160 57 0.018518518518518517
56 412 0.016666666666666666
564 263 0.02127659574468085
564 183 0.006993006993006993
564 356 0.02127659574468085
564 304 0.03571428571428571
564 686 0.125
564 4 0.013513513513513514
564 303 0.012048192771084338
564 10 0.024390243902439025
564 638 0.16666666666666666
564 164 0.02564102564102564
564 640 0.058823529411764705
564 748 0.047619047619047616
564 589 0.0625
564 114 0.009174311926605505
564 2 0.012987012987012988
564 158 0.023255813953488372
564 81 0.010869565217391304
564 63 0.009615384615384616
564 876 1.0
564 340 0.010869565217391304
564 338 0.019230769230769232
564 480 0.029411764705882353
564 281 0.022222222222222223
564 258 0.03125
362 856 0.018867924528301886
6 418 0.034482758620689655
362 160 0.0047169811320754715
438 860 0.0625
114 220 0.07142857142857142
114 44 0.010869565217391304
114 362 0.016129032258064516
438 444 0.04
208 211 0.00847457627118644
333 441 0.022727272727272728
333 233 0.022222222222222223
333 269 0.014492753623188406
333 404 0.01639344262295082
820 143 0.022222222222222223
820 342 0.022727272727272728
820 172 0.014285714285714285
820 133 0.0136986301369863
820 231 0.02040816326530612
820 129 0.007194244604316547
820 581 0.037037037037037035
820 123 0.03333333333333333
820 464 0.023255813953488372
820 232 0.012987012987012988
820 482 0.02857142857142857
820 47 0.02127659574468085
820 336 0.03125
820 93 0.0196078431372549
820 483 0.027777777777777776
820 136 0.037037037037037035
820 171 0.02564102564102564
448 579 0.0625
448 617 0.16666666666666666
448 274 0.043478260869565216
448 164 0.02564102564102564
448 448 0.030303030303030304
448 735 0.16666666666666666
395 16 0.014705882352941176
498 241 0.05
40 119 0.07692307692307693
160 550 0.04
160 549 0.023809523809523808
56 698 0.041666666666666664
859 685 0.02702702702702703
498 232 0.012987012987012988
58 215 0.013333333333333334
145 255 0.022222222222222223
859 137 0.012987012987012988
19 533 0.011764705882352941
215 58 0.009708737864077669
243 242 0.03571428571428571
342 62 0.00558659217877095
533 877 0.125
533 81 0.010869565217391304
417 176 0.04
114 533 0.011764705882352941
401 289 0.125
401 873 0.5
401 294 0.045454545454545456
401 874 0.3333333333333333
401 705 0.14285714285714285
401 574 0.25
401 791 0.2
533 141 0.014705882352941176
176 417 0.018867924528301886
6 194 0.023809523809523808
25 301 0.008620689655172414
352 656 0.09090909090909091
301 25 0.03125
201 82 0.008264462809917356
201 121 0.006369426751592357
498 178 0.034482758620689655
178 498 0.01639344262295082
177 113 0.013513513513513514
424 738 0.03125
82 201 0.023255813953488372
107 162 0.0196078431372549
113 177 0.024390243902439025
572 82 0.008264462809917356
498 406 0.04
498 446 0.045454545454545456
498 501 0.07142857142857142
498 332 0.05555555555555555
560 341 0.1111111111111111
115 460 0.022727272727272728
104 393 0.015151515151515152
728 327 0.034482758620689655
559 142 0.010101010101010102
160 56 0.02564102564102564
86 393 0.015151515151515152
393 86 0.006493506493506494
205 86 0.006493506493506494
45 447 0.03571428571428571
83 23 0.014705882352941176
593 342 0.022727272727272728
165 142 0.010101010101010102
86 563 0.08333333333333333
250 174 0.015384615384615385
533 236 0.020833333333333332
174 250 0.03333333333333333
498 14 0.01818181818181818
16 64 0.007352941176470588
142 165 0.010869565217391304
329 198 0.05263157894736842
714 413 0.041666666666666664
533 408 0.02631578947368421
69 747 0.045454545454545456
581 533 0.011764705882352941
174 854 0.14285714285714285
408 533 0.011764705882352941
447 272 0.024390243902439025
447 45 0.02631578947368421
56 209 0.016666666666666666
167 197 0.030303030303030304
414 443 0.023809523809523808
234 282 0.009433962264150943
161 707 0.029411764705882353
747 69 0.024390243902439025
240 211 0.00847457627118644
342 593 0.02564102564102564
30 424 0.011111111111111112
243 209 0.016666666666666666
160 526 0.02
32 32 0.03125
96 234 0.029411764705882353
303 738 0.03125
209 56 0.02564102564102564
533 165 0.010869565217391304
533 361 0.02127659574468085
533 114 0.009174311926605505
391 389 0.029411764705882353
15 174 0.015384615384615385
208 194 0.023809523809523808
389 387 0.043478260869565216
533 190 0.034482758620689655
499 232 0.012987012987012988
499 332 0.05555555555555555
5 362 0.016129032258064516
52 820 0.010416666666666666
332 836 0.2
152 70 0.0625
29 116 0.014705882352941176
6 426 0.021739130434782608
66 90 0.041666666666666664
600 585 0.1111111111111111
820 52 0.05555555555555555
828 419 0.013888888888888888
85 86 0.006493506493506494
62 375 0.018867924528301886
375 62 0.00558659217877095
132 249 0.008928571428571428
443 414 0.3333333333333333
180 468 0.047619047619047616
330 330 0.1111111111111111
533 35 0.018867924528301886
533 40 0.020833333333333332
533 23 0.014705882352941176
533 303 0.012048192771084338
160 193 0.04
845 58 0.009708737864077669
362 466 0.027777777777777776
232 501 0.07142857142857142
366 424 0.011111111111111112
607 419 0.013888888888888888
195 174 0.015384615384615385
457 568 0.043478260869565216
457 840 0.0625
457 426 0.021739130434782608
457 425 0.058823529411764705
174 195 0.034482758620689655
533 28 0.010416666666666666
424 30 0.01818181818181818
105 400 0.034482758620689655
611 270 0.08333333333333333
400 105 0.008695652173913044
249 64 0.007352941176470588
533 342 0.022727272727272728
106 283 0.008333333333333333
268 248 0.05
533 169 0.010416666666666666
249 695 0.09090909090909091
417 162 0.0196078431372549
695 249 0.008928571428571428
498 12 0.021739130434782608
40 533 0.011764705882352941
498 247 0.06666666666666667
242 236 0.020833333333333332
152 84 0.020833333333333332
423 5 0.008064516129032258
86 590 0.03571428571428571
86 35 0.018867924528301886
63 13 0.01639344262295082
96 236 0.020833333333333332
455 547 0.034482758620689655
528 392 0.05263157894736842
172 51 0.016129032258064516
271 145 0.02127659574468085
9 699 0.045454545454545456
9 500 0.05555555555555555
9 502 0.05555555555555555
9 406 0.04
9 498 0.01639344262295082
9 332 0.05555555555555555
9 358 0.025
24 440 0.015873015873015872
442 442 0.045454545454545456
183 854 0.14285714285714285
142 20 0.015625
32 533 0.011764705882352941
303 424 0.011111111111111112
171 245 0.02127659574468085
69 86 0.006493506493506494
96 470 0.047619047619047616
208 4 0.013513513513513514
208 63 0.009615384615384616
470 96 0.010309278350515464
20 142 0.010101010101010102
5 120 0.07142857142857142
96 333 0.010638297872340425
96 23 0.014705882352941176
74 424 0.011111111111111112
54 132 0.019230769230769232
23 96 0.010309278350515464
5 423 0.03125
440 24 0.038461538461538464
332 608 0.043478260869565216
12 498 0.01639344262295082
201 533 0.011764705882352941
271 137 0.012987012987012988
552 271 0.017241379310344827
115 83 0.011627906976744186
51 79 0.02857142857142857
115 615 0.025
115 442 0.045454545454545456
473 419 0.013888888888888888
473 498 0.01639344262295082
498 473 0.013333333333333334
662 494 0.0125
662 86 0.006493506493506494
494 662 0.0625
333 96 0.010309278350515464
61 872 0.07692307692307693
305 683 0.1111111111111111
143 325 0.038461538461538464
197 64 0.007352941176470588
226 107 0.005917159763313609
872 61 0.01818181818181818
457 526 0.02
211 734 0.07692307692307693
211 764 0.1111111111111111
55 271 0.017241379310344827
160 498 0.01639344262295082
424 495 0.02040816326530612
424 695 0.09090909090909091
198 485 0.037037037037037035
269 335 0.043478260869565216
840 562 0.038461538461538464
63 6 0.010752688172043012
856 265 0.03225806451612903
678 68 0.02564102564102564
236 96 0.010309278350515464
62 143 0.022222222222222223
255 405 0.012048192771084338
504 11 0.016129032258064516
235 319 0.09090909090909091
162 321 0.02702702702702703
83 143 0.022222222222222223
51 118 0.041666666666666664
101 131 0.021739130434782608
467 418 0.034482758620689655
841 397 0.029411764705882353
397 841 0.14285714285714285
715 20 0.015625
169 365 0.011111111111111112
62 747 0.045454545454545456
443 29 0.020833333333333332
442 455 0.0196078431372549
447 62 0.00558659217877095
358 232 0.012987012987012988
358 466 0.027777777777777776
358 765 0.05555555555555555
232 358 0.025
58 698 0.041666666666666664
190 108 0.02702702702702703
608 332 0.05555555555555555
667 69 0.024390243902439025
496 64 0.007352941176470588
404 601 0.02702702702702703
281 57 0.018518518518518517
247 498 0.01639344262295082
6 141 0.014705882352941176
466 856 0.018867924528301886
856 466 0.027777777777777776
40 443 0.023809523809523808
21 174 0.015384615384615385
21 6 0.010752688172043012
589 142 0.010101010101010102
533 520 0.020833333333333332
560 211 0.00847457627118644
6 21 0.009009009009009009
323 300 0.025
678 627 0.1
533 168 0.015873015873015872
191 379 0.029411764705882353
249 2 0.012987012987012988
167 284 0.02857142857142857
167 232 0.012987012987012988
167 515 0.02564102564102564
167 130 0.027777777777777776
129 214 0.02
11 129 0.007194244604316547
30 129 0.007194244604316547
515 167 0.02040816326530612
81 129 0.007194244604316547
275 60 0.02564102564102564
2 249 0.008928571428571428
174 21 0.009009009009009009
11 504 0.027777777777777776
581 301 0.008620689655172414
6 79 0.02857142857142857
832 412 0.016666666666666666
748 405 0.012048192771084338
284 167 0.02040816326530612
820 106 0.0078125
215 820 0.010416666666666666
512 366 0.011627906976744186
300 323 0.03225806451612903
62 188 0.038461538461538464
301 581 0.037037037037037035
13 145 0.02127659574468085
60 275 0.04
27 878 0.3333333333333333
106 169 0.010416666666666666
106 820 0.010416666666666666
454 82 0.008264462809917356
271 285 0.014705882352941176
303 5 0.008064516129032258
33 878 0.3333333333333333
440 231 0.02040816326530612
546 221 0.018518518518518517
62 189 0.01639344262295082
285 129 0.007194244604316547
366 512 0.25
231 440 0.015873015873015872
485 198 0.05263157894736842
878 27 0.0196078431372549
27 62 0.00558659217877095
408 271 0.017241379310344827
431 84 0.020833333333333332
271 408 0.02631578947368421
412 832 0.045454545454545456
94 205 0.037037037037037035
588 438 0.013157894736842105
211 194 0.023809523809523808
64 197 0.030303030303030304
303 235 0.05555555555555555
438 588 0.045454545454545456
235 303 0.012048192771084338
550 44 0.010869565217391304
109 366 0.011627906976744186
549 44 0.010869565217391304
64 771 0.125
96 46 0.014705882352941176
44 550 0.04
44 549 0.023809523809523808
172 28 0.010416666666666666
172 27 0.0196078431372549
172 114 0.009174311926605505
405 438 0.013157894736842105
204 593 0.02564102564102564
198 329 0.011764705882352941
8 856 0.018867924528301886
93 543 0.030303030303030304
366 109 0.25
335 448 0.030303030303030304
169 405 0.012048192771084338
26 135 0.02857142857142857
121 252 0.012195121951219513
856 8 0.029411764705882353
149 349 0.05555555555555555
62 544 0.03571428571428571
377 458 0.024390243902439025
169 860 0.0625
412 820 0.010416666666666666
132 366 0.011627906976744186
820 412 0.016666666666666666
150 148 0.07142857142857142
132 738 0.03125
372 64 0.007352941176470588
391 390 0.034482758620689655
546 355 0.024390243902439025
280 572 0.045454545454545456
280 515 0.02564102564102564
280 204 0.03571428571428571
80 129 0.007194244604316547
13 39 0.030303030303030304
167 290 0.014925373134328358
167 292 0.029411764705882353
590 438 0.013157894736842105
590 86 0.006493506493506494
62 371 0.013157894736842105
438 590 0.03571428571428571
243 132 0.019230769230769232
132 243 0.021739130434782608
377 220 0.07142857142857142
481 59 0.021739130434782608
166 158 0.023255813953488372
0 313 0.058823529411764705
0 223 0.024390243902439025
879 242 0.03571428571428571
106 372 0.045454545454545456
106 373 0.043478260869565216
828 64 0.007352941176470588
320 94 0.02702702702702703
2 865 0.1111111111111111
350 320 0.025
352 352 0.047619047619047616
232 167 0.02040816326530612
94 320 0.025
166 2 0.012987012987012988
96 20 0.015625
223 0 0.03125
280 13 0.01639344262295082
506 166 0.007874015748031496
544 62 0.00558659217877095
546 158 0.023255813953488372
20 96 0.010309278350515464
361 438 0.013157894736842105
169 816 0.05555555555555555
438 361 0.02127659574468085
552 809 0.022727272727272728
438 405 0.012048192771084338
390 268 0.034482758620689655
283 44 0.010869565217391304
236 208 0.019230769230769232
452 19 0.016129032258064516
52 61 0.01818181818181818
700 19 0.016129032258064516
166 399 0.05555555555555555
166 506 0.0196078431372549
114 116 0.014705882352941176
221 546 0.0136986301369863
4 145 0.02127659574468085
145 4 0.013513513513513514
338 114 0.009174311926605505
116 114 0.009174311926605505
816 816 0.05555555555555555
5 303 0.012048192771084338
427 333 0.010638297872340425
427 23 0.014705882352941176
454 106 0.0078125
166 427 0.02127659574468085
154 154 0.02631578947368421
506 856 0.018867924528301886
87 300 0.025
19 365 0.011111111111111112
27 170 0.011494252873563218
27 338 0.019230769230769232
27 135 0.02857142857142857
880 174 0.015384615384615385
237 424 0.011111111111111112
174 880 0.037037037037037035
96 340 0.010869565217391304
444 417 0.018867924528301886
428 140 0.030303030303030304
587 4 0.013513513513513514
356 121 0.006369426751592357
96 151 0.023809523809523808
96 119 0.07692307692307693
96 263 0.02127659574468085
96 725 0.08333333333333333
96 442 0.045454545454545456
96 423 0.03125
96 437 0.038461538461538464
96 655 0.038461538461538464
96 47 0.02127659574468085
96 336 0.03125
96 136 0.037037037037037035
96 367 0.014084507042253521
96 439 0.3333333333333333
75 96 0.010309278350515464
423 96 0.010309278350515464
13 685 0.02702702702702703
96 173 0.015873015873015872
96 10 0.024390243902439025
96 259 0.04
96 881 1.0
96 326 0.02702702702702703
223 612 0.02127659574468085
10 96 0.010309278350515464
241 210 0.012987012987012988
326 96 0.010309278350515464
5 718 0.16666666666666666
106 454 0.14285714285714285
812 859 0.017241379310344827
442 96 0.010309278350515464
685 880 0.037037037037037035
3 62 0.00558659217877095
82 549 0.023809523809523808
82 518 0.015151515151515152
31 198 0.05263157894736842
58 859 0.017241379310344827
541 541 0.07142857142857142
2 283 0.008333333333333333
508 679 0.05263157894736842
292 515 0.02564102564102564
283 2 0.012987012987012988
103 395 0.027777777777777776
803 194 0.023809523809523808
128 204 0.03571428571428571
244 158 0.023255813953488372
478 13 0.01639344262295082
198 31 0.02564102564102564
46 322 0.05
19 49 0.07692307692307693
880 286 0.024390243902439025
880 63 0.009615384615384616
165 820 0.010416666666666666
405 531 0.021739130434782608
251 27 0.0196078431372549
62 627 0.1
346 511 0.047619047619047616
615 357 0.023809523809523808
241 244 0.037037037037037035
865 2 0.012987012987012988
357 615 0.025
62 169 0.010416666666666666
31 162 0.0196078431372549
377 782 0.3333333333333333
533 15 0.022222222222222223
533 335 0.043478260869565216
860 816 0.05555555555555555
860 135 0.02857142857142857
533 322 0.05
533 45 0.02631578947368421
178 681 0.05
590 443 0.023809523809523808
114 172 0.014285714285714285
169 301 0.008620689655172414
880 685 0.02702702702702703
45 335 0.043478260869565216
533 4 0.013513513513513514
533 194 0.023809523809523808
513 642 0.05
513 459 0.015384615384615385
87 211 0.00847457627118644
405 221 0.018518518518518517
238 62 0.00558659217877095
64 405 0.012048192771084338
4 698 0.041666666666666664
166 377 0.011363636363636364
166 12 0.021739130434782608
207 197 0.030303030303030304
197 207 0.034482758620689655
63 880 0.037037037037037035
162 31 0.02564102564102564
46 96 0.010309278350515464
661 362 0.016129032258064516
428 335 0.043478260869565216
362 661 0.02564102564102564
6 63 0.009615384615384616
322 676 0.25
132 86 0.006493506493506494
15 322 0.05
61 379 0.029411764705882353
768 99 0.043478260869565216
420 409 0.03333333333333333
47 96 0.010309278350515464
62 238 0.027777777777777776
96 101 0.04
12 11 0.016129032258064516
428 322 0.05
286 6 0.010752688172043012
243 236 0.020833333333333332
504 856 0.018867924528301886
451 141 0.014705882352941176
337 548 0.05
685 408 0.02631578947368421
66 66 0.05
405 263 0.02127659574468085
271 528 0.1111111111111111
387 485 0.037037037037037035
698 412 0.016666666666666666
57 411 0.013513513513513514
57 271 0.017241379310344827
249 12 0.021739130434782608
33 113 0.013513513513513514
419 5 0.008064516129032258
419 489 0.037037037037037035
543 93 0.0196078431372549
64 349 0.05555555555555555
528 271 0.017241379310344827
489 419 0.013888888888888888
142 77 0.05555555555555555
142 253 0.043478260869565216
142 756 0.058823529411764705
142 828 0.05263157894736842
142 131 0.021739130434782608
142 269 0.014492753623188406
142 180 0.014705882352941176
142 856 0.018867924528301886
142 404 0.01639344262295082
142 493 0.0136986301369863
142 153 0.043478260869565216
142 17 0.01639344262295082
142 173 0.015873015873015872
142 453 0.05
142 147 0.02702702702702703
611 11 0.016129032258064516
11 12 0.021739130434782608
391 61 0.01818181818181818
142 812 0.022727272727272728
170 434 0.006622516556291391
4 712 0.25
138 126 0.03571428571428571
211 258 0.03125
4 55 0.02857142857142857
4 738 0.03125
408 685 0.02702702702702703
81 166 0.007874015748031496
8 86 0.006493506493506494
303 551 0.08333333333333333
322 15 0.022222222222222223
322 428 0.043478260869565216
322 429 0.03333333333333333
428 15 0.022222222222222223
428 428 0.043478260869565216
405 758 0.07142857142857142
379 16 0.014705882352941176
379 80 0.01639344262295082
379 164 0.02564102564102564
379 63 0.009615384615384616
379 628 0.14285714285714285
438 5 0.008064516129032258
2 107 0.005917159763313609
146 601 0.02702702702702703
146 166 0.007874015748031496
6 587 0.07142857142857142
500 501 0.07142857142857142
500 406 0.04
627 62 0.00558659217877095
845 303 0.012048192771084338
686 245 0.02127659574468085
58 880 0.037037037037037035
303 845 0.038461538461538464
349 64 0.007352941176470588
86 259 0.04
259 86 0.006493506493506494
148 179 0.02040816326530612
533 187 0.02564102564102564
469 90 0.041666666666666664
91 758 0.07142857142857142
342 851 0.1111111111111111
4 271 0.017241379310344827
66 211 0.00847457627118644
229 338 0.019230769230769232
295 560 0.03571428571428571
166 23 0.014705882352941176
166 156 0.05
358 105 0.008695652173913044
405 124 0.030303030303030304
152 288 0.03571428571428571
343 183 0.006993006993006993
343 129 0.007194244604316547
581 420 0.009174311926605505
166 880 0.037037037037037035
105 114 0.009174311926605505
105 367 0.014084507042253521
105 358 0.025
352 178 0.034482758620689655
105 81 0.010869565217391304
105 326 0.02702702702702703
367 105 0.008695652173913044
551 303 0.012048192771084338
166 178 0.034482758620689655
618 404 0.01639344262295082
458 377 0.011363636363636364
458 183 0.006993006993006993
880 58 0.009708737864077669
86 8 0.029411764705882353
86 353 0.034482758620689655
326 143 0.022222222222222223
353 86 0.006493506493506494
809 806 0.2
806 809 0.022727272727272728
417 79 0.02857142857142857
166 611 0.04
249 19 0.016129032258064516
244 243 0.021739130434782608
62 64 0.007352941176470588
215 64 0.007352941176470588
149 490 0.029411764705882353
82 137 0.012987012987012988
417 183 0.006993006993006993
81 81 0.010869565217391304
166 573 0.058823529411764705
237 243 0.021739130434782608
47 417 0.018867924528301886
183 343 0.05
249 187 0.02564102564102564
141 573 0.058823529411764705
141 9 0.037037037037037035
264 823 0.05
533 581 0.037037037037037035
66 117 0.06666666666666667
66 611 0.04
66 389 0.029411764705882353
66 661 0.02564102564102564
66 121 0.006369426751592357
66 560 0.03571428571428571
66 338 0.019230769230769232
66 480 0.029411764705882353
66 252 0.012195121951219513
66 48 0.021739130434782608
66 654 0.02702702702702703
420 581 0.037037037037037035
187 249 0.008928571428571428
86 623 0.1111111111111111
58 159 0.029411764705882353
58 158 0.023255813953488372
856 504 0.027777777777777776
194 58 0.009708737864077669
100 62 0.00558659217877095
141 856 0.018867924528301886
450 86 0.006493506493506494
856 141 0.014705882352941176
149 621 0.07692307692307693
878 23 0.014705882352941176
335 429 0.03333333333333333
183 705 0.14285714285714285
508 184 0.013888888888888888
150 381 0.037037037037037035
149 347 0.041666666666666664
6 181 0.022222222222222223
6 337 0.02702702702702703
181 6 0.010752688172043012
6 296 0.014285714285714285
6 377 0.011363636363636364
459 490 0.029411764705882353
337 6 0.010752688172043012
46 405 0.012048192771084338
459 106 0.0078125
621 149 0.041666666666666664
149 179 0.02040816326530612
573 166 0.007874015748031496
180 87 0.009174311926605505
188 518 0.015151515151515152
404 532 0.05
490 149 0.041666666666666664
32 417 0.018867924528301886
148 224 0.1
560 295 0.01818181818181818
194 865 0.1111111111111111
498 86 0.006493506493506494
865 194 0.023809523809523808
417 32 0.03125
518 518 0.015151515151515152
397 378 0.041666666666666664
152 116 0.014705882352941176
560 362 0.016129032258064516
560 19 0.016129032258064516
560 358 0.025
546 154 0.02631578947368421
560 329 0.011764705882352941
166 20 0.015625
12 560 0.03571428571428571
166 194 0.023809523809523808
166 393 0.015151515151515152
166 250 0.03333333333333333
560 12 0.021739130434782608
311 190 0.034482758620689655
419 28 0.010416666666666666
316 560 0.03571428571428571
166 882 0.5
350 180 0.014705882352941176
335 533 0.011764705882352941
121 29 0.020833333333333332
121 306 0.03125
121 647 0.09090909090909091
121 748 0.047619047619047616
121 230 0.058823529411764705
121 245 0.02127659574468085
121 568 0.043478260869565216
121 236 0.020833333333333332
121 242 0.03571428571428571
499 19 0.016129032258064516
748 121 0.006369426751592357
150 741 0.2
665 812 0.022727272727272728
57 194 0.023809523809523808
412 194 0.023809523809523808
86 21 0.009009009009009009
145 21 0.009009009009009009
194 305 0.019230769230769232
847 48 0.021739130434782608
329 514 0.09090909090909091
169 82 0.008264462809917356
169 828 0.05263157894736842
169 121 0.006369426751592357
305 194 0.023809523809523808
238 0 0.03125
21 86 0.006493506493506494
106 560 0.03571428571428571
169 106 0.0078125
0 238 0.027777777777777776
256 121 0.006369426751592357
21 145 0.02127659574468085
877 81 0.010869565217391304
244 209 0.016666666666666666
420 20 0.015625
113 36 0.023255813953488372
36 113 0.013513513513513514
466 487 0.08333333333333333
342 350 0.05
62 3 0.016129032258064516
131 64 0.007352941176470588
443 26 0.03333333333333333
249 589 0.0625
589 249 0.008928571428571428
466 466 0.027777777777777776
131 586 0.04
404 372 0.045454545454545456
404 282 0.009433962264150943
404 366 0.011627906976744186
404 121 0.006369426751592357
404 86 0.006493506493506494
404 546 0.0136986301369863
549 218 0.023255813953488372
380 393 0.015151515151515152
280 121 0.006369426751592357
809 89 0.017543859649122806
809 302 0.043478260869565216
302 809 0.022727272727272728
137 880 0.037037037037037035
137 812 0.022727272727272728
443 339 0.025
218 549 0.023809523809523808
419 45 0.02631578947368421
424 393 0.015151515151515152
45 419 0.013888888888888888
474 560 0.03571428571428571
158 58 0.009708737864077669
611 176 0.04
64 412 0.016666666666666666
64 116 0.014705882352941176
560 474 0.01639344262295082
422 19 0.016129032258064516
509 667 0.03571428571428571
57 812 0.022727272727272728
430 64 0.007352941176470588
509 184 0.013888888888888888
20 166 0.007874015748031496
820 64 0.007352941176470588
667 509 0.02127659574468085
262 347 0.041666666666666664
509 418 0.034482758620689655
64 820 0.010416666666666666
509 509 0.02127659574468085
878 35 0.018867924528301886
431 372 0.045454545454545456
509 69 0.024390243902439025
509 508 0.038461538461538464
880 880 0.037037037037037035
812 57 0.018518518518518517
518 166 0.007874015748031496
509 549 0.023809523809523808
13 458 0.024390243902439025
11 611 0.04
336 92 0.02631578947368421
35 878 0.3333333333333333
142 64 0.007352941176470588
166 666 0.0625
828 356 0.02127659574468085
347 262 0.045454545454545456
28 419 0.013888888888888888
356 828 0.05263157894736842
405 211 0.00847457627118644
405 63 0.009615384615384616
211 405 0.012048192771084338
187 518 0.015151515151515152
118 183 0.006993006993006993
96 728 0.0625
458 64 0.007352941176470588
209 543 0.030303030303030304
581 450 0.018867924528301886
64 458 0.024390243902439025
409 390 0.034482758620689655
13 79 0.02857142857142857
131 63 0.009615384615384616
367 361 0.02127659574468085
589 607 0.038461538461538464
198 198 0.05263157894736842
166 347 0.041666666666666664
490 459 0.015384615384615385
426 840 0.0625
131 832 0.045454545454545456
29 62 0.00558659217877095
50 152 0.016666666666666666
62 87 0.009174311926605505
546 226 0.021739130434782608
62 29 0.020833333333333332
180 162 0.0196078431372549
452 608 0.043478260869565216
114 847 0.03571428571428571
179 60 0.02564102564102564
509 107 0.005917159763313609
509 62 0.00558659217877095
145 393 0.015151515151515152
62 736 0.16666666666666666
832 131 0.021739130434782608
417 27 0.0196078431372549
31 33 0.041666666666666664
810 88 0.03333333333333333
88 810 0.3333333333333333
450 581 0.037037037037037035
459 187 0.02564102564102564
811 28 0.010416666666666666
65 169 0.010416666666666666
812 601 0.02702702702702703
121 96 0.010309278350515464
447 273 0.041666666666666664
756 142 0.010101010101010102
847 443 0.023809523809523808
812 3 0.016129032258064516
17 431 0.043478260869565216
608 452 0.034482758620689655
292 129 0.007194244604316547
142 577 0.2
307 314 0.03125
13 483 0.027777777777777776
157 174 0.015384615384615385
509 81 0.010869565217391304
840 426 0.021739130434782608
815 194 0.023809523809523808
194 815 0.07142857142857142
427 145 0.02127659574468085
218 513 0.024390243902439025
17 872 0.07692307692307693
405 183 0.006993006993006993
166 139 0.027777777777777776
482 598 0.125
577 142 0.010101010101010102
165 883 0.09090909090909091
166 249 0.008928571428571428
145 422 0.03225806451612903
145 856 0.018867924528301886
183 405 0.012048192771084338
166 87 0.009174311926605505
340 777 0.058823529411764705
249 159 0.029411764705882353
480 184 0.013888888888888888
509 325 0.038461538461538464
249 431 0.043478260869565216
249 23 0.014705882352941176
249 340 0.010869565217391304
249 173 0.015873015873015872
249 333 0.010638297872340425
169 340 0.010869565217391304
828 145 0.02127659574468085
278 365 0.011111111111111112
258 211 0.00847457627118644
258 18 0.021739130434782608
422 248 0.05
259 89 0.017543859649122806
325 509 0.02127659574468085
340 249 0.008928571428571428
518 187 0.02564102564102564
11 430 0.024390243902439025
412 884 0.5
494 24 0.038461538461538464
58 373 0.043478260869565216
588 36 0.023255813953488372
427 249 0.008928571428571428
307 85 0.02857142857142857
800 533 0.011764705882352941
164 96 0.010309278350515464
167 460 0.022727272727272728
299 590 0.03571428571428571
590 299 0.047619047619047616
372 58 0.009708737864077669
84 229 0.037037037037037035
48 84 0.020833333333333332
166 140 0.030303030303030304
229 84 0.020833333333333332
339 437 0.038461538461538464
232 608 0.043478260869565216
232 804 0.08333333333333333
459 0 0.03125
880 137 0.012987012987012988
13 667 0.03571428571428571
13 333 0.010638297872340425
509 68 0.02564102564102564
832 587 0.07142857142857142
557 395 0.027777777777777776
494 2 0.012987012987012988
265 804 0.08333333333333333
885 728 0.0625
231 655 0.038461538461538464
285 65 0.025
7 62 0.00558659217877095
426 65 0.025
494 23 0.014705882352941176
543 209 0.016666666666666666
537 366 0.011627906976744186
408 208 0.019230769230769232
23 494 0.0125
94 342 0.022727272727272728
200 207 0.034482758620689655
179 104 0.03125
698 126 0.03571428571428571
480 39 0.030303030303030304
143 142 0.010101010101010102
388 128 0.007575757575757576
388 150 0.03125
308 430 0.024390243902439025
308 211 0.00847457627118644
885 106 0.0078125
211 430 0.024390243902439025
509 306 0.03125
460 167 0.02040816326530612
506 500 0.05555555555555555
209 128 0.007575757575757576
64 249 0.008928571428571428
81 145 0.02127659574468085
20 885 0.3333333333333333
13 730 0.1111111111111111
730 13 0.01639344262295082
494 25 0.03125
278 157 0.018518518518518517
333 83 0.011627906976744186
515 93 0.0196078431372549
515 277 0.0625
588 545 0.05263157894736842
262 100 0.027777777777777776
83 333 0.010638297872340425
286 880 0.037037037037037035
885 20 0.015625
455 58 0.009708737864077669
249 357 0.023809523809523808
392 588 0.045454545454545456
269 615 0.025
137 87 0.009174311926605505
87 137 0.012987012987012988
143 121 0.006369426751592357
392 368 0.022222222222222223
61 14 0.01818181818181818
537 103 0.023255813953488372
537 380 0.030303030303030304
537 389 0.029411764705882353
537 394 0.03333333333333333
537 526 0.02
537 53 0.037037037037037035
537 221 0.018518518518518517
537 178 0.034482758620689655
537 403 0.058823529411764705
537 486 0.022727272727272728
55 166 0.007874015748031496
53 103 0.023255813953488372
53 380 0.030303030303030304
53 389 0.029411764705882353
53 61 0.01818181818181818
53 85 0.02857142857142857
53 394 0.03333333333333333
53 312 0.047619047619047616
53 537 0.05555555555555555
53 526 0.02
53 465 0.1111111111111111
53 221 0.018518518518518517
53 18 0.021739130434782608
53 14 0.01818181818181818
53 178 0.034482758620689655
53 403 0.058823529411764705
53 486 0.022727272727272728
141 608 0.043478260869565216
92 818 0.1
333 256 0.00847457627118644
615 269 0.014492753623188406
404 586 0.04
12 856 0.018867924528301886
249 366 0.011627906976744186
190 16 0.014705882352941176
166 55 0.02857142857142857
164 273 0.041666666666666664
100 262 0.045454545454545456
95 204 0.03571428571428571
291 450 0.018867924528301886
457 399 0.05555555555555555
104 179 0.02040816326530612
256 183 0.006993006993006993
184 62 0.00558659217877095
25 588 0.045454545454545456
482 423 0.03125
423 482 0.02857142857142857
818 92 0.02631578947368421
45 640 0.058823529411764705
92 723 0.09090909090909091
62 357 0.023809523809523808
470 151 0.023809523809523808
381 156 0.05
80 866 0.3333333333333333
271 55 0.02857142857142857
166 856 0.018867924528301886
102 411 0.013513513513513514
102 192 0.05263157894736842
353 796 0.25
250 157 0.018518518518518517
209 16 0.014705882352941176
661 856 0.018867924528301886
79 417 0.018867924528301886
238 209 0.016666666666666666
238 242 0.03571428571428571
828 121 0.006369426751592357
93 204 0.03571428571428571
411 408 0.02631578947368421
23 121 0.006369426751592357
12 430 0.024390243902439025
204 93 0.0196078431372549
277 515 0.02564102564102564
453 121 0.006369426751592357
669 420 0.009174311926605505
342 681 0.05
423 89 0.017543859649122806
152 87 0.009174311926605505
886 601 0.02702702702702703
92 152 0.016666666666666666
856 121 0.006369426751592357
216 273 0.041666666666666664
152 92 0.02631578947368421
3 601 0.02702702702702703
183 272 0.024390243902439025
126 698 0.041666666666666664
723 92 0.02631578947368421
318 170 0.011494252873563218
333 36 0.023255813953488372
62 7 0.02040816326530612
886 3 0.016129032258064516
887 20 0.015625
20 887 0.3333333333333333
856 430 0.024390243902439025
430 11 0.016129032258064516
65 357 0.023809523809523808
64 828 0.05263157894736842
87 20 0.015625
31 40 0.020833333333333332
31 35 0.018867924528301886
31 32 0.03125
40 31 0.02564102564102564
62 2 0.012987012987012988
3 57 0.018518518518518517
347 179 0.02040816326530612
347 307 0.08333333333333333
157 347 0.041666666666666664
213 496 0.05
303 571 0.05
387 157 0.018518518518518517
837 837 0.5
768 100 0.027777777777777776
342 130 0.027777777777777776
342 94 0.02702702702702703
115 820 0.010416666666666666
115 128 0.007575757575757576
856 87 0.009174311926605505
820 115 0.009900990099009901
223 518 0.015151515151515152
409 421 0.020833333333333332
87 353 0.034482758620689655
865 58 0.009708737864077669
278 342 0.022727272727272728
278 149 0.041666666666666664
278 262 0.045454545454545456
353 87 0.009174311926605505
820 256 0.00847457627118644
820 212 0.009900990099009901
176 501 0.07142857142857142
493 282 0.009433962264150943
7 500 0.05555555555555555
7 502 0.05555555555555555
7 506 0.0196078431372549
377 166 0.007874015748031496
408 411 0.013513513513513514
21 282 0.009433962264150943
184 422 0.03225806451612903
422 184 0.013888888888888888
649 649 0.1111111111111111
283 28 0.010416666666666666
283 169 0.010416666666666666
283 367 0.014084507042253521
57 3 0.016129032258064516
121 726 0.1111111111111111
121 759 1.0
482 162 0.0196078431372549
58 812 0.022727272727272728
412 888 1.0
404 301 0.008620689655172414
340 217 0.06666666666666667
170 13 0.01639344262295082
866 80 0.01639344262295082
405 601 0.02702702702702703
28 405 0.012048192771084338
46 121 0.006369426751592357
59 192 0.05263157894736842
121 151 0.023809523809523808
121 353 0.034482758620689655
192 59 0.021739130434782608
235 244 0.037037037037037035
601 405 0.012048192771084338
30 339 0.025
232 484 0.05263157894736842
13 170 0.011494252873563218
405 434 0.006622516556291391
86 225 0.04
607 118 0.041666666666666664
828 889 0.25
23 480 0.029411764705882353
162 654 0.02702702702702703
86 201 0.023255813953488372
201 86 0.006493506493506494
333 89 0.017543859649122806
494 590 0.03571428571428571
132 208 0.019230769230769232
511 262 0.045454545454545456
885 21 0.009009009009009009
160 552 0.027777777777777776
23 212 0.009900990099009901
121 890 0.5
340 405 0.012048192771084338
434 283 0.008333333333333333
140 140 0.030303030303030304
698 57 0.018518518518518517
698 55 0.02857142857142857
698 54 0.023809523809523808
698 685 0.02702702702702703
698 56 0.02564102564102564
698 59 0.021739130434782608
36 48 0.021739130434782608
409 497 0.0625
24 25 0.03125
24 26 0.03333333333333333
24 32 0.03125
24 33 0.041666666666666664
24 34 0.043478260869565216
24 590 0.03571428571428571
24 36 0.023255813953488372
24 38 0.034482758620689655
24 39 0.030303030303030304
24 588 0.045454545454545456
48 338 0.019230769230769232
464 35 0.018867924528301886
190 121 0.006369426751592357
452 498 0.01639344262295082
35 464 0.023255813953488372
498 452 0.034482758620689655
347 157 0.018518518518518517
57 601 0.02702702702702703
601 57 0.018518518518518517
413 413 0.041666666666666664
347 61 0.01818181818181818
61 347 0.041666666666666664
368 295 0.01818181818181818
121 190 0.034482758620689655
87 426 0.021739130434782608
162 90 0.041666666666666664
815 880 0.037037037037037035
409 81 0.010869565217391304
294 377 0.011363636363636364
86 28 0.010416666666666666
391 380 0.030303030303030304
160 621 0.07692307692307693
28 86 0.006493506493506494
52 157 0.018518518518518517
246 7 0.02040816326530612
7 246 0.08333333333333333
129 113 0.013513513513513514
285 806 0.2
41 41 0.015151515151515152
41 751 0.2
81 301 0.008620689655172414
817 817 0.2
67 160 0.0047169811320754715
234 96 0.010309278350515464
86 70 0.0625
409 40 0.020833333333333332
40 409 0.03333333333333333
225 86 0.006493506493506494
160 551 0.08333333333333333
160 67 0.125
209 64 0.007352941176470588
405 889 0.25
887 887 0.3333333333333333
708 768 0.07692307692307693
430 7 0.02040816326530612
529 499 0.02564102564102564
699 529 0.03125
529 699 0.045454545454545456
211 705 0.14285714285714285
301 81 0.010869565217391304
509 260 0.05263157894736842
509 678 0.1111111111111111
886 58 0.009708737864077669
182 308 0.02857142857142857
86 366 0.011627906976744186
281 718 0.16666666666666666
833 5 0.008064516129032258
160 240 0.05
240 160 0.0047169811320754715
107 2 0.012987012987012988
333 82 0.008264462809917356
86 10 0.024390243902439025
776 201 0.023255813953488372
163 546 0.0136986301369863
306 509 0.02127659574468085
169 6 0.010752688172043012
599 158 0.023255813953488372
442 478 0.037037037037037035
409 190 0.034482758620689655
678 509 0.02127659574468085
681 160 0.0047169811320754715
856 506 0.0196078431372549
169 820 0.010416666666666666
367 470 0.047619047619047616
169 419 0.013888888888888888
2 880 0.037037037037037035
887 885 0.3333333333333333
254 254 0.034482758620689655
210 405 0.012048192771084338
340 282 0.009433962264150943
889 405 0.012048192771084338
269 142 0.010101010101010102
641 282 0.009433962264150943
74 400 0.034482758620689655
859 412 0.016666666666666666
107 736 0.16666666666666666
179 347 0.041666666666666664
107 748 0.047619047619047616
377 294 0.045454545454545456
160 559 0.16666666666666666
262 377 0.011363636363636364
400 74 0.013157894736842105
243 820 0.010416666666666666
377 262 0.045454545454545456
160 812 0.022727272727272728
282 641 0.08333333333333333
394 295 0.01818181818181818
155 849 0.14285714285714285
438 64 0.007352941176470588
205 94 0.02702702702702703
565 430 0.024390243902439025
581 78 0.043478260869565216
412 859 0.017241379310344827
419 169 0.010416666666666666
48 847 0.03571428571428571
45 404 0.01639344262295082
812 160 0.0047169811320754715
559 160 0.0047169811320754715
531 419 0.013888888888888888
419 351 0.023255813953488372
747 107 0.005917159763313609
419 531 0.021739130434782608
81 108 0.02702702702702703
351 419 0.013888888888888888
134 867 0.25
602 602 0.05
525 359 0.05
470 86 0.006493506493506494
404 45 0.02631578947368421
282 106 0.0078125
160 747 0.045454545454545456
106 885 0.3333333333333333
359 525 0.029411764705882353
405 308 0.02857142857142857
405 133 0.0136986301369863
133 405 0.012048192771084338
245 301 0.008620689655172414
64 438 0.013157894736842105
14 368 0.022222222222222223
420 669 0.16666666666666666
51 283 0.008333333333333333
57 880 0.037037037037037035
132 217 0.06666666666666667
812 880 0.037037037037037035
299 700 0.037037037037037035
106 282 0.009433962264150943
700 299 0.047619047619047616
728 96 0.010309278350515464
812 412 0.016666666666666666
333 28 0.010416666666666666
5 828 0.05263157894736842
86 203 0.02564102564102564
5 833 0.2
86 662 0.0625
226 223 0.024390243902439025
86 138 0.034482758620689655
412 812 0.022727272727272728
168 600 0.1
884 884 0.5
242 62 0.00558659217877095
65 282 0.009433962264150943
859 812 0.022727272727272728
3 812 0.022727272727272728
282 65 0.025
160 882 0.5
211 807 0.16666666666666666
891 405 0.012048192771084338
26 590 0.03571428571428571
820 365 0.011111111111111112
86 226 0.021739130434782608
160 355 0.024390243902439025
169 308 0.02857142857142857
405 891 0.5
226 86 0.006493506493506494
483 556 0.14285714285714285
86 94 0.02702702702702703
533 172 0.014285714285714285
611 160 0.0047169811320754715
107 747 0.045454545454545456
756 431 0.043478260869565216
860 455 0.0196078431372549
354 354 0.1
263 405 0.012048192771084338
182 869 0.2
479 479 0.2
284 511 0.047619047619047616
262 148 0.07142857142857142
160 261 0.023255813953488372
528 373 0.043478260869565216
470 494 0.0125
56 880 0.037037037037037035
730 211 0.00847457627118644
299 299 0.047619047619047616
300 892 0.07142857142857142
405 892 0.07142857142857142
191 160 0.0047169811320754715
587 832 0.045454545454545456
518 107 0.005917159763313609
511 284 0.02857142857142857
210 107 0.005917159763313609
195 57 0.018518518518518517
424 105 0.008695652173913044
128 388 0.043478260869565216
308 462 0.04
44 107 0.005917159763313609
169 638 0.16666666666666666
443 590 0.03571428571428571
266 525 0.029411764705882353
706 523 0.0625
300 889 0.25
880 157 0.018518518518518517
57 195 0.034482758620689655
525 266 0.043478260869565216
35 14 0.01818181818181818
6 89 0.017543859649122806
288 571 0.05
698 2 0.012987012987012988
263 82 0.008264462809917356
82 263 0.02127659574468085
458 413 0.041666666666666664
458 526 0.02
195 160 0.0047169811320754715
2 698 0.041666666666666664
507 85 0.02857142857142857
57 6 0.010752688172043012
399 457 0.04
237 174 0.015384615384615385
440 176 0.04
240 158 0.023255813953488372
287 298 0.1111111111111111
287 536 0.09090909090909091
889 300 0.025
131 160 0.0047169811320754715
184 508 0.038461538461538464
35 261 0.023255813953488372
261 160 0.0047169811320754715
107 89 0.017543859649122806
206 284 0.02857142857142857
284 206 0.022727272727272728
6 57 0.018518518518518517
248 330 0.1111111111111111
73 756 0.058823529411764705
373 240 0.05
373 552 0.027777777777777776
373 93 0.0196078431372549
373 133 0.0136986301369863
892 892 0.07142857142857142
170 310 0.041666666666666664
138 86 0.006493506493506494
310 170 0.011494252873563218
191 150 0.03125
533 508 0.038461538461538464
354 101 0.04
266 407 0.045454545454545456
892 300 0.025
300 183 0.006993006993006993
300 475 0.5
300 642 0.05
300 44 0.010869565217391304
300 495 0.02040816326530612
300 739 0.16666666666666666
300 263 0.02127659574468085
300 218 0.023255813953488372
300 283 0.008333333333333333
300 209 0.016666666666666666
300 161 0.02857142857142857
300 303 0.012048192771084338
300 210 0.012987012987012988
300 255 0.022222222222222223
300 638 0.16666666666666666
300 21 0.009009009009009009
300 371 0.013157894736842105
424 641 0.08333333333333333
160 131 0.021739130434782608
367 419 0.013888888888888888
199 205 0.037037037037037035
308 169 0.010416666666666666
602 499 0.02564102564102564
92 887 0.3333333333333333
86 470 0.047619047619047616
494 470 0.047619047619047616
404 494 0.0125
37 24 0.038461538461538464
201 169 0.010416666666666666
169 201 0.023255813953488372
466 893 0.5
373 515 0.02564102564102564
373 184 0.013888888888888888
887 92 0.02631578947368421
64 21 0.009009009009009009
160 156 0.05
424 880 0.037037037037037035
190 366 0.011627906976744186
366 190 0.034482758620689655
63 812 0.022727272727272728
245 337 0.02702702702702703
337 245 0.02127659574468085
387 393 0.015151515151515152
828 107 0.005917159763313609
359 7 0.02040816326530612
151 24 0.038461538461538464
419 714 0.043478260869565216
12 82 0.008264462809917356
12 121 0.006369426751592357
615 828 0.05263157894736842
79 152 0.016666666666666666
82 12 0.021739130434782608
84 615 0.025
151 424 0.011111111111111112
84 57 0.018518518518518517
282 880 0.037037037037037035
152 79 0.02857142857142857
160 312 0.047619047619047616
165 121 0.006369426751592357
8 466 0.027777777777777776
812 102 0.0625
373 194 0.023809523809523808
201 283 0.008333333333333333
174 80 0.01639344262295082
75 753 0.058823529411764705
283 201 0.023255813953488372
121 12 0.021739130434782608
880 815 0.07142857142857142
556 531 0.021739130434782608
174 126 0.03571428571428571
92 685 0.02702702702702703
880 859 0.017241379310344827
470 261 0.023255813953488372
137 80 0.01639344262295082
466 8 0.029411764705882353
486 5 0.008064516129032258
200 820 0.010416666666666666
6 486 0.022727272727272728
5 840 0.0625
318 160 0.0047169811320754715
426 283 0.008333333333333333
753 860 0.0625
753 119 0.07692307692307693
327 894 1.0
860 753 0.058823529411764705
23 261 0.023255813953488372
371 208 0.019230769230769232
859 859 0.017241379310344827
424 589 0.0625
531 556 0.14285714285714285
466 64 0.007352941176470588
611 64 0.007352941176470588
102 812 0.022727272727272728
318 36 0.023255813953488372
318 169 0.010416666666666666
264 358 0.025
593 94 0.02702702702702703
283 426 0.021739130434782608
146 316 0.02631578947368421
426 166 0.007874015748031496
426 518 0.015151515151515152
426 714 0.043478260869565216
366 180 0.014705882352941176
407 494 0.0125
132 252 0.012195121951219513
75 470 0.047619047619047616
162 169 0.010416666666666666
851 157 0.018518518518518517
169 162 0.0196078431372549
180 366 0.011627906976744186
452 421 0.020833333333333332
452 466 0.027777777777777776
452 358 0.025
316 146 0.07142857142857142
611 6 0.010752688172043012
466 6 0.010752688172043012
358 264 0.037037037037037035
249 215 0.013333333333333334
494 90 0.041666666666666664
589 424 0.011111111111111112
889 375 0.018867924528301886
117 62 0.00558659217877095
373 481 0.02564102564102564
107 284 0.02857142857142857
232 498 0.01639344262295082
284 107 0.005917159763313609
860 375 0.018867924528301886
380 200 0.029411764705882353
380 562 0.038461538461538464
469 143 0.022222222222222223
400 678 0.1111111111111111
499 7 0.02040816326530612
581 497 0.0625
190 311 0.03225806451612903
5 466 0.027777777777777776
321 283 0.008333333333333333
6 56 0.02564102564102564
318 82 0.008264462809917356
466 5 0.008064516129032258
685 92 0.02631578947368421
62 163 0.02702702702702703
375 889 0.25
56 6 0.010752688172043012
470 116 0.014705882352941176
116 470 0.047619047619047616
557 128 0.007575757575757576
641 371 0.013157894736842105
258 160 0.0047169811320754715
82 269 0.014492753623188406
107 98 0.043478260869565216
4 252 0.012195121951219513
82 368 0.022222222222222223
82 277 0.0625
82 219 0.05555555555555555
82 782 0.3333333333333333
82 730 0.1111111111111111
82 287 0.058823529411764705
82 93 0.0196078431372549
401 82 0.008264462809917356
252 63 0.009615384615384616
63 252 0.012195121951219513
100 301 0.008620689655172414
68 679 0.05263157894736842
301 100 0.027777777777777776
132 518 0.015151515151515152
320 349 0.05555555555555555
546 742 0.3333333333333333
518 132 0.019230769230769232
199 258 0.03125
276 276 0.1111111111111111
246 246 0.08333333333333333
162 184 0.013888888888888888
510 494 0.0125
366 152 0.016666666666666666
258 199 0.02631578947368421
496 213 0.027777777777777776
63 55 0.02857142857142857
375 860 0.0625
63 243 0.021739130434782608
188 183 0.006993006993006993
284 203 0.02564102564102564
812 273 0.041666666666666664
5 100 0.027777777777777776
184 162 0.0196078431372549
487 496 0.05
242 238 0.027777777777777776
98 107 0.005917159763313609
100 5 0.008064516129032258
277 203 0.02564102564102564
417 895 0.5
13 526 0.02
13 19 0.016129032258064516
167 172 0.014285714285714285
160 395 0.027777777777777776
16 642 0.05
498 487 0.08333333333333333
160 353 0.034482758620689655
249 201 0.023255813953488372
10 405 0.012048192771084338
201 249 0.008928571428571428
172 167 0.02040816326530612
73 316 0.02631578947368421
615 146 0.07142857142857142
405 10 0.024390243902439025
157 180 0.014705882352941176
343 157 0.018518518518518517
306 68 0.02564102564102564
68 306 0.03125
13 53 0.037037037037037035
708 404 0.01639344262295082
21 188 0.038461538461538464
173 107 0.005917159763313609
470 438 0.013157894736842105
438 470 0.047619047619047616
128 23 0.014705882352941176
132 258 0.03125
258 132 0.019230769230769232
330 74 0.013157894736842105
418 287 0.058823529411764705
300 10 0.024390243902439025
141 360 0.03571428571428571
287 418 0.034482758620689655
690 21 0.009009009009009009
300 367 0.014084507042253521
173 160 0.0047169811320754715
812 58 0.009708737864077669
812 665 0.045454545454545456
485 387 0.043478260869565216
21 690 0.07142857142857142
21 222 0.017857142857142856
173 405 0.012048192771084338
305 16 0.014705882352941176
305 489 0.037037037037037035
73 309 0.034482758620689655
116 183 0.006993006993006993
362 401 0.03125
183 116 0.014705882352941176
489 305 0.019230769230769232
376 160 0.0047169811320754715
93 14 0.01818181818181818
208 155 0.018867924528301886
405 173 0.015873015873015872
137 6 0.010752688172043012
128 5 0.008064516129032258
513 513 0.024390243902439025
466 160 0.0047169811320754715
39 40 0.020833333333333332
280 734 0.07692307692307693
280 1 0.0196078431372549
280 148 0.07142857142857142
280 351 0.023255813953488372
280 575 0.09090909090909091
613 243 0.021739130434782608
332 421 0.020833333333333332
642 16 0.014705882352941176
89 64 0.007352941176470588
394 388 0.043478260869565216
14 93 0.0196078431372549
812 366 0.011627906976744186
355 546 0.0136986301369863
223 365 0.011111111111111112
64 173 0.015873015873015872
812 142 0.010101010101010102
615 180 0.014705882352941176
615 17 0.01639344262295082
615 493 0.0136986301369863
243 613 0.125
674 7 0.02040816326530612
615 820 0.010416666666666666
96 121 0.006369426751592357
615 393 0.015151515151515152
615 474 0.01639344262295082
615 21 0.009009009009009009
132 46 0.014705882352941176
615 427 0.02127659574468085
615 115 0.009900990099009901
809 88 0.03333333333333333
615 333 0.010638297872340425
173 892 0.07142857142857142
10 64 0.007352941176470588
405 375 0.018867924528301886
87 258 0.03125
106 83 0.011627906976744186
21 615 0.025
46 132 0.019230769230769232
170 301 0.008620689655172414
300 173 0.015873015873015872
173 300 0.025
615 856 0.018867924528301886
269 617 0.16666666666666666
588 206 0.022727272727272728
615 243 0.021739130434782608
206 588 0.045454545454545456
615 252 0.012195121951219513
615 58 0.009708737864077669
615 153 0.043478260869565216
86 142 0.010101010101010102
615 253 0.043478260869565216
615 331 0.05263157894736842
290 643 0.07692307692307693
253 615 0.025
615 249 0.008928571428571428
615 144 0.09090909090909091
615 64 0.007352941176470588
243 235 0.05555555555555555
243 244 0.037037037037037035
812 115 0.009900990099009901
412 738 0.03125
116 655 0.038461538461538464
326 21 0.009009009009009009
115 812 0.022727272727272728
812 434 0.006622516556291391
560 223 0.024390243902439025
82 212 0.009900990099009901
355 300 0.025
355 405 0.012048192771084338
738 411 0.013513513513513514
141 661 0.02564102564102564
371 174 0.015384615384615385
28 172 0.014285714285714285
368 250 0.03333333333333333
183 545 0.05263157894736842
61 301 0.008620689655172414
607 490 0.029411764705882353
316 468 0.047619047619047616
405 896 0.047619047619047616
291 294 0.045454545454545456
169 13 0.01639344262295082
333 261 0.023255813953488372
361 261 0.023255813953488372
290 167 0.02040816326530612
422 17 0.01639344262295082
17 422 0.03225806451612903
301 61 0.01818181818181818
97 708 0.058823529411764705
97 618 0.07692307692307693
97 640 0.058823529411764705
97 662 0.0625
275 511 0.047619047619047616
429 301 0.008620689655172414
187 160 0.0047169811320754715
94 483 0.027777777777777776
820 23 0.014705882352941176
892 405 0.012048192771084338
473 549 0.023809523809523808
483 94 0.02702702702702703
80 96 0.010309278350515464
206 62 0.00558659217877095
264 569 0.034482758620689655
62 206 0.022727272727272728
142 106 0.0078125
3 102 0.0625
452 501 0.07142857142857142
452 700 0.037037037037037035
106 142 0.010101010101010102
452 213 0.027777777777777776
859 4 0.013513513513513514
397 52 0.05555555555555555
316 121 0.006369426751592357
128 557 0.06666666666666667
52 397 0.029411764705882353
613 619 0.16666666666666666
102 3 0.016129032258064516
250 393 0.015151515151515152
304 252 0.012195121951219513
690 86 0.006493506493506494
526 82 0.008264462809917356
643 49 0.07692307692307693
176 656 0.09090909090909091
49 643 0.07692307692307693
424 83 0.011627906976744186
178 656 0.09090909090909091
339 25 0.03125
339 26 0.03333333333333333
339 29 0.020833333333333332
339 33 0.041666666666666664
177 656 0.09090909090909091
269 155 0.018867924528301886
121 316 0.02631578947368421
155 173 0.015873015873015872
572 129 0.007194244604316547
812 448 0.030303030303030304
161 661 0.02564102564102564
661 823 0.05
206 214 0.02
320 179 0.02040816326530612
179 320 0.025
367 115 0.009900990099009901
640 97 0.047619047619047616
448 812 0.022727272727272728
525 86 0.006493506493506494
859 815 0.07142857142857142
129 367 0.014084507042253521
296 395 0.027777777777777776
300 896 0.047619047619047616
647 93 0.0196078431372549
93 647 0.09090909090909091
166 221 0.018518518518518517
166 223 0.024390243902439025
685 845 0.038461538461538464
138 54 0.023809523809523808
713 509 0.02127659574468085
391 321 0.02702702702702703
381 321 0.02702702702702703
321 381 0.037037037037037035
263 116 0.014705882352941176
845 685 0.02702702702702703
249 132 0.019230769230769232
240 242 0.03571428571428571
174 15 0.022222222222222223
240 424 0.011111111111111112
540 189 0.01639344262295082
20 215 0.013333333333333334
413 458 0.024390243902439025
892 44 0.010869565217391304
892 28 0.010416666666666666
892 128 0.007575757575757576
892 114 0.009174311926605505
892 314 0.03125
892 340 0.010869565217391304
892 226 0.021739130434782608
896 892 0.07142857142857142
896 300 0.025
896 405 0.012048192771084338
56 194 0.023809523809523808
433 186 0.05
150 191 0.02127659574468085
340 867 0.25
490 607 0.038461538461538464
121 324 0.07142857142857142
166 351 0.023255813953488372
610 459 0.015384615384615385
87 215 0.013333333333333334
809 809 0.022727272727272728
215 87 0.009174311926605505
37 590 0.03571428571428571
226 892 0.07142857142857142
295 179 0.02040816326530612
44 424 0.011111111111111112
518 86 0.006493506493506494
129 576 0.05263157894736842
129 203 0.02564102564102564
7 537 0.05555555555555555
269 424 0.011111111111111112
537 7 0.02040816326530612
444 301 0.008620689655172414
4 533 0.011764705882352941
194 56 0.02564102564102564
263 897 1.0
60 321 0.02702702702702703
129 64 0.007352941176470588
86 525 0.029411764705882353
405 290 0.014925373134328358
587 587 0.07142857142857142
126 138 0.034482758620689655
536 214 0.02
214 536 0.09090909090909091
86 426 0.021739130434782608
295 471 0.125
638 896 0.047619047619047616
221 14 0.01818181818181818
892 173 0.015873015873015872
367 892 0.07142857142857142
367 531 0.021739130434782608
367 405 0.012048192771084338
442 333 0.010638297872340425
273 812 0.022727272727272728
166 184 0.013888888888888888
408 571 0.05
851 352 0.047619047619047616
162 195 0.034482758620689655
379 191 0.02127659574468085
459 717 0.1
238 601 0.02702702702702703
55 412 0.016666666666666666
546 340 0.010869565217391304
424 151 0.023809523809523808
498 64 0.007352941176470588
86 708 0.058823529411764705
86 687 0.14285714285714285
86 100 0.027777777777777776
38 38 0.034482758620689655
508 299 0.047619047619047616
195 162 0.0196078431372549
5 57 0.018518518518518517
318 86 0.006493506493506494
87 325 0.038461538461538464
164 170 0.011494252873563218
147 145 0.02127659574468085
337 165 0.010869565217391304
428 579 0.0625
719 296 0.014285714285714285
333 486 0.022727272727272728
301 268 0.034482758620689655
69 13 0.01639344262295082
145 147 0.02702702702702703
13 342 0.022727272727272728
268 301 0.008620689655172414
13 69 0.024390243902439025
321 60 0.02564102564102564
611 129 0.007194244604316547
166 163 0.02702702702702703
166 404 0.01639344262295082
486 333 0.010638297872340425
685 55 0.02857142857142857
685 738 0.03125
685 481 0.02564102564102564
149 6 0.010752688172043012
641 301 0.008620689655172414
409 171 0.02564102564102564
301 641 0.08333333333333333
412 55 0.02857142857142857
166 19 0.016129032258064516
166 28 0.010416666666666666
573 19 0.016129032258064516
507 513 0.024390243902439025
272 183 0.006993006993006993
397 546 0.0136986301369863
230 898 0.5
898 230 0.058823529411764705
655 438 0.013157894736842105
6 149 0.041666666666666664
438 655 0.038461538461538464
63 379 0.029411764705882353
63 854 0.14285714285714285
412 587 0.07142857142857142
63 278 0.025
63 28 0.010416666666666666
426 86 0.006493506493506494
9 823 0.05
186 62 0.00558659217877095
28 63 0.009615384615384616
28 278 0.025
28 303 0.012048192771084338
708 62 0.00558659217877095
489 106 0.0078125
169 89 0.017543859649122806
93 86 0.006493506493506494
719 376 0.027777777777777776
513 655 0.038461538461538464
486 303 0.012048192771084338
486 81 0.010869565217391304
89 169 0.010416666666666666
486 44 0.010869565217391304
486 28 0.010416666666666666
486 128 0.007575757575757576
486 280 0.009615384615384616
486 165 0.010869565217391304
486 169 0.010416666666666666
486 367 0.014084507042253521
486 362 0.016129032258064516
458 291 0.045454545454545456
183 285 0.014705882352941176
183 367 0.014084507042253521
291 458 0.024390243902439025
892 891 0.5
486 356 0.02127659574468085
486 285 0.014705882352941176
486 329 0.011764705882352941
486 430 0.024390243902439025
486 353 0.034482758620689655
486 21 0.009009009009009009
486 188 0.038461538461538464
486 286 0.024390243902439025
486 36 0.023255813953488372
486 410 0.1111111111111111
486 63 0.009615384615384616
486 106 0.0078125
486 184 0.013888888888888888
486 357 0.023809523809523808
486 478 0.037037037037037035
486 365 0.011111111111111112
381 393 0.015151515151515152
409 417 0.018867924528301886
151 494 0.0125
242 121 0.006369426751592357
231 178 0.034482758620689655
107 730 0.1111111111111111
173 896 0.047619047619047616
166 376 0.027777777777777776
166 133 0.0136986301369863
417 409 0.03333333333333333
896 173 0.015873015873015872
738 131 0.021739130434782608
6 169 0.010416666666666666
166 426 0.021739130434782608
730 301 0.008620689655172414
281 252 0.012195121951219513
290 79 0.02857142857142857
157 734 0.07692307692307693
35 486 0.022727272727272728
242 240 0.05
201 103 0.023255813953488372
6 128 0.007575757575757576
34 434 0.006622516556291391
494 160 0.0047169811320754715
494 222 0.017857142857142856
115 30 0.01818181818181818
19 573 0.058823529411764705
113 62 0.00558659217877095
121 288 0.03571428571428571
179 397 0.029411764705882353
166 786 0.2
166 380 0.030303030303030304
166 818 0.1
166 799 0.2
397 179 0.02040816326530612
818 259 0.04
107 410 0.1111111111111111
470 367 0.014084507042253521
116 460 0.022727272727272728
3 208 0.019230769230769232
92 68 0.02564102564102564
259 818 0.1
421 213 0.027777777777777776
249 642 0.05
249 163 0.02702702702702703
249 18 0.021739130434782608
249 253 0.043478260869565216
64 329 0.011764705882352941
457 65 0.025
252 281 0.022222222222222223
266 500 0.05555555555555555
180 107 0.005917159763313609
486 115 0.009900990099009901
166 405 0.012048192771084338
166 300 0.025
252 183 0.006993006993006993
107 252 0.012195121951219513
252 107 0.005917159763313609
411 55 0.02857142857142857
411 57 0.018518518518518517
411 209 0.016666666666666666
411 88 0.03333333333333333
411 174 0.015384615384615385
411 281 0.022222222222222223
411 126 0.03571428571428571
103 394 0.03333333333333333
160 533 0.011764705882352941
183 252 0.012195121951219513
183 215 0.013333333333333334
290 165 0.010869565217391304
56 126 0.03571428571428571
126 56 0.02564102564102564
550 107 0.005917159763313609
256 280 0.009615384615384616
256 128 0.007575757575757576
326 107 0.005917159763313609
372 115 0.009900990099009901
573 44 0.010869565217391304
75 494 0.0125
473 69 0.024390243902439025
282 249 0.008928571428571428
493 107 0.005917159763313609
348 191 0.02127659574468085
546 209 0.016666666666666666
110 110 0.1111111111111111
506 765 0.05555555555555555
339 113 0.013513513513513514
209 546 0.0136986301369863
612 832 0.045454545454545456
20 326 0.02702702702702703
280 256 0.00847457627118644
20 424 0.011111111111111112
209 637 0.25
209 639 0.16666666666666666
209 587 0.07142857142857142
137 252 0.012195121951219513
252 137 0.012987012987012988
107 127 0.0625
400 11 0.016129032258064516
218 166 0.007874015748031496
165 183 0.006993006993006993
127 107 0.005917159763313609
11 400 0.034482758620689655
494 75 0.07142857142857142
250 321 0.02702702702702703
81 486 0.022727272727272728
166 303 0.012048192771084338
859 166 0.007874015748031496
88 809 0.022727272727272728
347 180 0.014705882352941176
170 164 0.02564102564102564
166 218 0.023255813953488372
166 641 0.08333333333333333
641 166 0.007874015748031496
166 69 0.024390243902439025
86 586 0.04
58 86 0.006493506493506494
86 38 0.034482758620689655
215 183 0.006993006993006993
168 764 0.1111111111111111
86 58 0.009708737864077669
103 215 0.013333333333333334
115 486 0.022727272727272728
285 166 0.007874015748031496
285 107 0.005917159763313609
282 107 0.005917159763313609
184 486 0.022727272727272728
443 116 0.014705882352941176
494 168 0.015873015873015872
82 215 0.013333333333333334
357 184 0.013888888888888888
91 66 0.05
128 6 0.010752688172043012
765 506 0.0196078431372549
142 142 0.010101010101010102
506 661 0.02564102564102564
215 82 0.008264462809917356
486 51 0.016129032258064516
168 494 0.0125
91 110 0.1111111111111111
455 330 0.1111111111111111
89 76 0.045454545454545456
377 130 0.027777777777777776
295 82 0.008264462809917356
347 681 0.05
708 107 0.005917159763313609
107 708 0.058823529411764705
63 718 0.16666666666666666
54 166 0.007874015748031496
62 811 0.2
161 555 0.06666666666666667
161 754 0.045454545454545456
21 424 0.011111111111111112
719 157 0.018518518518518517
206 307 0.08333333333333333
166 127 0.0625
271 209 0.016666666666666666
147 142 0.010101010101010102
452 487 0.08333333333333333
252 211 0.00847457627118644
209 271 0.017241379310344827
256 62 0.00558659217877095
191 857 0.25
2 899 1.0
297 74 0.013157894736842105
338 48 0.021739130434782608
303 252 0.012195121951219513
86 215 0.013333333333333334
820 343 0.05
204 200 0.029411764705882353
768 404 0.01639344262295082
74 62 0.00558659217877095
486 261 0.023255813953488372
486 35 0.018867924528301886
486 14 0.01818181818181818
21 287 0.058823529411764705
74 87 0.009174311926605505
546 210 0.012987012987012988
343 128 0.007575757575757576
343 820 0.010416666666666666
738 63 0.009615384615384616
244 252 0.012195121951219513
601 160 0.0047169811320754715
166 296 0.014285714285714285
166 61 0.01818181818181818
353 249 0.008928571428571428
124 166 0.007874015748031496
362 430 0.024390243902439025
166 54 0.023809523809523808
340 654 0.02702702702702703
357 486 0.022727272727272728
223 228 0.045454545454545456
107 279 0.1111111111111111
63 738 0.03125
128 210 0.012987012987012988
65 231 0.02040816326530612
756 225 0.04
612 71 0.06666666666666667
886 859 0.017241379310344827
30 26 0.03333333333333333
30 590 0.03571428571428571
30 38 0.034482758620689655
30 40 0.020833333333333332
30 588 0.045454545454545456
30 545 0.05263157894736842
474 546 0.0136986301369863
107 209 0.016666666666666666
30 33 0.041666666666666664
30 34 0.043478260869565216
30 37 0.045454545454545456
886 217 0.06666666666666667
886 366 0.011627906976744186
2 86 0.006493506493506494
110 121 0.006369426751592357
107 79 0.02857142857142857
100 687 0.14285714285714285
310 366 0.011627906976744186
107 434 0.006622516556291391
28 28 0.010416666666666666
420 282 0.009433962264150943
249 137 0.012987012987012988
299 6 0.010752688172043012
287 21 0.009009009009009009
546 77 0.05555555555555555
526 93 0.0196078431372549
58 129 0.007194244604316547
6 299 0.047619047619047616
812 107 0.005917159763313609
231 65 0.025
244 420 0.009174311926605505
243 159 0.029411764705882353
243 237 0.043478260869565216
243 238 0.027777777777777776
243 239 0.09090909090909091
243 240 0.05
243 241 0.05
344 156 0.05
846 846 1.0
137 155 0.018867924528301886
64 115 0.009900990099009901
138 809 0.022727272727272728
342 284 0.02857142857142857
409 785 0.25
409 69 0.024390243902439025
409 169 0.010416666666666666
135 339 0.025
265 707 0.029411764705882353
178 191 0.02127659574468085
69 409 0.03333333333333333
427 160 0.0047169811320754715
880 57 0.018518518518518517
45 424 0.011111111111111112
129 460 0.022727272727272728
295 486 0.022727272727272728
460 129 0.007194244604316547
269 64 0.007352941176470588
45 124 0.030303030303030304
306 215 0.013333333333333334
306 434 0.006622516556291391
420 244 0.037037037037037035
210 128 0.007575757575757576
446 447 0.03571428571428571
165 64 0.007352941176470588
165 89 0.017543859649122806
394 53 0.037037037037037035
446 579 0.0625
452 11 0.016129032258064516
184 256 0.00847457627118644
11 452 0.034482758620689655
160 589 0.0625
589 160 0.0047169811320754715
306 325 0.038461538461538464
306 10 0.024390243902439025
306 400 0.034482758620689655
306 327 0.034482758620689655
551 663 0.05263157894736842
306 113 0.013513513513513514
306 329 0.011764705882352941
306 28 0.010416666666666666
306 128 0.007575757575757576
306 81 0.010869565217391304
306 169 0.010416666666666666
353 121 0.006369426751592357
663 551 0.08333333333333333
232 525 0.029411764705882353
10 306 0.03125
145 832 0.045454545454545456
483 352 0.047619047619047616
482 289 0.125
160 347 0.041666666666666664
215 306 0.03125
160 218 0.023255813953488372
299 418 0.034482758620689655
145 187 0.02564102564102564
57 281 0.022222222222222223
352 483 0.027777777777777776
832 145 0.02127659574468085
80 256 0.00847457627118644
366 310 0.041666666666666664
422 7 0.02040816326530612
346 351 0.023255813953488372
896 356 0.02127659574468085
347 160 0.0047169811320754715
167 257 0.0625
83 355 0.024390243902439025
373 239 0.09090909090909091
425 4 0.013513513513513514
83 153 0.043478260869565216
83 211 0.00847457627118644
83 203 0.02564102564102564
83 856 0.018867924528301886
188 74 0.013157894736842105
188 215 0.013333333333333334
83 278 0.025
83 221 0.018518518518518517
83 140 0.030303030303030304
83 46 0.014705882352941176
83 395 0.027777777777777776
83 478 0.037037037037037035
83 236 0.020833333333333332
83 243 0.021739130434782608
417 5 0.008064516129032258
83 586 0.04
83 63 0.009615384615384616
306 51 0.016129032258064516
306 550 0.04
306 549 0.023809523809523808
306 93 0.0196078431372549
651 434 0.006622516556291391
83 180 0.014705882352941176
83 191 0.02127659574468085
181 347 0.041666666666666664
347 181 0.022222222222222223
552 126 0.03571428571428571
31 143 0.022222222222222223
204 283 0.008333333333333333
31 123 0.03333333333333333
31 27 0.0196078431372549
377 133 0.0136986301369863
481 552 0.027777777777777776
347 191 0.02127659574468085
376 182 0.03571428571428571
133 377 0.011363636363636364
446 139 0.027777777777777776
142 593 0.02564102564102564
107 68 0.02564102564102564
30 172 0.014285714285714285
114 83 0.011627906976744186
5 96 0.010309278350515464
444 527 0.06666666666666667
444 361 0.02127659574468085
444 113 0.013513513513513514
444 443 0.023809523809523808
444 847 0.03571428571428571
444 442 0.045454545454545456
444 547 0.034482758620689655
444 171 0.02564102564102564
61 160 0.0047169811320754715
527 444 0.04
105 58 0.009708737864077669
54 812 0.022727272727272728
417 417 0.018867924528301886
90 107 0.005917159763313609
812 54 0.023809523809523808
405 83 0.011627906976744186
9 720 0.0625
9 707 0.029411764705882353
720 9 0.037037037037037035
747 667 0.03571428571428571
747 473 0.013333333333333334
747 550 0.04
747 80 0.01639344262295082
747 663 0.05263157894736842
747 549 0.023809523809523808
747 106 0.0078125
747 671 0.04
747 710 0.05263157894736842
191 83 0.011627906976744186
129 123 0.03333333333333333
115 900 0.041666666666666664
291 420 0.009174311926605505
546 427 0.02127659574468085
859 880 0.037037037037037035
263 686 0.125
263 531 0.021739130434782608
4 102 0.0625
211 754 0.045454545454545456
211 654 0.02702702702702703
301 327 0.034482758620689655
290 210 0.012987012987012988
494 191 0.02127659574468085
295 311 0.03225806451612903
83 133 0.0136986301369863
48 39 0.030303030303030304
327 301 0.008620689655172414
31 361 0.02127659574468085
355 420 0.009174311926605505
88 252 0.012195121951219513
31 135 0.02857142857142857
327 328 0.0625
4 162 0.0196078431372549
123 450 0.018867924528301886
457 457 0.04
187 546 0.0136986301369863
5 417 0.018867924528301886
86 373 0.043478260869565216
292 292 0.029411764705882353
412 243 0.021739130434782608
19 249 0.008928571428571428
210 290 0.014925373134328358
143 18 0.021739130434782608
303 301 0.008620689655172414
459 222 0.017857142857142856
160 892 0.07142857142857142
160 896 0.047619047619047616
204 172 0.014285714285714285
142 357 0.023809523809523808
450 123 0.03333333333333333
820 107 0.005917159763313609
151 121 0.006369426751592357
246 856 0.018867924528301886
6 3 0.016129032258064516
430 411 0.013513513513513514
896 160 0.0047169811320754715
60 177 0.024390243902439025
146 368 0.022222222222222223
243 305 0.019230769230769232
243 412 0.016666666666666666
84 77 0.05555555555555555
252 84 0.020833333333333332
405 304 0.03571428571428571
394 179 0.02040816326530612
587 58 0.009708737864077669
179 394 0.03333333333333333
840 457 0.04
351 420 0.009174311926605505
446 45 0.02631578947368421
450 399 0.05555555555555555
642 106 0.0078125
18 166 0.007874015748031496
901 137 0.012987012987012988
58 587 0.07142857142857142
129 231 0.02040816326530612
5 346 0.041666666666666664
231 129 0.007194244604316547
355 356 0.02127659574468085
263 301 0.008620689655172414
453 142 0.010101010101010102
892 896 0.047619047619047616
5 272 0.024390243902439025
346 5 0.008064516129032258
405 89 0.017543859649122806
2 886 0.5
184 13 0.01639344262295082
641 541 0.07142857142857142
235 159 0.029411764705882353
235 210 0.012987012987012988
235 158 0.023255813953488372
235 240 0.05
235 242 0.03571428571428571
169 494 0.0125
462 211 0.00847457627118644
450 14 0.01818181818181818
654 789 0.1
420 624 0.09090909090909091
14 450 0.018867924528301886
19 569 0.034482758620689655
376 378 0.041666666666666664
376 308 0.02857142857142857
376 387 0.043478260869565216
376 388 0.043478260869565216
376 390 0.034482758620689655
376 61 0.01818181818181818
376 391 0.05263157894736842
376 392 0.05263157894736842
376 250 0.03333333333333333
376 368 0.022222222222222223
376 104 0.03125
376 150 0.03125
16 209 0.016666666666666666
869 376 0.027777777777777776
812 137 0.012987012987012988
19 83 0.011627906976744186
324 466 0.027777777777777776
141 602 0.05
569 504 0.027777777777777776
408 462 0.04
63 366 0.011627906976744186
504 569 0.034482758620689655
892 290 0.014925373134328358
86 457 0.04
726 17 0.01639344262295082
457 86 0.006493506493506494
366 63 0.009615384615384616
366 174 0.015384615384615385
172 169 0.010416666666666666
10 256 0.00847457627118644
106 226 0.021739130434782608
546 255 0.022222222222222223
720 466 0.027777777777777776
720 804 0.08333333333333333
169 172 0.014285714285714285
86 445 0.041666666666666664
195 59 0.021739130434782608
128 734 0.07692307692307693
59 195 0.034482758620689655
826 59 0.021739130434782608
129 820 0.010416666666666666
263 847 0.03571428571428571
2 162 0.0196078431372549
193 59 0.021739130434782608
802 802 1.0
802 258 0.03125
6 346 0.041666666666666664
249 249 0.008928571428571428
832 59 0.021739130434782608
6 204 0.03571428571428571
93 306 0.03125
601 283 0.008333333333333333
286 481 0.02564102564102564
447 322 0.05
152 431 0.043478260869565216
466 499 0.02564102564102564
466 407 0.045454545454545456
466 804 0.08333333333333333
466 525 0.029411764705882353
207 5 0.008064516129032258
209 411 0.013513513513513514
62 285 0.014705882352941176
13 146 0.07142857142857142
18 533 0.011764705882352941
147 13 0.01639344262295082
529 602 0.05
285 62 0.00558659217877095
356 896 0.047619047619047616
123 31 0.02564102564102564
529 488 0.14285714285714285
13 147 0.02702702702702703
47 76 0.045454545454545456
14 86 0.006493506493506494
100 86 0.006493506493506494
171 301 0.008620689655172414
138 59 0.021739130434782608
347 122 0.047619047619047616
685 208 0.019230769230769232
174 809 0.022727272727272728
191 601 0.02702702702702703
81 142 0.010101010101010102
856 107 0.005917159763313609
298 42 0.02
38 28 0.010416666666666666
26 438 0.013157894736842105
856 661 0.02564102564102564
450 228 0.045454545454545456
450 1 0.0196078431372549
303 300 0.025
86 14 0.01818181818181818
286 738 0.03125
661 420 0.009174311926605505
257 167 0.02040816326530612
200 200 0.029411764705882353
426 121 0.006369426751592357
51 409 0.03333333333333333
286 411 0.013513513513513514
462 586 0.04
5 207 0.034482758620689655
76 47 0.02127659574468085
810 301 0.008620689655172414
420 661 0.02564102564102564
674 565 0.125
845 59 0.021739130434782608
434 495 0.02040816326530612
438 26 0.03333333333333333
533 18 0.021739130434782608
408 252 0.012195121951219513
494 714 0.043478260869565216
82 458 0.024390243902439025
612 791 0.2
612 306 0.03125
531 497 0.0625
261 171 0.02564102564102564
160 108 0.02702702702702703
464 611 0.04
82 30 0.01818181818181818
82 338 0.019230769230769232
82 318 0.02
280 82 0.008264462809917356
30 82 0.008264462809917356
249 505 0.07692307692307693
269 16 0.014705882352941176
142 418 0.034482758620689655
142 100 0.027777777777777776
154 393 0.015151515151515152
418 142 0.010101010101010102
223 160 0.0047169811320754715
107 129 0.007194244604316547
16 269 0.014492753623188406
107 401 0.03125
258 256 0.00847457627118644
6 571 0.05
126 411 0.013513513513513514
126 174 0.015384615384615385
859 160 0.0047169811320754715
896 124 0.030303030303030304
494 225 0.04
409 21 0.009009009009009009
417 847 0.03571428571428571
172 14 0.01818181818181818
812 685 0.02702702702702703
172 734 0.07692307692307693
172 346 0.041666666666666664
346 172 0.014285714285714285
57 683 0.1111111111111111
756 106 0.0078125
106 756 0.058823529411764705
206 751 0.2
19 160 0.0047169811320754715
366 285 0.014705882352941176
433 144 0.09090909090909091
251 172 0.014285714285714285
546 121 0.006369426751592357
160 223 0.024390243902439025
184 678 0.1111111111111111
172 251 0.03225806451612903
100 142 0.010101010101010102
179 128 0.007575757575757576
13 785 0.25
902 5 0.008064516129032258
84 73 0.04
84 253 0.043478260869565216
84 13 0.01639344262295082
84 338 0.019230769230769232
84 326 0.02702702702702703
84 478 0.037037037037037035
84 467 0.05
84 399 0.05555555555555555
84 598 0.125
84 30 0.01818181818181818
84 209 0.016666666666666666
84 134 0.047619047619047616
84 211 0.00847457627118644
84 268 0.034482758620689655
84 18 0.021739130434782608
84 411 0.013513513513513514
84 243 0.021739130434782608
84 244 0.037037037037037035
84 317 0.05263157894736842
84 553 0.125
84 727 0.3333333333333333
84 594 0.16666666666666666
84 295 0.01818181818181818
211 84 0.020833333333333332
84 649 0.1111111111111111
84 425 0.058823529411764705
236 158 0.023255813953488372
84 454 0.14285714285714285
84 471 0.125
84 39 0.030303030303030304
84 235 0.05555555555555555
171 261 0.023255813953488372
171 470 0.047619047619047616
73 84 0.020833333333333332
450 214 0.02
52 221 0.018518518518518517
121 424 0.011111111111111112
142 125 0.05
113 84 0.020833333333333332
142 356 0.02127659574468085
425 86 0.006493506493506494
221 52 0.05555555555555555
546 533 0.011764705882352941
546 422 0.03225806451612903
356 142 0.010101010101010102
754 62 0.00558659217877095
340 546 0.0136986301369863
62 201 0.023255813953488372
142 747 0.045454545454545456
288 199 0.02631578947368421
533 401 0.03125
197 172 0.014285714285714285
150 301 0.008620689655172414
199 288 0.03571428571428571
251 361 0.02127659574468085
462 411 0.013513513513513514
409 515 0.02564102564102564
353 129 0.007194244604316547
353 365 0.011111111111111112
30 115 0.009900990099009901
387 390 0.034482758620689655
387 394 0.03333333333333333
387 379 0.029411764705882353
387 250 0.03333333333333333
387 395 0.027777777777777776
387 104 0.03125
546 184 0.013888888888888888
856 62 0.00558659217877095
14 205 0.037037037037037035
306 256 0.00847457627118644
269 446 0.045454545454545456
859 252 0.012195121951219513
859 612 0.02127659574468085
252 4 0.013513513513513514
168 160 0.0047169811320754715
754 293 0.0625
293 360 0.03571428571428571
748 460 0.022727272727272728
360 293 0.0625
366 30 0.01818181818181818
422 269 0.014492753623188406
434 405 0.012048192771084338
30 366 0.011627906976744186
411 430 0.024390243902439025
719 182 0.03571428571428571
498 804 0.08333333333333333
125 142 0.010101010101010102
494 39 0.030303030303030304
82 27 0.0196078431372549
394 182 0.03571428571428571
51 82 0.008264462809917356
166 83 0.011627906976744186
860 860 0.0625
61 60 0.02564102564102564
191 903 0.3333333333333333
31 612 0.02127659574468085
272 617 0.16666666666666666
160 431 0.043478260869565216
5 902 1.0
14 172 0.014285714285714285
891 892 0.07142857142857142
411 308 0.02857142857142857
411 462 0.04
6 563 0.08333333333333333
113 434 0.006622516556291391
305 252 0.012195121951219513
498 500 0.05555555555555555
409 318 0.02
154 422 0.03225806451612903
146 177 0.024390243902439025
39 494 0.0125
426 62 0.00558659217877095
62 754 0.045454545454545456
290 405 0.012048192771084338
318 409 0.03333333333333333
371 405 0.012048192771084338
145 17 0.01639344262295082
83 141 0.014705882352941176
355 83 0.011627906976744186
48 482 0.02857142857142857
62 426 0.021739130434782608
62 856 0.018867924528301886
160 418 0.034482758620689655
51 362 0.016129032258064516
107 896 0.047619047619047616
373 92 0.02631578947368421
174 411 0.013513513513513514
308 411 0.013513513513513514
82 494 0.0125
209 424 0.011111111111111112
424 209 0.016666666666666666
426 82 0.008264462809917356
434 290 0.014925373134328358
434 245 0.02127659574468085
92 373 0.043478260869565216
405 116 0.014705882352941176
405 19 0.016129032258064516
405 856 0.018867924528301886
405 493 0.0136986301369863
405 245 0.02127659574468085
405 115 0.009900990099009901
405 333 0.010638297872340425
4 859 0.017241379310344827
87 83 0.011627906976744186
184 166 0.007874015748031496
708 100 0.027777777777777776
310 160 0.0047169811320754715
193 411 0.013513513513513514
411 193 0.04
847 172 0.014285714285714285
409 464 0.023255813953488372
64 133 0.0136986301369863
661 12 0.021739130434782608
12 661 0.02564102564102564
12 700 0.037037037037037035
464 409 0.03333333333333333
167 450 0.018867924528301886
518 546 0.0136986301369863
148 280 0.009615384615384616
184 546 0.0136986301369863
143 82 0.008264462809917356
93 197 0.030303030303030304
152 355 0.024390243902439025
249 296 0.014285714285714285
460 183 0.006993006993006993
480 86 0.006493506493506494
213 533 0.011764705882352941
61 378 0.041666666666666664
61 376 0.027777777777777776
61 387 0.043478260869565216
61 388 0.043478260869565216
61 390 0.034482758620689655
61 250 0.03333333333333333
61 395 0.027777777777777776
61 150 0.03125
59 698 0.041666666666666664
563 584 0.25
431 160 0.0047169811320754715
537 411 0.013513513513513514
883 116 0.014705882352941176
245 365 0.011111111111111112
434 221 0.018518518518518517
812 217 0.06666666666666667
424 405 0.012048192771084338
146 120 0.07142857142857142
347 349 0.05555555555555555
160 582 0.07692307692307693
300 100 0.027777777777777776
271 210 0.012987012987012988
411 597 0.07142857142857142
411 537 0.05555555555555555
210 271 0.017241379310344827
791 612 0.02127659574468085
533 518 0.015151515151515152
177 146 0.07142857142857142
556 556 0.14285714285714285
308 532 0.05
321 904 1.0
69 710 0.05263157894736842
710 299 0.047619047619047616
129 162 0.0196078431372549
461 322 0.05
506 160 0.0047169811320754715
552 121 0.006369426751592357
280 249 0.008928571428571428
14 593 0.02564102564102564
14 776 0.04
14 65 0.025
295 172 0.014285714285714285
18 121 0.006369426751592357
172 295 0.01818181818181818
883 165 0.010869565217391304
478 282 0.009433962264150943
13 655 0.038461538461538464
160 506 0.0196078431372549
271 183 0.006993006993006993
86 611 0.04
86 395 0.027777777777777776
623 86 0.006493506493506494
700 359 0.05
856 82 0.008264462809917356
400 327 0.034482758620689655
86 425 0.058823529411764705
160 264 0.037037037037037035
264 160 0.0047169811320754715
405 543 0.030303030303030304
405 280 0.009615384615384616
405 274 0.043478260869565216
852 852 0.2
115 208 0.019230769230769232
611 419 0.013888888888888888
852 415 0.3333333333333333
381 149 0.041666666666666664
457 493 0.0136986301369863
719 121 0.006369426751592357
719 393 0.015151515151515152
80 112 0.058823529411764705
424 249 0.008928571428571428
121 719 0.08333333333333333
424 58 0.009708737864077669
249 393 0.015151515151515152
415 852 0.2
149 381 0.037037037037037035
568 562 0.038461538461538464
199 82 0.008264462809917356
82 199 0.02631578947368421
187 121 0.006369426751592357
562 568 0.043478260869565216
662 323 0.03225806451612903
145 290 0.014925373134328358
69 173 0.015873015873015872
285 812 0.022727272727272728
812 285 0.014705882352941176
494 450 0.018867924528301886
155 739 0.16666666666666666
895 417 0.018867924528301886
895 333 0.010638297872340425
422 163 0.02702702702702703
205 172 0.014285714285714285
738 4 0.013513513513513514
551 189 0.01639344262295082
513 210 0.012987012987012988
86 736 0.16666666666666666
437 437 0.038461538461538464
513 116 0.014705882352941176
332 359 0.05
210 513 0.024390243902439025
342 172 0.014285714285714285
252 54 0.023809523809523808
35 121 0.006369426751592357
133 162 0.0196078431372549
515 172 0.014285714285714285
359 332 0.05555555555555555
359 700 0.037037037037037035
508 663 0.05263157894736842
290 145 0.02127659574468085
390 379 0.029411764705882353
856 856 0.018867924528301886
719 841 0.14285714285714285
582 160 0.0047169811320754715
147 83 0.011627906976744186
173 69 0.024390243902439025
54 252 0.012195121951219513
393 182 0.03571428571428571
172 107 0.005917159763313609
129 563 0.08333333333333333
121 520 0.020833333333333332
121 74 0.013157894736842105
121 395 0.027777777777777776
563 129 0.007194244604316547
172 847 0.03571428571428571
89 333 0.010638297872340425
64 309 0.034482758620689655
856 12 0.021739130434782608
169 900 0.041666666666666664
388 387 0.043478260869565216
4 89 0.017543859649122806
0 368 0.022222222222222223
171 172 0.014285714285714285
309 511 0.047619047619047616
278 106 0.0078125
262 376 0.027777777777777776
905 905 0.5
905 297 0.05263157894736842
812 298 0.1111111111111111
812 877 0.125
36 121 0.006369426751592357
89 4 0.013513513513513514
424 100 0.027777777777777776
494 290 0.014925373134328358
478 121 0.006369426751592357
235 420 0.009174311926605505
107 172 0.014285714285714285
841 719 0.08333333333333333
252 546 0.0136986301369863
150 149 0.041666666666666664
29 301 0.008620689655172414
105 654 0.02702702702702703
82 50 0.06666666666666667
82 252 0.012195121951219513
2 546 0.0136986301369863
526 407 0.045454545454545456
812 208 0.019230769230769232
149 150 0.03125
252 82 0.008264462809917356
661 666 0.0625
860 900 0.041666666666666664
434 353 0.034482758620689655
372 283 0.008333333333333333
387 388 0.043478260869565216
160 252 0.012195121951219513
145 166 0.007874015748031496
353 434 0.006622516556291391
124 405 0.012048192771084338
900 169 0.010416666666666666
568 276 0.1111111111111111
301 29 0.020833333333333332
2 812 0.022727272727272728
90 478 0.037037037037037035
108 476 0.14285714285714285
420 235 0.05555555555555555
232 263 0.02127659574468085
434 92 0.02631578947368421
434 427 0.02127659574468085
860 437 0.038461538461538464
45 282 0.009433962264150943
282 45 0.02631578947368421
232 820 0.010416666666666666
204 776 0.04
409 30 0.01818181818181818
905 74 0.013157894736842105
905 309 0.034482758620689655
905 215 0.013333333333333334
905 311 0.03225806451612903
905 222 0.017857142857142856
905 316 0.02631578947368421
380 283 0.008333333333333333
405 419 0.013888888888888888
493 457 0.04
132 405 0.012048192771084338
98 353 0.034482758620689655
4 170 0.011494252873563218
4 169 0.010416666666666666
27 301 0.008620689655172414
45 892 0.07142857142857142
59 252 0.012195121951219513
431 152 0.016666666666666666
60 133 0.0136986301369863
60 380 0.030303030303030304
60 157 0.018518518518518517
60 392 0.05263157894736842
60 393 0.015151515151515152
60 182 0.03571428571428571
60 397 0.029411764705882353
60 379 0.029411764705882353
60 384 0.0625
60 385 0.047619047619047616
60 387 0.043478260869565216
60 391 0.05263157894736842
60 250 0.03333333333333333
60 395 0.027777777777777776
60 396 0.07142857142857142
60 368 0.022222222222222223
609 30 0.01818181818181818
896 329 0.011764705882352941
896 28 0.010416666666666666
896 21 0.009009009009009009
896 169 0.010416666666666666
896 896 0.047619047619047616
845 408 0.02631578947368421
344 656 0.09090909090909091
437 860 0.0625
236 121 0.006369426751592357
405 132 0.019230769230769232
129 285 0.014705882352941176
129 286 0.024390243902439025
204 218 0.023255813953488372
3 832 0.045454545454545456
411 506 0.0196078431372549
832 3 0.016129032258064516
10 82 0.008264462809917356
550 473 0.013333333333333334
859 3 0.016129032258064516
83 495 0.02040816326530612
536 189 0.01639344262295082
169 427 0.02127659574468085
419 611 0.04
89 114 0.009174311926605505
286 129 0.007194244604316547
86 666 0.0625
485 48 0.021739130434782608
666 86 0.006493506493506494
83 147 0.02702702702702703
114 89 0.017543859649122806
647 256 0.00847457627118644
116 513 0.024390243902439025
427 169 0.010416666666666666
513 154 0.02631578947368421
301 199 0.02631578947368421
666 666 0.0625
301 314 0.03125
446 592 0.034482758620689655
446 461 0.0625
446 335 0.043478260869565216
446 428 0.043478260869565216
446 334 0.05555555555555555
597 411 0.013513513513513514
779 820 0.010416666666666666
160 458 0.024390243902439025
160 27 0.0196078431372549
655 114 0.009174311926605505
308 121 0.006369426751592357
340 494 0.0125
19 823 0.05
114 655 0.038461538461538464
160 279 0.1111111111111111
581 77 0.05555555555555555
205 14 0.01818181818181818
171 655 0.038461538461538464
171 165 0.010869565217391304
655 171 0.02564102564102564
4 425 0.058823529411764705
387 523 0.0625
387 392 0.05263157894736842
387 60 0.02564102564102564
553 598 0.125
154 513 0.024390243902439025
906 546 0.0136986301369863
906 533 0.011764705882352941
321 379 0.029411764705882353
366 20 0.015625
814 58 0.009708737864077669
366 218 0.023255813953488372
420 458 0.024390243902439025
855 473 0.013333333333333334
107 395 0.027777777777777776
859 434 0.006622516556291391
281 131 0.021739130434782608
240 241 0.05
494 438 0.013157894736842105
666 661 0.02564102564102564
31 337 0.02702702702702703
458 420 0.009174311926605505
419 462 0.04
473 32 0.03125
160 308 0.02857142857142857
546 906 0.25
434 859 0.017241379310344827
654 105 0.008695652173913044
186 345 0.043478260869565216
321 296 0.014285714285714285
513 906 0.25
513 546 0.0136986301369863
154 546 0.0136986301369863
407 526 0.02
393 249 0.008928571428571428
268 537 0.05555555555555555
504 504 0.027777777777777776
16 222 0.017857142857142856
438 494 0.0125
154 252 0.012195121951219513
252 154 0.02631578947368421
184 877 0.125
58 814 0.25
26 170 0.011494252873563218
252 520 0.020833333333333332
128 13 0.01639344262295082
355 160 0.0047169811320754715
58 597 0.07142857142857142
170 26 0.03333333333333333
170 27 0.0196078431372549
246 765 0.05555555555555555
537 613 0.125
434 172 0.014285714285714285
121 356 0.02127659574468085
137 58 0.009708737864077669
5 469 0.05555555555555555
5 375 0.018867924528301886
698 411 0.013513513513513514
20 366 0.011627906976744186
183 355 0.024390243902439025
355 183 0.006993006993006993
666 367 0.014084507042253521
342 511 0.047619047619047616
282 311 0.03225806451612903
40 753 0.058823529411764705
482 172 0.014285714285714285
144 144 0.09090909090909091
467 107 0.005917159763313609
164 2 0.012987012987012988
164 412 0.016666666666666666
847 40 0.020833333333333332
859 57 0.018518518518518517
60 280 0.009615384615384616
60 214 0.02
57 859 0.017241379310344827
859 2 0.012987012987012988
820 150 0.03125
18 104 0.03125
376 262 0.045454545454545456
150 820 0.010416666666666666
549 274 0.043478260869565216
252 160 0.0047169811320754715
107 467 0.05
495 83 0.011627906976744186
171 547 0.034482758620689655
2 859 0.017241379310344827
173 184 0.013888888888888888
128 203 0.02564102564102564
170 114 0.009174311926605505
544 817 0.2
115 172 0.014285714285714285
333 438 0.013157894736842105
523 134 0.047619047619047616
851 483 0.027777777777777776
134 523 0.0625
438 333 0.010638297872340425
483 851 0.1111111111111111
412 164 0.02564102564102564
458 160 0.0047169811320754715
478 652 0.25
2 308 0.02857142857142857
87 859 0.017241379310344827
817 544 0.03571428571428571
652 478 0.037037037037037035
271 54 0.023809523809523808
506 358 0.025
294 291 0.045454545454545456
24 545 0.05263157894736842
371 256 0.00847457627118644
166 422 0.03225806451612903
812 63 0.009615384615384616
880 308 0.02857142857142857
63 87 0.009174311926605505
285 854 0.14285714285714285
121 125 0.05
2 131 0.021739130434782608
214 206 0.022727272727272728
520 252 0.012195121951219513
411 195 0.034482758620689655
462 419 0.013888888888888888
211 88 0.03333333333333333
135 860 0.0625
358 506 0.0196078431372549
462 506 0.0196078431372549
860 169 0.010416666666666666
96 847 0.03571428571428571
847 96 0.010309278350515464
164 735 0.16666666666666666
282 35 0.018867924528301886
123 95 0.02702702702702703
812 140 0.030303030303030304
812 461 0.0625
812 209 0.016666666666666666
812 428 0.043478260869565216
812 447 0.03571428571428571
812 45 0.02631578947368421
95 123 0.03333333333333333
180 145 0.02127659574468085
121 179 0.02040816326530612
83 654 0.02702702702702703
191 282 0.009433962264150943
333 172 0.014285714285714285
160 573 0.058823529411764705
346 6 0.010752688172043012
282 191 0.02127659574468085
172 333 0.010638297872340425
498 411 0.013513513513513514
371 155 0.018867924528301886
55 2 0.012987012987012988
710 747 0.045454545454545456
57 252 0.012195121951219513
262 907 0.08333333333333333
191 907 0.08333333333333333
504 466 0.027777777777777776
252 57 0.018518518518518517
172 115 0.009900990099009901
362 121 0.006369426751592357
232 575 0.09090909090909091
172 434 0.006622516556291391
481 685 0.02702702702702703
898 898 0.5
898 481 0.02564102564102564
87 252 0.012195121951219513
411 498 0.01639344262295082
121 30 0.01818181818181818
58 498 0.01639344262295082
26 442 0.045454545454545456
907 191 0.02127659574468085
375 243 0.021739130434782608
498 58 0.009708737864077669
685 812 0.022727272727272728
409 93 0.0196078431372549
590 26 0.03333333333333333
482 129 0.007194244604316547
303 365 0.011111111111111112
483 340 0.010869565217391304
129 187 0.02564102564102564
129 430 0.024390243902439025
129 116 0.014705882352941176
129 88 0.03333333333333333
129 188 0.038461538461538464
129 184 0.013888888888888888
88 129 0.007194244604316547
342 345 0.043478260869565216
430 129 0.007194244604316547
818 86 0.006493506493506494
215 301 0.008620689655172414
85 758 0.07142857142857142
859 63 0.009615384615384616
94 214 0.02
140 272 0.024390243902439025
55 285 0.014705882352941176
494 371 0.013157894736842105
13 450 0.018867924528301886
89 515 0.02564102564102564
409 555 0.06666666666666667
89 183 0.006993006993006993
552 55 0.02857142857142857
212 518 0.015151515151515152
86 707 0.029411764705882353
395 719 0.08333333333333333
411 434 0.006622516556291391
121 338 0.019230769230769232
121 158 0.023255813953488372
121 27 0.0196078431372549
121 318 0.02
81 44 0.010869565217391304
104 18 0.021739130434782608
823 452 0.034482758620689655
93 407 0.045454545454545456
546 80 0.01639344262295082
434 411 0.013513513513513514
177 166 0.007874015748031496
177 601 0.02702702702702703
95 908 0.05
280 201 0.023255813953488372
160 195 0.034482758620689655
360 533 0.011764705882352941
201 280 0.009615384615384616
754 661 0.02564102564102564
907 903 0.3333333333333333
269 404 0.01639344262295082
470 753 0.058823529411764705
264 856 0.018867924528301886
142 494 0.0125
142 86 0.006493506493506494
160 268 0.034482758620689655
160 877 0.125
76 96 0.010309278350515464
116 129 0.007194244604316547
107 448 0.030303030303030304
86 152 0.016666666666666666
221 256 0.00847457627118644
221 493 0.0136986301369863
221 129 0.007194244604316547
221 249 0.008928571428571428
44 211 0.00847457627118644
211 44 0.010869565217391304
64 411 0.013513513513513514
409 65 0.025
165 75 0.07142857142857142
557 205 0.037037037037037035
268 160 0.0047169811320754715
611 232 0.012987012987012988
301 166 0.007874015748031496
232 611 0.04
209 812 0.022727272727272728
434 458 0.024390243902439025
162 50 0.06666666666666667
57 5 0.008064516129032258
735 269 0.014492753623188406
252 56 0.02564102564102564
434 65 0.025
552 87 0.009174311926605505
87 552 0.027777777777777776
232 1 0.0196078431372549
210 235 0.05555555555555555
661 510 0.05263157894736842
47 220 0.07142857142857142
264 510 0.05263157894736842
327 11 0.016129032258064516
263 232 0.012987012987012988
510 661 0.02564102564102564
812 2 0.012987012987012988
548 434 0.006622516556291391
366 256 0.00847457627118644
488 141 0.014705882352941176
488 421 0.020833333333333332
488 466 0.027777777777777776
488 529 0.03125
488 498 0.01639344262295082
83 820 0.010416666666666666
12 266 0.043478260869565216
133 60 0.02564102564102564
266 12 0.021739130434782608
116 548 0.05
340 167 0.02040816326530612
167 340 0.010869565217391304
52 301 0.008620689655172414
295 16 0.014705882352941176
295 210 0.012987012987012988
295 628 0.14285714285714285
183 271 0.017241379310344827
272 216 0.038461538461538464
116 367 0.014084507042253521
128 152 0.016666666666666666
121 654 0.02702702702702703
482 301 0.008620689655172414
563 6 0.010752688172043012
301 482 0.02857142857142857
229 183 0.006993006993006993
367 116 0.014705882352941176
301 52 0.05555555555555555
174 812 0.022727272727272728
252 114 0.009174311926605505
252 81 0.010869565217391304
252 169 0.010416666666666666
404 422 0.03225806451612903
252 845 0.038461538461538464
69 400 0.034482758620689655
409 710 0.05263157894736842
400 69 0.024390243902439025
80 459 0.015384615384615385
80 222 0.017857142857142856
411 304 0.03571428571428571
453 167 0.02040816326530612
100 424 0.011111111111111112
11 327 0.034482758620689655
39 437 0.038461538461538464
419 64 0.007352941176470588
490 82 0.008264462809917356
169 252 0.012195121951219513
562 275 0.04
312 232 0.012987012987012988
526 232 0.012987012987012988
121 15 0.022222222222222223
183 909 0.16666666666666666
188 129 0.007194244604316547
204 205 0.037037037037037035
232 526 0.02
89 215 0.013333333333333334
86 820 0.010416666666666666
36 367 0.014084507042253521
171 26 0.03333333333333333
820 86 0.006493506493506494
89 271 0.017241379310344827
344 262 0.045454545454545456
262 344 0.07142857142857142
333 518 0.015151515151515152
395 121 0.006369426751592357
128 27 0.0196078431372549
86 297 0.05263157894736842
28 51 0.016129032258064516
212 546 0.0136986301369863
160 724 0.5
106 132 0.019230769230769232
51 28 0.010416666666666666
183 229 0.037037037037037035
3 183 0.006993006993006993
245 367 0.014084507042253521
367 245 0.02127659574468085
65 197 0.030303030303030304
65 294 0.045454545454545456
65 874 0.3333333333333333
65 362 0.016129032258064516
65 430 0.024390243902439025
65 543 0.030303030303030304
65 280 0.009615384615384616
65 664 0.1111111111111111
65 371 0.013157894736842105
65 600 0.1
65 910 1.0
65 53 0.037037037037037035
65 133 0.0136986301369863
65 232 0.012987012987012988
65 324 0.07142857142857142
65 435 0.25
65 14 0.01818181818181818
65 291 0.045454545454545456
65 870 0.3333333333333333
65 835 0.16666666666666666
65 574 0.25
65 129 0.007194244604316547
65 791 0.2
252 533 0.011764705882352941
450 292 0.029411764705882353
82 142 0.010101010101010102
121 20 0.015625
413 232 0.012987012987012988
261 35 0.018867924528301886
74 121 0.006369426751592357
533 252 0.012195121951219513
845 89 0.017543859649122806
461 273 0.041666666666666664
285 379 0.029411764705882353
166 82 0.008264462809917356
581 204 0.03571428571428571
409 474 0.01639344262295082
494 215 0.013333333333333334
474 409 0.03333333333333333
292 450 0.018867924528301886
302 123 0.03333333333333333
37 112 0.058823529411764705
533 249 0.008928571428571428
546 212 0.009900990099009901
63 859 0.017241379310344827
283 51 0.016129032258064516
283 356 0.02127659574468085
283 263 0.02127659574468085
283 318 0.02
453 453 0.05
211 473 0.013333333333333334
321 156 0.05
302 252 0.012195121951219513
123 302 0.043478260869565216
82 158 0.023255813953488372
545 23 0.014705882352941176
114 51 0.016129032258064516
114 356 0.02127659574468085
114 820 0.010416666666666666
395 82 0.008264462809917356
114 30 0.01818181818181818
114 234 0.029411764705882353
114 158 0.023255813953488372
234 82 0.008264462809917356
137 210 0.012987012987012988
137 371 0.013157894736842105
187 129 0.007194244604316547
82 116 0.014705882352941176
458 82 0.008264462809917356
525 141 0.014705882352941176
263 283 0.008333333333333333
141 525 0.029411764705882353
81 215 0.013333333333333334
81 911 0.3333333333333333
81 188 0.038461538461538464
81 222 0.017857142857142856
81 467 0.05
121 255 0.022222222222222223
121 253 0.043478260869565216
777 173 0.015873015873015872
371 137 0.012987012987012988
47 251 0.03225806451612903
251 47 0.02127659574468085
409 800 0.25
515 275 0.04
121 263 0.02127659574468085
512 160 0.0047169811320754715
569 558 0.09090909090909091
232 113 0.013513513513513514
121 51 0.016129032258064516
232 115 0.009900990099009901
318 121 0.006369426751592357
451 558 0.09090909090909091
366 859 0.017241379310344827
674 558 0.09090909090909091
318 115 0.009900990099009901
115 318 0.02
241 240 0.05
896 107 0.005917159763313609
823 558 0.09090909090909091
13 840 0.0625
107 142 0.010101010101010102
115 232 0.012987012987012988
160 512 0.25
856 558 0.09090909090909091
129 105 0.008695652173913044
113 367 0.014084507042253521
546 17 0.01639344262295082
368 392 0.05263157894736842
840 65 0.025
851 907 0.08333333333333333
907 851 0.1111111111111111
189 911 0.3333333333333333
189 188 0.038461538461538464
189 222 0.017857142857142856
189 81 0.010869565217391304
189 189 0.01639344262295082
189 467 0.05
859 601 0.02702702702702703
504 699 0.045454545454545456
504 499 0.02564102564102564
504 500 0.05555555555555555
504 501 0.07142857142857142
504 502 0.05555555555555555
504 407 0.045454545454545456
504 525 0.029411764705882353
504 506 0.0196078431372549
727 83 0.011627906976744186
672 506 0.0196078431372549
379 182 0.03571428571428571
103 741 0.2
222 911 0.3333333333333333
222 81 0.010869565217391304
222 189 0.01639344262295082
172 166 0.007874015748031496
483 172 0.014285714285714285
456 405 0.012048192771084338
257 526 0.02
368 160 0.0047169811320754715
828 892 0.07142857142857142
828 896 0.047619047619047616
270 278 0.025
28 115 0.009900990099009901
324 558 0.09090909090909091
12 183 0.006993006993006993
531 62 0.00558659217877095
544 107 0.005917159763313609
177 232 0.012987012987012988
176 232 0.012987012987012988
232 177 0.024390243902439025
232 176 0.04
541 140 0.030303030303030304
541 139 0.027777777777777776
541 15 0.022222222222222223
541 209 0.016666666666666666
209 541 0.07142857142857142
318 283 0.008333333333333333
377 748 0.047619047619047616
288 371 0.013157894736842105
288 296 0.014285714285714285
748 377 0.011363636363636364
282 420 0.009174311926605505
215 331 0.05263157894736842
371 288 0.03571428571428571
21 409 0.03333333333333333
156 232 0.012987012987012988
232 156 0.05
252 55 0.02857142857142857
252 159 0.029411764705882353
252 685 0.02702702702702703
252 285 0.014705882352941176
252 625 0.16666666666666666
252 237 0.043478260869565216
252 209 0.016666666666666666
252 854 0.14285714285714285
252 273 0.041666666666666664
252 210 0.012987012987012988
252 234 0.029411764705882353
252 272 0.024390243902439025
252 252 0.012195121951219513
252 404 0.01639344262295082
252 238 0.027777777777777776
252 286 0.024390243902439025
252 880 0.037037037037037035
252 411 0.013513513513513514
252 481 0.02564102564102564
252 271 0.017241379310344827
252 241 0.05
252 46 0.014705882352941176
252 174 0.015384615384615385
252 244 0.037037037037037035
252 235 0.05555555555555555
252 243 0.021739130434782608
183 12 0.021739130434782608
336 336 0.03125
107 429 0.03333333333333333
908 908 0.05
809 5 0.008064516129032258
127 377 0.011363636363636364
5 809 0.022727272727272728
429 107 0.005917159763313609
377 127 0.0625
840 526 0.02
314 495 0.02040816326530612
373 58 0.009708737864077669
291 256 0.00847457627118644
167 575 0.09090909090909091
531 77 0.05555555555555555
400 325 0.038461538461538464
400 10 0.024390243902439025
443 261 0.023255813953488372
726 726 0.1111111111111111
210 137 0.012987012987012988
275 232 0.012987012987012988
526 840 0.0625
526 257 0.0625
23 229 0.037037037037037035
129 65 0.025
184 86 0.006493506493506494
494 234 0.029411764705882353
841 869 0.2
209 140 0.030303030303030304
209 139 0.027777777777777776
209 15 0.022222222222222223
209 131 0.021739130434782608
209 126 0.03571428571428571
261 75 0.07142857142857142
536 546 0.0136986301369863
86 154 0.02631578947368421
860 330 0.1111111111111111
4 54 0.023809523809523808
4 625 0.16666666666666666
4 56 0.02564102564102564
4 552 0.027777777777777776
4 126 0.03571428571428571
201 232 0.012987012987012988
232 201 0.023255813953488372
26 34 0.043478260869565216
26 588 0.045454545454545456
51 124 0.030303030303030304
61 95 0.02702702702702703
178 232 0.012987012987012988
128 494 0.0125
25 133 0.0136986301369863
160 282 0.009433962264150943
417 136 0.037037037037037035
166 81 0.010869565217391304
803 59 0.021739130434782608
160 287 0.058823529411764705
287 160 0.0047169811320754715
95 61 0.01818181818181818
803 4 0.013513513513513514
520 160 0.0047169811320754715
417 434 0.006622516556291391
512 162 0.0196078431372549
142 300 0.025
95 232 0.012987012987012988
481 412 0.016666666666666666
371 3 0.016129032258064516
474 493 0.0136986301369863
651 651 0.08333333333333333
300 142 0.010101010101010102
231 426 0.021739130434782608
231 351 0.023255813953488372
231 278 0.025
121 116 0.014705882352941176
434 3 0.016129032258064516
193 63 0.009615384615384616
896 81 0.010869565217391304
141 407 0.045454545454545456
896 355 0.024390243902439025
562 232 0.012987012987012988
232 562 0.038461538461538464
412 481 0.02564102564102564
249 407 0.045454545454545456
155 221 0.018518518518518517
776 572 0.045454545454545456
776 749 0.2
169 460 0.022727272727272728
473 536 0.09090909090909091
303 256 0.00847457627118644
303 412 0.016666666666666666
294 232 0.012987012987012988
437 436 0.3333333333333333
408 832 0.045454545454545456
851 342 0.022727272727272728
408 215 0.013333333333333334
63 193 0.04
82 31 0.02564102564102564
823 823 0.05
765 504 0.027777777777777776
23 82 0.008264462809917356
23 172 0.014285714285714285
434 258 0.03125
511 682 0.3333333333333333
309 268 0.034482758620689655
393 301 0.008620689655172414
301 393 0.015151515151515152
492 83 0.011627906976744186
541 764 0.1111111111111111
3 256 0.00847457627118644
3 434 0.006622516556291391
118 549 0.023809523809523808
232 226 0.021739130434782608
363 664 0.1111111111111111
193 160 0.0047169811320754715
896 142 0.010101010101010102
13 423 0.03125
359 504 0.027777777777777776
536 473 0.013333333333333334
118 495 0.02040816326530612
413 177 0.024390243902439025
413 168 0.015873015873015872
413 526 0.02
413 840 0.0625
413 426 0.021739130434782608
413 714 0.043478260869565216
413 562 0.038461538461538464
413 65 0.025
909 183 0.006993006993006993
21 146 0.07142857142857142
611 183 0.006993006993006993
412 303 0.012048192771084338
412 256 0.00847457627118644
146 21 0.009009009009009009
31 115 0.009900990099009901
549 118 0.041666666666666664
562 413 0.041666666666666664
161 264 0.037037037037037035
115 31 0.02564102564102564
259 536 0.09090909090909091
316 231 0.02040816326530612
160 859 0.017241379310344827
438 74 0.013157894736842105
547 263 0.02127659574468085
912 466 0.027777777777777776
226 232 0.012987012987012988
513 74 0.013157894736842105
169 80 0.01639344262295082
117 106 0.0078125
114 21 0.009009009009009009
114 80 0.01639344262295082
28 80 0.01639344262295082
329 340 0.010869565217391304
169 29 0.020833333333333332
29 169 0.010416666666666666
499 913 0.058823529411764705
466 912 0.5
120 232 0.012987012987012988
80 340 0.010869565217391304
80 28 0.010416666666666666
80 114 0.009174311926605505
80 169 0.010416666666666666
80 367 0.014084507042253521
909 129 0.007194244604316547
168 413 0.041666666666666664
551 86 0.006493506493506494
36 169 0.010416666666666666
232 120 0.07142857142857142
409 207 0.034482758620689655
573 9 0.037037037037037035
912 504 0.027777777777777776
303 909 0.16666666666666666
142 896 0.047619047619047616
480 480 0.029411764705882353
756 613 0.125
44 9 0.037037037037037035
840 232 0.012987012987012988
146 17 0.01639344262295082
263 303 0.012048192771084338
373 197 0.030303030303030304
32 24 0.038461538461538464
903 907 0.08333333333333333
89 423 0.03125
473 298 0.1111111111111111
285 252 0.012195121951219513
395 250 0.03333333333333333
483 342 0.022727272727272728
298 473 0.013333333333333334
393 160 0.0047169811320754715
146 183 0.006993006993006993
17 146 0.07142857142857142
74 438 0.013157894736842105
426 232 0.012987012987012988
150 295 0.01818181818181818
262 903 0.3333333333333333
241 241 0.05
80 490 0.029411764705882353
44 11 0.016129032258064516
890 890 0.5
290 128 0.007575757575757576
419 133 0.0136986301369863
832 408 0.02631578947368421
198 168 0.015873015873015872
129 909 0.16666666666666666
168 198 0.05263157894736842
36 25 0.03125
411 183 0.006993006993006993
121 152 0.016666666666666666
490 80 0.01639344262295082
495 118 0.041666666666666664
549 460 0.022727272727272728
562 840 0.0625
498 720 0.0625
597 118 0.041666666666666664
121 154 0.02631578947368421
121 118 0.041666666666666664
121 166 0.007874015748031496
121 693 0.2
121 301 0.008620689655172414
121 752 0.2
121 144 0.09090909090909091
121 615 0.025
121 300 0.025
121 492 0.043478260869565216
121 87 0.009174311926605505
121 363 0.02564102564102564
121 513 0.024390243902439025
121 373 0.043478260869565216
121 594 0.16666666666666666
121 13 0.01639344262295082
121 254 0.034482758620689655
209 518 0.015151515151515152
665 55 0.02857142857142857
572 434 0.006622516556291391
55 665 0.045454545454545456
177 94 0.02702702702702703
409 504 0.027777777777777776
908 206 0.022727272727272728
94 177 0.024390243902439025
720 498 0.01639344262295082
94 120 0.07142857142857142
154 209 0.016666666666666666
209 154 0.02631578947368421
350 191 0.02127659574468085
121 651 0.08333333333333333
232 5 0.008064516129032258
820 908 0.05
366 290 0.014925373134328358
674 754 0.045454545454545456
116 914 0.05555555555555555
157 278 0.025
145 180 0.014705882352941176
106 259 0.04
145 333 0.010638297872340425
326 64 0.007352941176470588
161 265 0.03225806451612903
145 299 0.047619047619047616
84 174 0.015384615384615385
908 820 0.010416666666666666
13 93 0.0196078431372549
282 597 0.07142857142857142
180 128 0.007575757575757576
908 201 0.023255813953488372
379 5 0.008064516129032258
390 394 0.03333333333333333
394 390 0.034482758620689655
128 343 0.05
168 128 0.007575757575757576
332 523 0.0625
120 94 0.02702702702702703
707 765 0.05555555555555555
537 537 0.05555555555555555
671 69 0.024390243902439025
440 608 0.043478260869565216
38 915 1.0
377 182 0.03571428571428571
377 907 0.08333333333333333
377 872 0.07692307692307693
89 845 0.038461538461538464
608 440 0.015873015873015872
183 411 0.013513513513513514
86 553 0.125
237 5 0.008064516129032258
685 3 0.016129032258064516
504 421 0.020833333333333332
3 685 0.02702702702702703
269 644 0.08333333333333333
644 269 0.014492753623188406
459 80 0.01639344262295082
7 754 0.045454545454545456
438 437 0.038461538461538464
438 136 0.037037037037037035
438 135 0.02857142857142857
812 87 0.009174311926605505
206 908 0.05
301 184 0.013888888888888888
290 283 0.008333333333333333
280 303 0.012048192771084338
280 81 0.010869565217391304
31 82 0.008264462809917356
430 128 0.007575757575757576
474 13 0.01639344262295082
880 80 0.01639344262295082
128 430 0.024390243902439025
5 481 0.02564102564102564
375 16 0.014705882352941176
121 79 0.02857142857142857
283 290 0.014925373134328358
5 237 0.043478260869565216
562 177 0.024390243902439025
562 425 0.058823529411764705
562 714 0.043478260869565216
414 916 1.0
368 275 0.04
548 381 0.037037037037037035
368 181 0.022222222222222223
21 189 0.01639344262295082
765 430 0.024390243902439025
64 325 0.038461538461538464
106 80 0.01639344262295082
820 917 0.05555555555555555
917 196 0.043478260869565216
917 51 0.016129032258064516
917 197 0.030303030303030304
917 908 0.05
917 199 0.02631578947368421
917 200 0.029411764705882353
917 128 0.007575757575757576
917 167 0.02040816326530612
917 201 0.023255813953488372
917 918 0.05263157894736842
917 593 0.02564102564102564
917 204 0.03571428571428571
917 776 0.04
917 205 0.037037037037037035
917 206 0.022727272727272728
917 41 0.015151515151515152
917 94 0.02702702702702703
917 820 0.010416666666666666
917 95 0.02702702702702703
917 207 0.034482758620689655
94 917 0.05555555555555555
908 917 0.05555555555555555
908 124 0.030303030303030304
13 361 0.02127659574468085
206 917 0.05555555555555555
206 918 0.05263157894736842
918 908 0.05
918 200 0.029411764705882353
918 917 0.05555555555555555
918 593 0.02564102564102564
918 204 0.03571428571428571
918 776 0.04
918 94 0.02702702702702703
918 51 0.016129032258064516
918 197 0.030303030303030304
918 199 0.02631578947368421
918 128 0.007575757575757576
918 167 0.02040816326530612
918 201 0.023255813953488372
918 206 0.022727272727272728
918 820 0.010416666666666666
918 95 0.02702702702702703
918 207 0.034482758620689655
376 395 0.027777777777777776
420 191 0.02127659574468085
283 329 0.011764705882352941
118 597 0.07142857142857142
820 179 0.02040816326530612
271 552 0.027777777777777776
381 548 0.05
312 301 0.008620689655172414
81 569 0.034482758620689655
738 586 0.04
375 154 0.02631578947368421
106 68 0.02564102564102564
820 918 0.05263157894736842
301 312 0.047619047619047616
585 706 0.1
272 6 0.010752688172043012
31 51 0.016129032258064516
303 807 0.16666666666666666
258 282 0.009433962264150943
282 258 0.03125
0 266 0.043478260869565216
252 859 0.017241379310344827
841 312 0.047619047619047616
86 485 0.037037037037037035
423 13 0.01639344262295082
197 908 0.05
172 231 0.02040816326530612
86 681 0.05
908 197 0.030303030303030304
128 917 0.05555555555555555
122 150 0.03125
485 86 0.006493506493506494
150 122 0.047619047619047616
6 272 0.024390243902439025
238 89 0.017543859649122806
918 918 0.05263157894736842
235 243 0.021739130434782608
312 841 0.14285714285714285
165 82 0.008264462809917356
6 389 0.029411764705882353
23 820 0.010416666666666666
165 900 0.041666666666666664
908 200 0.029411764705882353
91 477 0.09090909090909091
51 95 0.02702702702702703
389 611 0.04
209 252 0.012195121951219513
380 656 0.09090909090909091
611 389 0.029411764705882353
344 200 0.029411764705882353
809 107 0.005917159763313609
847 114 0.009174311926605505
85 317 0.05263157894736842
582 473 0.013333333333333334
582 549 0.023809523809523808
582 184 0.013888888888888888
582 508 0.038461538461538464
582 671 0.04
582 667 0.03571428571428571
290 546 0.0136986301369863
200 344 0.07142857142857142
303 280 0.009615384615384616
95 129 0.007194244604316547
300 81 0.010869565217391304
389 521 0.07692307692307693
389 585 0.1111111111111111
389 292 0.029411764705882353
389 317 0.05263157894736842
389 341 0.1111111111111111
546 290 0.014925373134328358
372 121 0.006369426751592357
295 521 0.07692307692307693
295 585 0.1111111111111111
295 292 0.029411764705882353
295 317 0.05263157894736842
295 341 0.1111111111111111
908 918 0.05263157894736842
95 183 0.006993006993006993
184 582 0.07692307692307693
7 529 0.03125
211 15 0.022222222222222223
357 301 0.008620689655172414
183 95 0.02702702702702703
89 919 0.09090909090909091
859 832 0.045454545454545456
172 23 0.014705882352941176
45 162 0.0196078431372549
832 859 0.017241379310344827
55 685 0.02702702702702703
11 44 0.010869565217391304
107 183 0.006993006993006993
209 137 0.012987012987012988
209 285 0.014705882352941176
209 371 0.013157894736842105
209 88 0.03333333333333333
209 286 0.024390243902439025
179 820 0.010416666666666666
120 101 0.04
408 89 0.017543859649122806
107 809 0.022727272727272728
529 7 0.02040816326530612
367 23 0.014705882352941176
674 661 0.02564102564102564
119 333 0.010638297872340425
252 571 0.05
41 908 0.05
41 917 0.05555555555555555
41 918 0.05263157894736842
362 483 0.027777777777777776
129 208 0.019230769230769232
434 203 0.02564102564102564
495 739 0.16666666666666666
280 21 0.009009009009009009
314 165 0.010869565217391304
568 81 0.010869565217391304
127 227 0.05263157894736842
184 127 0.0625
300 269 0.014492753623188406
256 405 0.012048192771084338
95 203 0.02564102564102564
95 776 0.04
47 135 0.02857142857142857
265 661 0.02564102564102564
75 36 0.023255813953488372
681 5 0.008064516129032258
671 582 0.07692307692307693
69 353 0.034482758620689655
920 230 0.058823529411764705
776 14 0.01818181818181818
460 211 0.00847457627118644
121 131 0.021739130434782608
81 490 0.029411764705882353
81 478 0.037037037037037035
87 856 0.018867924528301886
363 508 0.038461538461538464
363 422 0.03225806451612903
86 274 0.043478260869565216
363 577 0.2
101 419 0.013888888888888888
419 101 0.04
234 494 0.0125
63 921 0.09090909090909091
290 301 0.008620689655172414
707 661 0.02564102564102564
206 426 0.021739130434782608
851 377 0.011363636363636364
222 0 0.03125
0 222 0.017857142857142856
411 646 0.25
411 208 0.019230769230769232
411 604 0.125
411 683 0.1111111111111111
4 96 0.010309278350515464
11 106 0.0078125
388 280 0.009615384615384616
106 11 0.016129032258064516
121 494 0.0125
121 86 0.006493506493506494
847 919 0.09090909090909091
237 107 0.005917159763313609
409 420 0.009174311926605505
232 206 0.022727272727272728
859 87 0.009174311926605505
418 509 0.02127659574468085
342 228 0.045454545454545456
481 83 0.011627906976744186
86 121 0.006369426751592357
786 189 0.01639344262295082
543 280 0.009615384615384616
451 161 0.02857142857142857
451 7 0.02040816326530612
908 94 0.02702702702702703
94 908 0.05
422 474 0.01639344262295082
149 656 0.09090909090909091
546 493 0.0136986301369863
859 303 0.012048192771084338
921 859 0.017241379310344827
422 180 0.014705882352941176
321 182 0.03571428571428571
27 438 0.013157894736842105
438 27 0.0196078431372549
376 632 0.3333333333333333
498 51 0.016129032258064516
378 157 0.018518518518518517
422 21 0.009009009009009009
422 23 0.014705882352941176
422 427 0.02127659574468085
422 115 0.009900990099009901
141 533 0.011764705882352941
754 674 0.1111111111111111
754 569 0.034482758620689655
83 481 0.02564102564102564
103 389 0.029411764705882353
464 128 0.007575757575757576
464 183 0.006993006993006993
464 820 0.010416666666666666
51 498 0.01639344262295082
809 13 0.01639344262295082
282 464 0.023255813953488372
389 103 0.023255813953488372
845 809 0.022727272727272728
282 210 0.012987012987012988
485 318 0.02
5 11 0.016129032258064516
408 826 0.045454545454545456
209 601 0.02702702702702703
826 408 0.02631578947368421
81 28 0.010416666666666666
859 183 0.006993006993006993
183 859 0.017241379310344827
211 460 0.022727272727272728
120 377 0.011363636363636364
461 812 0.022727272727272728
859 845 0.038461538461538464
859 271 0.017241379310344827
47 38 0.034482758620689655
459 1 0.0196078431372549
38 47 0.02127659574468085
172 228 0.045454545454545456
321 560 0.03571428571428571
494 261 0.023255813953488372
395 86 0.006493506493506494
13 588 0.045454545454545456
461 592 0.034482758620689655
13 304 0.03571428571428571
115 644 0.08333333333333333
438 436 0.3333333333333333
859 286 0.024390243902439025
859 211 0.00847457627118644
96 4 0.013513513513513514
908 207 0.034482758620689655
908 95 0.02702702702702703
908 199 0.02631578947368421
251 914 0.05555555555555555
64 914 0.05555555555555555
177 221 0.018518518518518517
141 5 0.008064516129032258
59 285 0.014705882352941176
221 177 0.024390243902439025
845 859 0.017241379310344827
64 733 0.1
64 572 0.045454545454545456
177 74 0.013157894736842105
249 203 0.02564102564102564
28 44 0.010869565217391304
913 922 0.058823529411764705
644 115 0.009900990099009901
450 232 0.012987012987012988
640 100 0.027777777777777776
923 923 0.2
89 305 0.019230769230769232
236 5 0.008064516129032258
252 924 0.1
5 236 0.020833333333333332
13 809 0.022727272727272728
872 232 0.012987012987012988
168 611 0.04
89 925 0.07142857142857142
371 87 0.009174311926605505
87 290 0.014925373134328358
330 438 0.013157894736842105
856 546 0.0136986301369863
611 168 0.015873015873015872
232 872 0.07692307692307693
115 914 0.05555555555555555
256 51 0.016129032258064516
256 356 0.02127659574468085
256 263 0.02127659574468085
256 30 0.01818181818181818
256 210 0.012987012987012988
256 234 0.029411764705882353
256 318 0.02
256 165 0.010869565217391304
256 115 0.009900990099009901
256 338 0.019230769230769232
256 169 0.010416666666666666
256 820 0.010416666666666666
342 483 0.027777777777777776
28 81 0.010869565217391304
776 908 0.05
275 368 0.022222222222222223
847 925 0.07142857142857142
275 226 0.021739130434782608
925 847 0.03571428571428571
925 925 0.07142857142857142
158 121 0.006369426751592357
30 263 0.02127659574468085
31 282 0.009433962264150943
438 330 0.1111111111111111
275 176 0.04
275 123 0.03333333333333333
275 789 0.1
275 177 0.024390243902439025
275 200 0.029411764705882353
275 526 0.02
275 840 0.0625
275 426 0.021739130434782608
275 479 0.2
275 65 0.025
226 275 0.04
301 290 0.014925373134328358
426 206 0.022727272727272728
326 923 0.2
486 29 0.020833333333333332
723 923 0.2
29 486 0.022727272727272728
187 283 0.008333333333333333
95 918 0.05263157894736842
254 859 0.017241379310344827
859 254 0.034482758620689655
160 454 0.14285714285714285
269 322 0.05
118 116 0.014705882352941176
404 354 0.1
303 87 0.009174311926605505
926 926 0.08333333333333333
83 253 0.043478260869565216
926 927 0.1111111111111111
211 412 0.016666666666666666
211 859 0.017241379310344827
927 926 0.08333333333333333
283 187 0.02564102564102564
927 927 0.1111111111111111
211 928 1.0
116 118 0.041666666666666664
118 279 0.1111111111111111
21 551 0.08333333333333333
86 526 0.02
187 256 0.00847457627118644
180 851 0.1111111111111111
180 907 0.08333333333333333
9 661 0.02564102564102564
551 21 0.009009009009009009
160 117 0.06666666666666667
454 160 0.0047169811320754715
562 533 0.011764705882352941
164 929 0.09090909090909091
738 6 0.010752688172043012
930 931 0.07692307692307693
930 930 0.07142857142857142
931 931 0.07692307692307693
931 930 0.07142857142857142
117 160 0.0047169811320754715
930 238 0.027777777777777776
548 283 0.008333333333333333
79 601 0.02702702702702703
283 548 0.05
927 159 0.029411764705882353
927 237 0.043478260869565216
927 210 0.012987012987012988
927 234 0.029411764705882353
927 158 0.023255813953488372
927 242 0.03571428571428571
283 932 0.018867924528301886
931 158 0.023255813953488372
332 720 0.0625
238 930 0.07142857142857142
169 914 0.05555555555555555
6 738 0.03125
326 326 0.02702702702702703
183 35 0.018867924528301886
114 892 0.07142857142857142
114 300 0.025
114 173 0.015873015873015872
114 896 0.047619047619047616
81 544 0.03571428571428571
69 777 0.058823529411764705
279 118 0.041666666666666664
333 925 0.07142857142857142
58 664 0.1111111111111111
297 177 0.024390243902439025
303 544 0.03571428571428571
929 929 0.09090909090909091
591 83 0.011627906976744186
123 275 0.04
300 68 0.02564102564102564
158 931 0.07692307692307693
86 180 0.014705882352941176
661 13 0.01639344262295082
13 661 0.02564102564102564
36 183 0.006993006993006993
127 533 0.011764705882352941
508 325 0.038461538461538464
508 260 0.05263157894736842
508 10 0.024390243902439025
508 259 0.04
508 710 0.05263157894736842
424 340 0.010869565217391304
10 508 0.038461538461538464
823 19 0.016129032258064516
929 140 0.030303030303030304
11 518 0.015151515151515152
140 929 0.09090909090909091
518 58 0.009708737864077669
481 3 0.016129032258064516
162 412 0.016666666666666666
66 112 0.058823529411764705
160 406 0.04
931 159 0.029411764705882353
438 892 0.07142857142857142
117 117 0.06666666666666667
68 300 0.025
159 931 0.07692307692307693
832 252 0.012195121951219513
716 5 0.008064516129032258
377 120 0.07142857142857142
408 625 0.16666666666666666
408 880 0.037037037037037035
2 56 0.02564102564102564
408 192 0.05263157894736842
408 587 0.07142857142857142
412 162 0.0196078431372549
326 13 0.01639344262295082
381 380 0.030303030303030304
381 515 0.02564102564102564
381 391 0.05263157894736842
259 508 0.038461538461538464
768 125 0.05
89 408 0.02631578947368421
165 914 0.05555555555555555
81 607 0.038461538461538464
329 303 0.012048192771084338
329 671 0.04
87 812 0.022727272727272728
83 259 0.04
411 460 0.022727272727272728
18 424 0.011111111111111112
18 232 0.012987012987012988
573 358 0.025
232 18 0.021739130434782608
892 438 0.013157894736842105
823 358 0.025
577 363 0.02564102564102564
79 13 0.01639344262295082
765 720 0.0625
700 358 0.025
765 358 0.025
100 434 0.006622516556291391
434 100 0.027777777777777776
291 543 0.030303030303030304
184 5 0.008064516129032258
526 275 0.04
484 484 0.05263157894736842
173 549 0.023809523809523808
440 6 0.010752688172043012
5 716 0.5
166 222 0.017857142857142856
5 184 0.013888888888888888
210 142 0.010101010101010102
429 933 0.06666666666666667
427 162 0.0196078431372549
929 164 0.02564102564102564
79 166 0.007874015748031496
281 16 0.014705882352941176
281 424 0.011111111111111112
145 239 0.09090909090909091
933 89 0.017543859649122806
320 368 0.022222222222222223
89 933 0.06666666666666667
929 334 0.05555555555555555
334 929 0.09090909090909091
513 303 0.012048192771084338
16 281 0.022222222222222223
158 927 0.1111111111111111
158 930 0.07142857142857142
337 367 0.014084507042253521
823 707 0.029411764705882353
823 12 0.021739130434782608
823 700 0.037037037037037035
494 588 0.045454545454545456
588 494 0.0125
12 823 0.05
523 64 0.007352941176470588
700 823 0.05
549 459 0.015384615384615385
549 309 0.034482758620689655
549 248 0.05
549 268 0.034482758620689655
549 316 0.02631578947368421
62 859 0.017241379310344827
504 359 0.05
461 216 0.038461538461538464
518 533 0.011764705882352941
549 934 0.25
48 165 0.010869565217391304
164 64 0.007352941176470588
280 388 0.043478260869565216
21 777 0.058823529411764705
856 142 0.010101010101010102
147 422 0.03225806451612903
11 128 0.007575757575757576
810 244 0.037037037037037035
859 62 0.00558659217877095
445 64 0.007352941176470588
56 2 0.012987012987012988
82 281 0.022222222222222223
23 422 0.03225806451612903
707 823 0.05
14 918 0.05263157894736842
14 797 0.2
281 82 0.008264462809917356
105 509 0.02127659574468085
128 11 0.016129032258064516
244 810 0.3333333333333333
437 26 0.03333333333333333
424 304 0.03571428571428571
143 482 0.02857142857142857
127 36 0.023255813953488372
63 271 0.017241379310344827
281 107 0.005917159763313609
281 62 0.00558659217877095
64 611 0.04
304 16 0.014705882352941176
62 281 0.022222222222222223
493 422 0.03225806451612903
170 419 0.013888888888888888
252 832 0.045454545454545456
518 513 0.024390243902439025
329 128 0.007575757575757576
422 493 0.0136986301369863
671 329 0.011764705882352941
368 301 0.008620689655172414
301 368 0.022222222222222223
110 474 0.01639344262295082
305 210 0.012987012987012988
128 377 0.011363636363636364
271 63 0.009615384615384616
280 333 0.010638297872340425
232 178 0.034482758620689655
812 252 0.012195121951219513
183 326 0.02702702702702703
753 816 0.05555555555555555
269 933 0.06666666666666667
269 929 0.09090909090909091
816 753 0.058823529411764705
210 305 0.019230769230769232
483 113 0.013513513513513514
483 128 0.007575757575757576
483 255 0.022222222222222223
483 280 0.009615384615384616
483 165 0.010869565217391304
483 226 0.021739130434782608
674 674 0.1111111111111111
69 105 0.008695652173913044
440 840 0.0625
96 924 0.1
273 579 0.0625
412 921 0.09090909090909091
142 280 0.009615384615384616
529 44 0.010869565217391304
548 152 0.016666666666666666
548 62 0.00558659217877095
286 412 0.016666666666666666
840 440 0.015873015873015872
719 64 0.007352941176470588
768 935 0.25
16 304 0.03571428571428571
338 35 0.018867924528301886
59 286 0.024390243902439025
407 141 0.014705882352941176
210 183 0.006993006993006993
87 304 0.03571428571428571
930 158 0.023255813953488372
4 183 0.006993006993006993
143 714 0.043478260869565216
265 823 0.05
294 290 0.014925373134328358
226 483 0.027777777777777776
8 823 0.05
533 562 0.038461538461538464
666 823 0.05
107 285 0.014705882352941176
183 4 0.013513513513513514
210 82 0.008264462809917356
368 146 0.07142857142857142
823 8 0.029411764705882353
823 566 0.0625
35 338 0.019230769230769232
100 820 0.010416666666666666
674 823 0.05
563 494 0.0125
612 217 0.06666666666666667
568 425 0.058823529411764705
179 339 0.025
13 191 0.02127659574468085
269 447 0.03571428571428571
582 582 0.07692307692307693
820 100 0.027777777777777776
137 272 0.024390243902439025
412 286 0.024390243902439025
13 375 0.018867924528301886
13 172 0.014285714285714285
931 926 0.08333333333333333
931 927 0.1111111111111111
47 26 0.03333333333333333
464 337 0.02702702702702703
85 307 0.08333333333333333
464 116 0.014705882352941176
16 311 0.03225806451612903
464 338 0.019230769230769232
933 933 0.06666666666666667
823 265 0.03225806451612903
482 143 0.022222222222222223
21 355 0.024390243902439025
26 47 0.02127659574468085
16 115 0.009900990099009901
40 725 0.08333333333333333
777 419 0.013888888888888888
419 777 0.058823529411764705
394 381 0.037037037037037035
165 48 0.021739130434782608
381 394 0.03333333333333333
290 294 0.045454545454545456
324 720 0.0625
470 455 0.0196078431372549
304 87 0.009174311926605505
120 758 0.07142857142857142
440 265 0.03225806451612903
434 548 0.05
5 24 0.038461538461538464
377 851 0.1111111111111111
5 611 0.04
32 40 0.020833333333333332
5 572 0.045454545454545456
179 295 0.01818181818181818
272 137 0.012987012987012988
89 10 0.024390243902439025
856 355 0.024390243902439025
404 83 0.011627906976744186
101 96 0.010309278350515464
115 355 0.024390243902439025
301 170 0.011494252873563218
464 900 0.041666666666666664
464 847 0.03571428571428571
465 615 0.025
259 83 0.011627906976744186
936 572 0.045454545454545456
572 936 0.14285714285714285
847 464 0.023255813953488372
924 303 0.012048192771084338
125 937 0.14285714285714285
311 218 0.023255813953488372
494 58 0.009708737864077669
494 281 0.022222222222222223
48 166 0.007874015748031496
150 378 0.041666666666666664
321 579 0.0625
321 592 0.034482758620689655
321 38 0.034482758620689655
82 152 0.016666666666666666
353 592 0.034482758620689655
353 935 0.25
307 872 0.07692307692307693
377 147 0.02702702702702703
353 768 0.07692307692307693
138 252 0.012195121951219513
429 929 0.09090909090909091
252 138 0.034482758620689655
305 604 0.125
405 480 0.029411764705882353
405 255 0.022222222222222223
4 138 0.034482758620689655
281 494 0.0125
484 694 0.14285714285714285
184 405 0.012048192771084338
913 358 0.025
679 137 0.012987012987012988
80 880 0.037037037037037035
303 128 0.007575757575757576
303 362 0.016129032258064516
303 81 0.010869565217391304
303 106 0.0078125
96 842 0.5
38 579 0.0625
38 592 0.034482758620689655
38 321 0.02702702702702703
930 234 0.029411764705882353
14 440 0.015873015873015872
14 562 0.038461538461538464
131 249 0.008928571428571428
754 211 0.00847457627118644
562 14 0.01818181818181818
592 321 0.02702702702702703
592 38 0.034482758620689655
135 23 0.014705882352941176
506 288 0.03571428571428571
316 187 0.02564102564102564
353 937 0.14285714285714285
58 845 0.038461538461538464
280 523 0.0625
418 467 0.05
249 131 0.021739130434782608
690 301 0.008620689655172414
455 89 0.017543859649122806
252 738 0.03125
323 708 0.058823529411764705
167 918 0.05263157894736842
537 227 0.05263157894736842
187 316 0.02631578947368421
220 165 0.010869565217391304
183 900 0.041666666666666664
211 183 0.006993006993006993
696 222 0.017857142857142856
753 75 0.07142857142857142
366 134 0.047619047619047616
205 93 0.0196078431372549
265 555 0.06666666666666667
137 877 0.125
137 663 0.05263157894736842
137 679 0.05263157894736842
924 96 0.010309278350515464
86 304 0.03571428571428571
918 377 0.011363636363636364
304 86 0.006493506493506494
201 908 0.05
226 228 0.045454545454545456
51 375 0.018867924528301886
51 112 0.058823529411764705
661 8 0.029411764705882353
13 15 0.022222222222222223
935 125 0.05
303 924 0.1
378 150 0.03125
661 265 0.03225806451612903
883 115 0.009900990099009901
611 938 1.0
938 611 0.04
542 291 0.045454545454545456
23 135 0.02857142857142857
57 240 0.05
56 408 0.02631578947368421
240 57 0.018518518518518517
226 186 0.05
226 518 0.015151515151515152
65 64 0.007352941176470588
93 205 0.037037037037037035
518 226 0.021739130434782608
921 845 0.038461538461538464
914 914 0.05555555555555555
138 4 0.013513513513513514
14 556 0.14285714285714285
531 82 0.008264462809917356
907 262 0.045454545454545456
908 822 0.06666666666666667
133 106 0.0078125
400 92 0.02631578947368421
914 860 0.0625
939 232 0.012987012987012988
82 464 0.023255813953488372
307 301 0.008620689655172414
8 661 0.02564102564102564
800 615 0.025
13 51 0.016129032258064516
546 30 0.01818181818181818
546 526 0.02
546 367 0.014084507042253521
128 940 0.5
92 400 0.034482758620689655
30 546 0.0136986301369863
163 377 0.011363636363636364
158 926 0.08333333333333333
85 313 0.058823529411764705
160 717 0.1
199 280 0.009615384615384616
184 64 0.007352941176470588
896 4 0.013513513513513514
549 19 0.016129032258064516
82 748 0.047619047619047616
280 199 0.02631578947368421
253 107 0.005917159763313609
377 163 0.02702702702702703
19 549 0.023809523809523808
549 326 0.02702702702702703
160 471 0.125
82 854 0.14285714285714285
15 82 0.008264462809917356
232 939 0.5
160 413 0.041666666666666664
82 131 0.021739130434782608
309 248 0.05
309 18 0.021739130434782608
309 226 0.021739130434782608
309 73 0.04
753 900 0.041666666666666664
748 16 0.014705882352941176
748 256 0.00847457627118644
748 106 0.0078125
14 922 0.058823529411764705
82 96 0.010309278350515464
471 160 0.0047169811320754715
615 800 0.25
343 160 0.0047169811320754715
4 896 0.047619047619047616
450 291 0.045454545454545456
85 872 0.07692307692307693
768 97 0.047619047619047616
79 107 0.005917159763313609
86 23 0.014705882352941176
197 215 0.013333333333333334
860 914 0.05555555555555555
215 197 0.030303030303030304
290 130 0.027777777777777776
252 193 0.04
19 421 0.020833333333333332
19 434 0.006622516556291391
234 930 0.07142857142857142
180 615 0.025
18 310 0.041666666666666664
390 459 0.015384615384615385
589 271 0.017241379310344827
310 85 0.02857142857142857
183 211 0.00847457627118644
234 926 0.08333333333333333
405 126 0.03571428571428571
163 518 0.015151515151515152
941 189 0.01639344262295082
181 231 0.02040816326530612
181 95 0.02702702702702703
231 181 0.022222222222222223
907 907 0.08333333333333333
156 907 0.08333333333333333
907 156 0.05
435 920 1.0
305 208 0.019230769230769232
610 610 0.125
236 930 0.07142857142857142
214 124 0.030303030303030304
147 154 0.02631578947368421
137 412 0.016666666666666666
877 137 0.012987012987012988
304 424 0.011111111111111112
543 405 0.012048192771084338
543 105 0.008695652173913044
163 107 0.005917159763313609
281 481 0.02564102564102564
377 918 0.05263157894736842
377 776 0.04
13 552 0.027777777777777776
942 95 0.02702702702702703
303 356 0.02127659574468085
253 87 0.009174311926605505
13 748 0.047619047619047616
209 909 0.16666666666666666
943 295 0.01818181818181818
7 222 0.017857142857142856
489 434 0.006622516556291391
234 283 0.008333333333333333
291 542 0.07142857142857142
104 295 0.01818181818181818
678 274 0.043478260869565216
435 316 0.02631578947368421
305 494 0.0125
936 290 0.014925373134328358
467 459 0.015384615384615385
209 249 0.008928571428571428
314 507 0.25
377 215 0.013333333333333334
674 141 0.014705882352941176
557 917 0.05555555555555555
690 366 0.011627906976744186
291 493 0.0136986301369863
231 347 0.041666666666666664
13 183 0.006993006993006993
377 344 0.07142857142857142
60 105 0.008695652173913044
560 321 0.02702702702702703
81 3 0.016129032258064516
81 412 0.016666666666666666
230 420 0.009174311926605505
13 40 0.020833333333333332
210 927 0.1111111111111111
57 193 0.04
181 176 0.04
345 152 0.016666666666666666
314 872 0.07692307692307693
314 307 0.08333333333333333
526 231 0.02040816326530612
783 154 0.02631578947368421
278 908 0.05
907 180 0.014705882352941176
180 820 0.010416666666666666
231 466 0.027777777777777776
303 411 0.013513513513513514
180 381 0.037037037037037035
380 103 0.023255813953488372
589 400 0.034482758620689655
355 654 0.02702702702702703
560 913 0.058823529411764705
944 748 0.047619047619047616
690 107 0.005917159763313609
551 473 0.013333333333333334
551 679 0.05263157894736842
551 671 0.04
748 173 0.015873015873015872
886 665 0.045454545454545456
886 812 0.022727272727272728
210 106 0.0078125
783 420 0.009174311926605505
730 64 0.007352941176470588
872 377 0.011363636363636364
327 945 0.25
255 545 0.05263157894736842
57 304 0.03571428571428571
57 88 0.03333333333333333
57 924 0.1
57 302 0.043478260869565216
153 654 0.02702702702702703
638 126 0.03571428571428571
641 1 0.0196078431372549
641 106 0.0078125
321 533 0.011764705882352941
61 19 0.016129032258064516
61 280 0.009615384615384616
153 105 0.008695652173913044
455 860 0.0625
180 17 0.01639344262295082
13 346 0.041666666666666664
13 351 0.023255813953488372
551 184 0.013888888888888888
748 182 0.03571428571428571
210 114 0.009174311926605505
924 89 0.017543859649122806
206 65 0.025
268 309 0.034482758620689655
268 73 0.04
206 107 0.005917159763313609
231 176 0.04
234 5 0.008064516129032258
181 160 0.0047169811320754715
103 162 0.0196078431372549
123 900 0.041666666666666664
352 851 0.1111111111111111
234 931 0.07692307692307693
21 296 0.014285714285714285
209 845 0.038461538461538464
209 924 0.1
708 98 0.043478260869565216
191 142 0.010101010101010102
277 206 0.022727272727272728
690 20 0.015625
174 252 0.012195121951219513
206 277 0.0625
187 105 0.008695652173913044
708 99 0.043478260869565216
21 210 0.012987012987012988
543 399 0.05555555555555555
921 285 0.014705882352941176
310 107 0.005917159763313609
924 209 0.016666666666666666
234 86 0.006493506493506494
690 400 0.034482758620689655
215 460 0.022727272727272728
226 166 0.007874015748031496
662 618 0.07692307692307693
641 946 1.0
368 376 0.027777777777777776
303 244 0.037037037037037035
924 612 0.02127659574468085
237 932 0.018867924528301886
490 295 0.01818181818181818
126 2 0.012987012987012988
133 208 0.019230769230769232
352 346 0.041666666666666664
234 256 0.00847457627118644
924 252 0.012195121951219513
60 947 0.125
445 133 0.0136986301369863
181 947 0.125
304 455 0.0196078431372549
220 220 0.07142857142857142
173 531 0.021739130434782608
173 126 0.03571428571428571
536 166 0.007874015748031496
305 483 0.027777777777777776
235 930 0.07142857142857142
193 3 0.016129032258064516
123 170 0.011494252873563218
21 166 0.007874015748031496
381 948 1.0
321 947 0.125
851 180 0.014705882352941176
726 160 0.0047169811320754715
314 420 0.009174311926605505
150 215 0.013333333333333334
215 150 0.03125
453 654 0.02702702702702703
381 180 0.014705882352941176
281 949 0.05555555555555555
410 286 0.024390243902439025
286 410 0.1111111111111111
128 295 0.01818181818181818
388 283 0.008333333333333333
236 107 0.005917159763313609
137 88 0.03333333333333333
13 114 0.009174311926605505
453 283 0.008333333333333333
351 5 0.008064516129032258
13 484 0.05263157894736842
21 115 0.009900990099009901
113 419 0.013888888888888888
537 157 0.018518518518518517
537 397 0.029411764705882353
929 489 0.037037037037037035
822 464 0.023255813953488372
822 280 0.009615384615384616
822 53 0.037037037037037035
553 86 0.006493506493506494
483 167 0.02040816326530612
312 177 0.024390243902439025
900 900 0.041666666666666664
372 87 0.009174311926605505
169 375 0.018867924528301886
453 459 0.015384615384615385
550 105 0.008695652173913044
598 86 0.006493506493506494
756 268 0.034482758620689655
644 950 0.022222222222222223
492 165 0.010869565217391304
484 168 0.015873015873015872
204 167 0.02040816326530612
949 211 0.00847457627118644
498 573 0.058823529411764705
333 422 0.03225806451612903
142 263 0.02127659574468085
450 105 0.008695652173913044
326 10 0.024390243902439025
105 550 0.04
105 450 0.018867924528301886
753 170 0.011494252873563218
213 951 0.1111111111111111
951 213 0.027777777777777776
200 908 0.05
165 492 0.043478260869565216
404 937 0.14285714285714285
404 173 0.015873015873015872
69 952 0.14285714285714285
914 36 0.023255813953488372
4 6 0.010752688172043012
10 326 0.02702702702702703
283 453 0.05
106 641 0.08333333333333333
914 28 0.010416666666666666
28 914 0.05555555555555555
258 165 0.010869565217391304
258 27 0.0196078431372549
258 417 0.018867924528301886
114 375 0.018867924528301886
417 258 0.03125
99 937 0.14285714285714285
99 640 0.058823529411764705
99 768 0.07692307692307693
99 173 0.015873015873015872
926 237 0.043478260869565216
500 466 0.027777777777777776
161 452 0.034482758620689655
17 473 0.013333333333333334
375 21 0.009009009009009009
375 28 0.010416666666666666
375 114 0.009174311926605505
375 340 0.010869565217391304
375 169 0.010416666666666666
375 367 0.014084507042253521
473 17 0.01639344262295082
113 914 0.05555555555555555
424 950 0.022222222222222223
777 200 0.029411764705882353
173 86 0.006493506493506494
38 165 0.010869565217391304
38 329 0.011764705882352941
38 421 0.020833333333333332
38 474 0.01639344262295082
38 258 0.03125
108 93 0.0196078431372549
74 950 0.022222222222222223
929 933 0.06666666666666667
65 776 0.04
88 137 0.012987012987012988
88 210 0.012987012987012988
411 166 0.007874015748031496
87 243 0.021739130434782608
200 777 0.058823529411764705
210 88 0.03333333333333333
488 922 0.058823529411764705
926 243 0.021739130434782608
926 930 0.07142857142857142
930 926 0.08333333333333333
107 478 0.037037037037037035
615 714 0.043478260869565216
86 840 0.0625
453 546 0.0136986301369863
114 925 0.07142857142857142
615 422 0.03225806451612903
925 205 0.037037037037037035
929 335 0.043478260869565216
422 533 0.011764705882352941
422 546 0.0136986301369863
422 145 0.02127659574468085
754 950 0.022222222222222223
459 218 0.023255813953488372
5 154 0.02631578947368421
573 452 0.034482758620689655
299 710 0.05263157894736842
950 74 0.013157894736842105
142 129 0.007194244604316547
84 558 0.09090909090909091
84 487 0.08333333333333333
661 87 0.009174311926605505
67 533 0.011764705882352941
282 820 0.010416666666666666
953 28 0.010416666666666666
218 341 0.1111111111111111
249 154 0.02631578947368421
249 654 0.02702702702702703
249 954 0.14285714285714285
845 921 0.09090909090909091
252 333 0.010638297872340425
107 139 0.027777777777777776
139 107 0.005917159763313609
215 218 0.023255813953488372
150 179 0.02040816326530612
307 177 0.024390243902439025
307 696 0.14285714285714285
900 438 0.013157894736842105
269 107 0.005917159763313609
710 184 0.013888888888888888
260 93 0.0196078431372549
184 710 0.05263157894736842
232 397 0.029411764705882353
411 303 0.012048192771084338
593 955 0.125
572 515 0.02564102564102564
952 69 0.024390243902439025
17 219 0.05555555555555555
333 252 0.012195121951219513
389 628 0.14285714285714285
366 83 0.011627906976744186
311 424 0.011111111111111112
592 353 0.034482758620689655
152 440 0.015873015873015872
956 183 0.006993006993006993
93 260 0.05263157894736842
93 108 0.02702702702702703
354 323 0.03225806451612903
209 107 0.005917159763313609
354 97 0.047619047619047616
178 381 0.037037037037037035
333 919 0.09090909090909091
440 152 0.016666666666666666
160 501 0.07142857142857142
443 919 0.09090909090909091
501 160 0.0047169811320754715
498 205 0.037037037037037035
200 918 0.05263157894736842
488 362 0.016129032258064516
518 424 0.011111111111111112
820 544 0.03571428571428571
183 956 0.07692307692307693
489 105 0.008695652173913044
430 501 0.07142857142857142
303 405 0.012048192771084338
900 860 0.0625
551 69 0.024390243902439025
474 950 0.022222222222222223
880 56 0.02564102564102564
492 105 0.008695652173913044
155 150 0.03125
218 366 0.011627906976744186
155 181 0.022222222222222223
950 474 0.01639344262295082
139 335 0.043478260869565216
544 820 0.010416666666666666
94 955 0.125
105 492 0.043478260869565216
809 301 0.008620689655172414
301 809 0.022727272727272728
700 957 0.1
160 255 0.022222222222222223
255 424 0.011111111111111112
256 474 0.01639344262295082
100 937 0.14285714285714285
333 165 0.010869565217391304
205 908 0.05
114 35 0.018867924528301886
3 193 0.04
592 100 0.027777777777777776
377 656 0.09090909090909091
6 880 0.037037037037037035
544 105 0.008695652173913044
297 905 0.5
333 950 0.022222222222222223
212 74 0.013157894736842105
344 377 0.011363636363636364
303 950 0.022222222222222223
94 918 0.05263157894736842
58 950 0.022222222222222223
165 79 0.02857142857142857
24 114 0.009174311926605505
24 169 0.010416666666666666
69 107 0.005917159763313609
420 105 0.008695652173913044
765 86 0.006493506493506494
518 954 0.14285714285714285
166 950 0.022222222222222223
110 91 0.037037037037037035
340 934 0.25
366 950 0.022222222222222223
338 900 0.041666666666666664
338 860 0.0625
338 338 0.019230769230769232
338 914 0.05555555555555555
427 165 0.010869565217391304
615 954 0.14285714285714285
849 849 0.14285714285714285
93 165 0.010869565217391304
550 288 0.03571428571428571
17 950 0.022222222222222223
107 237 0.043478260869565216
145 950 0.022222222222222223
333 5 0.008064516129032258
481 107 0.005917159763313609
474 105 0.008695652173913044
86 765 0.05555555555555555
142 45 0.02631578947368421
355 105 0.008695652173913044
107 481 0.02564102564102564
249 765 0.05555555555555555
859 105 0.008695652173913044
419 63 0.009615384615384616
880 59 0.021739130434782608
880 921 0.09090909090909091
28 105 0.008695652173913044
158 950 0.022222222222222223
69 958 0.3333333333333333
953 816 0.05555555555555555
107 319 0.09090909090909091
226 105 0.008695652173913044
280 419 0.013888888888888888
651 950 0.022222222222222223
508 473 0.013333333333333334
508 418 0.034482758620689655
921 56 0.02564102564102564
371 419 0.013888888888888888
44 754 0.045454545454545456
285 105 0.008695652173913044
5 333 0.010638297872340425
820 955 0.125
105 355 0.024390243902439025
107 236 0.020833333333333332
533 572 0.045454545454545456
533 663 0.05263157894736842
533 499 0.02564102564102564
533 61 0.01818181818181818
533 602 0.05
533 406 0.04
533 204 0.03571428571428571
533 590 0.03571428571428571
533 350 0.05
533 483 0.027777777777777776
533 679 0.05263157894736842
533 171 0.02564102564102564
533 525 0.029411764705882353
533 320 0.025
445 77 0.05555555555555555
105 285 0.014705882352941176
105 226 0.021739130434782608
105 859 0.017241379310344827
105 420 0.009174311926605505
105 544 0.03571428571428571
375 318 0.02
105 129 0.007194244604316547
340 375 0.018867924528301886
345 262 0.045454545454545456
377 52 0.05555555555555555
377 959 1.0
377 316 0.02631578947368421
377 960 1.0
377 745 0.2
377 403 0.058823529411764705
377 961 1.0
377 486 0.022727272727272728
377 839 1.0
377 562 0.038461538461538464
377 207 0.034482758620689655
377 65 0.025
377 257 0.0625
169 35 0.018867924528301886
183 207 0.034482758620689655
183 201 0.023255813953488372
183 53 0.037037037037037035
841 368 0.022222222222222223
419 642 0.05
107 69 0.024390243902439025
419 18 0.021739130434782608
419 255 0.022222222222222223
340 105 0.008695652173913044
342 107 0.005917159763313609
63 283 0.008333333333333333
52 377 0.011363636363636364
114 24 0.038461538461538464
114 261 0.023255813953488372
283 63 0.009615384615384616
283 129 0.007194244604316547
303 105 0.008695652173913044
3 323 0.03225806451612903
21 375 0.018867924528301886
368 841 0.14285714285714285
614 614 0.25
742 614 0.25
367 375 0.018867924528301886
872 17 0.01639344262295082
495 473 0.013333333333333334
55 193 0.04
45 142 0.010101010101010102
81 419 0.013888888888888888
533 950 0.022222222222222223
323 3 0.016129032258064516
651 173 0.015873015873015872
338 121 0.006369426751592357
493 523 0.0625
756 614 0.25
448 847 0.03571428571428571
448 484 0.05263157894736842
494 121 0.006369426751592357
254 820 0.010416666666666666
129 86 0.006493506493506494
86 129 0.007194244604316547
917 40 0.020833333333333332
151 427 0.02127659574468085
145 366 0.011627906976744186
242 5 0.008064516129032258
40 917 0.05555555555555555
840 86 0.006493506493506494
418 549 0.023809523809523808
707 856 0.018867924528301886
266 533 0.011764705882352941
169 24 0.038461538461538464
506 366 0.011627906976744186
453 105 0.008695652173913044
173 651 0.08333333333333333
255 105 0.008695652173913044
473 166 0.007874015748031496
445 86 0.006493506493506494
13 255 0.022222222222222223
105 453 0.05
232 121 0.006369426751592357
169 261 0.023255813953488372
199 278 0.025
105 255 0.022222222222222223
720 525 0.029411764705882353
0 283 0.008333333333333333
422 820 0.010416666666666666
280 86 0.006493506493506494
128 445 0.041666666666666664
469 477 0.09090909090909091
563 822 0.06666666666666667
445 128 0.007575757575757576
949 281 0.022222222222222223
949 552 0.027777777777777776
913 183 0.006993006993006993
445 531 0.021739130434782608
96 13 0.01639344262295082
283 0 0.03125
105 169 0.010416666666666666
329 83 0.011627906976744186
838 124 0.030303030303030304
163 154 0.02631578947368421
163 422 0.03225806451612903
163 86 0.006493506493506494
163 615 0.025
163 533 0.011764705882352941
163 145 0.02127659574468085
163 373 0.043478260869565216
163 643 0.07692307692307693
163 654 0.02702702702702703
5 242 0.03571428571428571
293 525 0.029411764705882353
368 150 0.03125
145 163 0.02702702702702703
138 412 0.016666666666666666
765 525 0.029411764705882353
355 333 0.010638297872340425
577 333 0.010638297872340425
279 333 0.010638297872340425
169 333 0.010638297872340425
74 105 0.008695652173913044
355 513 0.024390243902439025
925 113 0.013513513513513514
516 333 0.010638297872340425
367 24 0.038461538461538464
367 80 0.01639344262295082
367 318 0.02
183 913 0.058823529411764705
419 333 0.010638297872340425
471 333 0.010638297872340425
35 114 0.009174311926605505
333 419 0.013888888888888888
333 895 0.5
13 96 0.010309278350515464
641 333 0.010638297872340425
131 283 0.008333333333333333
333 641 0.08333333333333333
333 471 0.125
333 516 0.08333333333333333
333 517 0.07692307692307693
333 279 0.1111111111111111
333 577 0.2
170 495 0.02040816326530612
333 355 0.024390243902439025
145 283 0.008333333333333333
958 69 0.024390243902439025
18 419 0.013888888888888888
642 419 0.013888888888888888
473 150 0.03125
249 161 0.02857142857142857
38 31 0.02564102564102564
38 29 0.020833333333333332
38 33 0.041666666666666664
38 590 0.03571428571428571
38 37 0.045454545454545456
38 39 0.030303030303030304
627 333 0.010638297872340425
373 134 0.047619047619047616
305 131 0.021739130434782608
64 926 0.08333333333333333
133 333 0.010638297872340425
710 508 0.038461538461538464
255 419 0.013888888888888888
411 63 0.009615384615384616
283 131 0.021739130434782608
822 86 0.006493506493506494
333 627 0.1
105 199 0.02631578947368421
573 498 0.01639344262295082
481 949 0.05555555555555555
281 333 0.010638297872340425
962 958 0.3333333333333333
931 238 0.027777777777777776
77 105 0.008695652173913044
490 419 0.013888888888888888
169 548 0.05
237 253 0.043478260869565216
333 281 0.022222222222222223
404 424 0.011111111111111112
9 674 0.1111111111111111
4 812 0.022727272727272728
300 101 0.04
546 546 0.0136986301369863
424 404 0.01639344262295082
896 116 0.014705882352941176
90 477 0.09090909090909091
19 360 0.03571428571428571
558 529 0.03125
371 768 0.07692307692307693
54 949 0.05555555555555555
949 305 0.019230769230769232
325 962 0.5
933 139 0.027777777777777776
933 429 0.03333333333333333
933 46 0.014705882352941176
165 494 0.0125
950 158 0.023255813953488372
120 333 0.010638297872340425
230 333 0.010638297872340425
495 748 0.047619047619047616
776 918 0.05263157894736842
253 237 0.043478260869565216
533 186 0.05
305 949 0.05555555555555555
652 333 0.010638297872340425
2 333 0.010638297872340425
193 55 0.02857142857142857
333 230 0.058823529411764705
93 40 0.020833333333333332
73 950 0.022222222222222223
199 917 0.05555555555555555
199 918 0.05263157894736842
174 305 0.019230769230769232
428 592 0.034482758620689655
700 956 0.07692307692307693
70 431 0.043478260869565216
956 933 0.06666666666666667
291 129 0.007194244604316547
459 295 0.01818181818181818
494 165 0.010869565217391304
963 159 0.029411764705882353
107 932 0.018867924528301886
238 237 0.043478260869565216
387 182 0.03571428571428571
581 200 0.029411764705882353
188 21 0.009009009009009009
200 581 0.037037037037037035
913 950 0.022222222222222223
173 404 0.01639344262295082
209 963 0.029411764705882353
736 333 0.010638297872340425
333 736 0.16666666666666666
963 926 0.08333333333333333
963 209 0.016666666666666666
747 162 0.0196078431372549
747 166 0.007874015748031496
747 301 0.008620689655172414
747 494 0.0125
747 366 0.011627906976744186
747 612 0.02127659574468085
747 105 0.008695652173913044
747 615 0.025
747 160 0.0047169811320754715
747 142 0.010101010101010102
747 249 0.008928571428571428
237 927 0.1111111111111111
68 282 0.009433962264150943
282 68 0.02564102564102564
69 715 0.2
23 953 0.1111111111111111
23 964 0.2
926 963 0.029411764705882353
243 63 0.009615384615384616
180 601 0.02702702702702703
395 368 0.022222222222222223
951 525 0.029411764705882353
249 747 0.045454545454545456
437 482 0.02857142857142857
932 283 0.008333333333333333
236 963 0.029411764705882353
285 209 0.016666666666666666
377 278 0.025
417 367 0.014084507042253521
832 57 0.018518518518518517
40 318 0.02
118 409 0.03333333333333333
387 381 0.037037037037037035
387 118 0.041666666666666664
387 667 0.03571428571428571
387 384 0.0625
387 283 0.008333333333333333
387 42 0.02
387 366 0.011627906976744186
387 849 0.14285714285714285
387 41 0.015151515151515152
387 115 0.009900990099009901
387 150 0.03125
108 155 0.018867924528301886
811 497 0.0625
811 77 0.05555555555555555
447 334 0.05555555555555555
437 338 0.019230769230769232
592 933 0.06666666666666667
284 642 0.05
118 387 0.043478260869565216
284 255 0.022222222222222223
167 426 0.021739130434782608
546 812 0.022727272727272728
44 366 0.011627906976744186
309 615 0.025
546 208 0.019230769230769232
243 963 0.029411764705882353
243 615 0.025
169 753 0.058823529411764705
568 457 0.04
55 3 0.016129032258064516
521 615 0.025
936 822 0.06666666666666667
936 935 0.25
936 593 0.02564102564102564
936 776 0.04
936 350 0.05
936 907 0.08333333333333333
936 955 0.125
936 706 0.1
936 965 1.0
936 130 0.027777777777777776
936 168 0.015873015873015872
936 167 0.02040816326530612
936 232 0.012987012987012988
936 484 0.05263157894736842
936 204 0.03571428571428571
936 14 0.01818181818181818
936 284 0.02857142857142857
936 206 0.022727272727272728
936 231 0.02040816326530612
936 129 0.007194244604316547
21 896 0.047619047619047616
939 350 0.05
146 85 0.02857142857142857
963 243 0.021739130434782608
124 892 0.07142857142857142
124 300 0.025
124 173 0.015873015873015872
124 896 0.047619047619047616
833 365 0.011111111111111112
173 950 0.022222222222222223
931 963 0.029411764705882353
963 931 0.07692307692307693
433 431 0.043478260869565216
13 445 0.041666666666666664
445 13 0.01639344262295082
404 15 0.022222222222222223
15 404 0.01639344262295082
165 753 0.058823529411764705
155 108 0.02702702702702703
900 914 0.05555555555555555
282 856 0.018867924528301886
129 221 0.018518518518518517
333 153 0.043478260869565216
333 253 0.043478260869565216
776 936 0.14285714285714285
930 236 0.020833333333333332
930 243 0.021739130434782608
820 445 0.041666666666666664
406 406 0.04
963 142 0.010101010101010102
142 963 0.029411764705882353
168 533 0.011764705882352941
197 601 0.02702702702702703
949 6 0.010752688172043012
498 710 0.05263157894736842
378 283 0.008333333333333333
955 128 0.007575757575757576
926 159 0.029411764705882353
926 234 0.029411764705882353
926 158 0.023255813953488372
926 242 0.03571428571428571
87 253 0.043478260869565216
710 498 0.01639344262295082
5 511 0.047619047619047616
5 420 0.009174311926605505
295 106 0.0078125
116 455 0.0196078431372549
141 672 0.07692307692307693
153 333 0.010638297872340425
153 249 0.008928571428571428
153 50 0.06666666666666667
153 856 0.018867924528301886
153 23 0.014705882352941176
153 393 0.015151515151515152
153 404 0.01639344262295082
153 493 0.0136986301369863
153 83 0.011627906976744186
153 58 0.009708737864077669
153 427 0.02127659574468085
153 474 0.01639344262295082
153 180 0.014705882352941176
153 49 0.07692307692307693
153 424 0.011111111111111112
153 115 0.009900990099009901
153 173 0.015873015873015872
153 820 0.010416666666666666
153 859 0.017241379310344827
123 165 0.010869565217391304
438 900 0.041666666666666664
525 951 0.1111111111111111
615 521 0.07692307692307693
615 309 0.034482758620689655
615 963 0.029411764705882353
856 950 0.022222222222222223
21 211 0.00847457627118644
422 393 0.015151515151515152
393 950 0.022222222222222223
420 5 0.008064516129032258
211 21 0.009009009009009009
947 60 0.02564102564102564
142 105 0.008695652173913044
511 5 0.008064516129032258
106 295 0.01818181818181818
678 48 0.021739130434782608
409 945 0.25
48 678 0.1111111111111111
142 145 0.02127659574468085
266 950 0.022222222222222223
296 103 0.023255813953488372
282 356 0.02127659574468085
282 268 0.034482758620689655
963 58 0.009708737864077669
589 105 0.008695652173913044
86 747 0.045454545454545456
265 957 0.1
206 86 0.006493506493506494
83 615 0.025
957 951 0.1111111111111111
957 700 0.037037037037037035
445 79 0.02857142857142857
951 957 0.1
105 589 0.0625
31 254 0.034482758620689655
951 951 0.1111111111111111
211 13 0.01639344262295082
21 966 0.5
945 327 0.034482758620689655
963 158 0.023255813953488372
199 908 0.05
963 236 0.020833333333333332
212 162 0.0196078431372549
212 166 0.007874015748031496
212 494 0.0125
212 431 0.043478260869565216
212 422 0.03225806451612903
212 86 0.006493506493506494
212 434 0.006622516556291391
212 142 0.010101010101010102
511 342 0.022727272727272728
86 212 0.009900990099009901
422 212 0.009900990099009901
86 163 0.02702702702702703
86 87 0.009174311926605505
86 145 0.02127659574468085
86 153 0.043478260869565216
86 546 0.0136986301369863
255 83 0.011627906976744186
44 956 0.07692307692307693
44 951 0.1111111111111111
44 359 0.05
44 213 0.027777777777777776
44 246 0.08333333333333333
44 765 0.05555555555555555
44 967 0.2
44 525 0.029411764705882353
44 672 0.07692307692307693
44 649 0.1111111111111111
44 913 0.058823529411764705
153 86 0.006493506493506494
86 572 0.045454545454545456
164 137 0.012987012987012988
145 86 0.006493506493506494
20 282 0.009433962264150943
710 710 0.05263157894736842
137 164 0.02564102564102564
445 820 0.010416666666666666
166 212 0.009900990099009901
950 913 0.058823529411764705
950 58 0.009708737864077669
506 107 0.005917159763313609
950 856 0.018867924528301886
154 493 0.0136986301369863
856 913 0.058823529411764705
952 952 0.14285714285714285
153 166 0.007874015748031496
153 494 0.0125
153 82 0.008264462809917356
55 86 0.006493506493506494
83 255 0.022222222222222223
694 255 0.022222222222222223
596 301 0.008620689655172414
362 5 0.008064516129032258
102 5 0.008064516129032258
481 5 0.008064516129032258
260 173 0.015873015873015872
301 596 0.3333333333333333
612 152 0.016666666666666666
301 747 0.045454545454545456
533 67 0.125
963 237 0.043478260869565216
86 598 0.125
86 521 0.07692307692307693
86 42 0.02
933 269 0.014492753623188406
290 166 0.007874015748031496
166 290 0.014925373134328358
131 949 0.05555555555555555
118 651 0.08333333333333333
184 311 0.03225806451612903
222 315 0.125
612 272 0.024390243902439025
87 208 0.019230769230769232
132 87 0.009174311926605505
131 612 0.02127659574468085
173 612 0.02127659574468085
12 420 0.009174311926605505
87 132 0.019230769230769232
237 963 0.029411764705882353
356 282 0.009433962264150943
37 338 0.019230769230769232
856 612 0.02127659574468085
193 57 0.018518518518518517
132 301 0.008620689655172414
283 255 0.022222222222222223
87 954 0.14285714285714285
443 33 0.041666666666666664
443 427 0.02127659574468085
311 184 0.013888888888888888
107 856 0.018867924528301886
207 183 0.006993006993006993
913 856 0.018867924528301886
4 131 0.021739130434782608
859 89 0.017543859649122806
366 311 0.03225806451612903
42 42 0.02
51 917 0.05555555555555555
162 747 0.045454545454545456
419 113 0.013513513513513514
856 212 0.009900990099009901
28 953 0.1111111111111111
107 859 0.017241379310344827
367 113 0.013513513513513514
367 417 0.018867924528301886
859 107 0.005917159763313609
493 283 0.008333333333333333
596 218 0.023255813953488372
58 155 0.018867924528301886
58 601 0.02702702702702703
137 298 0.1111111111111111
509 189 0.01639344262295082
473 256 0.00847457627118644
525 765 0.05555555555555555
525 967 0.2
525 913 0.058823529411764705
86 206 0.022727272727272728
957 19 0.016129032258064516
494 212 0.009900990099009901
856 58 0.009708737864077669
42 58 0.009708737864077669
133 581 0.037037037037037035
923 825 0.25
42 612 0.02127659574468085
409 776 0.04
176 231 0.02040816326530612
176 413 0.041666666666666664
176 200 0.029411764705882353
176 204 0.03571428571428571
176 275 0.04
176 93 0.0196078431372549
473 44 0.010869565217391304
473 28 0.010416666666666666
390 381 0.037037037037037035
390 376 0.027777777777777776
390 157 0.018518518518518517
390 61 0.01818181818181818
390 392 0.05263157894736842
390 393 0.015151515151515152
390 397 0.029411764705882353
390 320 0.025
390 378 0.041666666666666664
390 384 0.0625
390 283 0.008333333333333333
390 387 0.043478260869565216
390 388 0.043478260869565216
390 250 0.03333333333333333
390 396 0.07142857142857142
390 368 0.022222222222222223
390 104 0.03125
390 321 0.02702702702702703
390 60 0.02564102564102564
390 150 0.03125
301 132 0.019230769230769232
366 234 0.029411764705882353
283 493 0.0136986301369863
880 6 0.010752688172043012
184 968 0.3333333333333333
880 281 0.022222222222222223
494 27 0.0196078431372549
723 825 0.25
311 225 0.04
320 333 0.010638297872340425
333 320 0.025
128 121 0.006369426751592357
27 494 0.0125
473 106 0.0078125
405 142 0.010101010101010102
243 950 0.022222222222222223
10 121 0.006369426751592357
914 116 0.014705882352941176
284 472 0.14285714285714285
470 914 0.05555555555555555
255 284 0.02857142857142857
730 468 0.047619047619047616
859 131 0.021739130434782608
86 55 0.02857142857142857
13 390 0.034482758620689655
107 70 0.0625
232 292 0.029411764705882353
232 457 0.04
210 963 0.029411764705882353
933 15 0.022222222222222223
281 880 0.037037037037037035
86 79 0.02857142857142857
184 969 0.5
963 86 0.006493506493506494
65 206 0.022727272727272728
581 21 0.009009009009009009
86 210 0.012987012987012988
86 963 0.029411764705882353
809 949 0.05555555555555555
949 809 0.022727272727272728
499 499 0.02564102564102564
21 581 0.037037037037037035
58 921 0.09090909090909091
318 615 0.025
615 318 0.02
242 303 0.012048192771084338
291 232 0.012987012987012988
33 443 0.023809523809523808
232 291 0.045454545454545456
820 970 0.5
970 820 0.010416666666666666
420 464 0.023255813953488372
74 152 0.016666666666666666
152 74 0.013157894736842105
823 856 0.018867924528301886
298 137 0.012987012987012988
856 823 0.05
142 160 0.0047169811320754715
499 649 0.1111111111111111
6 949 0.05555555555555555
282 411 0.013513513513513514
459 223 0.024390243902439025
282 218 0.023255813953488372
563 373 0.043478260869565216
249 615 0.025
470 655 0.038461538461538464
859 281 0.022222222222222223
859 243 0.021739130434782608
859 921 0.09090909090909091
303 242 0.03571428571428571
243 859 0.017241379310344827
281 859 0.017241379310344827
395 376 0.027777777777777776
12 362 0.016129032258064516
405 105 0.008695652173913044
366 856 0.018867924528301886
107 954 0.14285714285714285
425 256 0.00847457627118644
473 113 0.013513513513513514
473 495 0.02040816326530612
473 371 0.013157894736842105
473 114 0.009174311926605505
473 14 0.01818181818181818
494 372 0.045454545454545456
105 405 0.012048192771084338
252 812 0.022727272727272728
113 473 0.013333333333333334
373 812 0.022727272727272728
55 950 0.022222222222222223
240 159 0.029411764705882353
152 612 0.02127659574468085
393 107 0.005917159763313609
949 511 0.047619047619047616
971 4 0.013513513513513514
971 804 0.08333333333333333
971 457 0.04
971 361 0.02127659574468085
971 188 0.038461538461538464
509 952 0.14285714285714285
971 470 0.047619047619047616
971 406 0.04
971 514 0.09090909090909091
963 930 0.07142857142857142
963 235 0.05555555555555555
963 244 0.037037037037037035
971 232 0.012987012987012988
971 284 0.02857142857142857
971 488 0.14285714285714285
971 391 0.05263157894736842
971 336 0.03125
971 582 0.07692307692307693
971 179 0.02040816326530612
971 321 0.02702702702702703
971 466 0.027777777777777776
845 252 0.012195121951219513
952 509 0.02127659574468085
114 473 0.013333333333333334
187 155 0.018867924528301886
922 129 0.007194244604316547
452 649 0.1111111111111111
957 707 0.029411764705882353
427 443 0.023809523809523808
954 87 0.009174311926605505
218 696 0.14285714285714285
86 531 0.021739130434782608
13 350 0.05
963 238 0.027777777777777776
963 241 0.05
33 615 0.025
733 923 0.2
238 963 0.029411764705882353
420 314 0.03125
951 359 0.05
951 913 0.058823529411764705
515 290 0.014925373134328358
511 949 0.05555555555555555
655 261 0.023255813953488372
655 470 0.047619047619047616
213 957 0.1
812 373 0.043478260869565216
509 972 0.5
371 105 0.008695652173913044
481 950 0.022222222222222223
971 412 0.016666666666666666
261 494 0.0125
442 48 0.021739130434782608
151 86 0.006493506493506494
412 971 0.1
971 823 0.05
971 216 0.038461538461538464
971 332 0.05555555555555555
971 700 0.037037037037037035
971 467 0.05
448 933 0.06666666666666667
649 246 0.08333333333333333
957 265 0.03225806451612903
125 166 0.007874015748031496
105 371 0.013157894736842105
615 412 0.016666666666666666
246 649 0.1111111111111111
240 234 0.029411764705882353
932 932 0.018867924528301886
183 399 0.05555555555555555
255 283 0.008333333333333333
971 554 0.09090909090909091
971 235 0.05555555555555555
971 893 0.5
971 324 0.07142857142857142
160 162 0.0196078431372549
971 504 0.027777777777777776
947 321 0.02702702702702703
64 918 0.05263157894736842
971 304 0.03571428571428571
971 114 0.009174311926605505
971 777 0.058823529411764705
971 400 0.034482758620689655
971 416 0.3333333333333333
812 59 0.021739130434782608
44 105 0.008695652173913044
105 44 0.010869565217391304
40 93 0.0196078431372549
971 417 0.018867924528301886
971 973 1.0
971 325 0.038461538461538464
971 360 0.03571428571428571
971 29 0.020833333333333332
971 627 0.1
971 566 0.0625
971 480 0.029411764705882353
971 113 0.013513513513513514
971 47 0.02127659574468085
918 974 0.14285714285714285
859 193 0.04
859 826 0.045454545454545456
63 826 0.045454545454545456
63 803 0.0625
162 389 0.029411764705882353
971 196 0.043478260869565216
971 184 0.013888888888888888
971 710 0.05263157894736842
971 403 0.058823529411764705
971 10 0.024390243902439025
971 778 0.2
167 572 0.045454545454545456
971 699 0.045454545454545456
362 12 0.021739130434782608
971 108 0.02702702702702703
971 754 0.045454545454545456
283 253 0.043478260869565216
283 560 0.03571428571428571
971 570 0.0625
971 672 0.07692307692307693
971 133 0.0136986301369863
971 569 0.034482758620689655
155 187 0.02564102564102564
859 546 0.0136986301369863
367 107 0.005917159763313609
390 308 0.02857142857142857
971 277 0.0625
971 444 0.04
971 809 0.022727272727272728
83 812 0.022727272727272728
170 188 0.038461538461538464
193 6 0.010752688172043012
572 167 0.02040816326530612
913 956 0.07692307692307693
913 967 0.2
412 845 0.038461538461538464
412 281 0.022222222222222223
283 234 0.029411764705882353
129 922 0.058823529411764705
971 608 0.043478260869565216
971 423 0.03125
914 165 0.010869565217391304
325 945 0.25
971 9 0.037037037037037035
971 812 0.022727272727272728
971 799 0.2
971 975 1.0
971 190 0.034482758620689655
971 506 0.0196078431372549
971 401 0.03125
896 287 0.058823529411764705
971 540 0.125
971 805 0.25
971 343 0.05
971 26 0.03333333333333333
971 20 0.015625
971 729 0.125
971 505 0.07692307692307693
971 93 0.0196078431372549
971 679 0.05263157894736842
971 174 0.015384615384615385
131 950 0.022222222222222223
290 87 0.009174311926605505
971 747 0.045454545454545456
971 8 0.029411764705882353
971 430 0.024390243902439025
971 448 0.030303030303030304
971 740 0.3333333333333333
971 723 0.09090909090909091
971 251 0.03225806451612903
971 452 0.034482758620689655
971 307 0.08333333333333333
971 844 0.5
971 695 0.09090909090909091
87 21 0.009009009009009009
87 419 0.013888888888888888
484 448 0.030303030303030304
22 301 0.008620689655172414
685 698 0.041666666666666664
685 285 0.014705882352941176
685 412 0.016666666666666666
263 274 0.043478260869565216
263 121 0.006369426751592357
957 213 0.027777777777777776
6 193 0.04
820 974 0.14285714285714285
937 125 0.05
133 337 0.02702702702702703
133 25 0.03125
133 361 0.02127659574468085
133 27 0.0196078431372549
133 417 0.018867924528301886
133 443 0.023809523809523808
133 116 0.014705882352941176
133 261 0.023255813953488372
133 482 0.02857142857142857
133 336 0.03125
133 136 0.037037037037037035
133 39 0.030303030303030304
133 171 0.02564102564102564
133 135 0.02857142857142857
133 545 0.05263157894736842
900 128 0.007575757575757576
128 900 0.041666666666666664
459 17 0.01639344262295082
333 976 0.1
366 131 0.021739130434782608
186 31 0.02564102564102564
274 139 0.027777777777777776
270 183 0.006993006993006993
820 749 0.2
118 21 0.009009009009009009
301 22 0.07692307692307693
115 422 0.03225806451612903
375 211 0.00847457627118644
777 134 0.047619047619047616
7 324 0.07142857142857142
131 252 0.012195121951219513
131 859 0.017241379310344827
366 230 0.058823529411764705
272 334 0.05555555555555555
951 360 0.03571428571428571
366 596 0.3333333333333333
44 526 0.02
211 375 0.018867924528301886
954 518 0.015151515151515152
914 115 0.009900990099009901
210 105 0.008695652173913044
21 118 0.041666666666666664
230 283 0.008333333333333333
230 366 0.011627906976744186
142 222 0.017857142857142856
492 107 0.005917159763313609
281 183 0.006993006993006993
459 329 0.011764705882352941
243 87 0.009174311926605505
57 126 0.03571428571428571
177 546 0.0136986301369863
375 301 0.008620689655172414
596 366 0.011627906976744186
249 3 0.016129032258064516
930 963 0.029411764705882353
497 581 0.037037037037037035
526 44 0.010869565217391304
508 480 0.029411764705882353
105 346 0.041666666666666664
301 169 0.010416666666666666
579 273 0.041666666666666664
346 105 0.008695652173913044
209 977 0.3333333333333333
183 281 0.022222222222222223
158 963 0.029411764705882353
509 671 0.04
47 318 0.02
367 75 0.07142857142857142
252 5 0.008064516129032258
252 518 0.015151515151515152
166 536 0.09090909090909091
455 165 0.010869565217391304
455 119 0.07692307692307693
455 114 0.009174311926605505
494 152 0.016666666666666666
455 816 0.05555555555555555
455 136 0.037037037037037035
292 232 0.012987012987012988
455 35 0.018867924528301886
252 826 0.045454545454545456
509 160 0.0047169811320754715
963 546 0.0136986301369863
19 452 0.034482758620689655
546 963 0.029411764705882353
131 422 0.03225806451612903
253 418 0.034482758620689655
253 184 0.013888888888888888
422 131 0.021739130434782608
3 971 0.1
422 950 0.022222222222222223
118 132 0.019230769230769232
305 880 0.037037037037037035
231 201 0.023255813953488372
11 661 0.02564102564102564
812 83 0.011627906976744186
914 470 0.047619047619047616
11 358 0.025
131 55 0.02857142857142857
11 506 0.0196078431372549
812 282 0.009433962264150943
11 496 0.05
496 11 0.016129032258064516
847 547 0.034482758620689655
880 305 0.019230769230769232
282 812 0.022727272727272728
115 978 0.3333333333333333
121 859 0.017241379310344827
86 105 0.008695652173913044
86 533 0.011764705882352941
105 86 0.006493506493506494
405 548 0.05
547 847 0.03571428571428571
295 313 0.058823529411764705
171 23 0.014705882352941176
23 171 0.02564102564102564
859 121 0.006369426751592357
513 490 0.029411764705882353
11 804 0.08333333333333333
318 725 0.08333333333333333
932 107 0.005917159763313609
547 133 0.0136986301369863
133 547 0.034482758620689655
86 251 0.03225806451612903
177 479 0.2
655 28 0.010416666666666666
484 86 0.006493506493506494
484 64 0.007352941176470588
204 581 0.037037037037037035
509 13 0.01639344262295082
222 256 0.00847457627118644
222 20 0.015625
126 57 0.018518518518518517
509 710 0.05263157894736842
379 384 0.0625
435 519 0.14285714285714285
237 926 0.08333333333333333
820 42 0.02
86 484 0.05263157894736842
222 21 0.009009009009009009
19 957 0.1
371 170 0.011494252873563218
371 169 0.010416666666666666
494 509 0.02127659574468085
498 777 0.058823529411764705
246 44 0.010869565217391304
13 509 0.02127659574468085
409 47 0.02127659574468085
409 357 0.023809523809523808
409 23 0.014705882352941176
75 339 0.025
919 847 0.03571428571428571
246 499 0.02564102564102564
292 486 0.022727272727272728
919 455 0.0196078431372549
896 710 0.05263157894736842
776 593 0.02564102564102564
932 338 0.019230769230769232
963 612 0.02127659574468085
301 93 0.0196078431372549
86 822 0.06666666666666667
170 371 0.013157894736842105
253 212 0.009900990099009901
68 107 0.005917159763313609
474 212 0.009900990099009901
131 305 0.019230769230769232
612 212 0.009900990099009901
608 232 0.012987012987012988
608 804 0.08333333333333333
608 498 0.01639344262295082
154 474 0.01639344262295082
215 121 0.006369426751592357
4 971 0.1
114 87 0.009174311926605505
953 301 0.008620689655172414
140 301 0.008620689655172414
121 215 0.013333333333333334
29 964 0.2
93 301 0.008620689655172414
242 599 0.3333333333333333
947 181 0.022222222222222223
234 963 0.029411764705882353
215 114 0.009174311926605505
215 81 0.010869565217391304
974 87 0.009174311926605505
87 974 0.14285714285714285
971 2 0.012987012987012988
430 65 0.025
211 45 0.02631578947368421
21 365 0.011111111111111112
963 242 0.03571428571428571
223 468 0.047619047619047616
162 468 0.047619047619047616
2 971 0.1
458 604 0.125
139 76 0.045454545454545456
320 380 0.030303030303030304
320 947 0.125
320 396 0.07142857142857142
922 340 0.010869565217391304
188 170 0.011494252873563218
287 162 0.0196078431372549
212 453 0.05
212 17 0.01639344262295082
321 177 0.024390243902439025
333 932 0.018867924528301886
710 896 0.047619047619047616
710 509 0.02127659574468085
42 280 0.009615384615384616
42 19 0.016129032258064516
212 253 0.043478260869565216
222 107 0.005917159763313609
160 205 0.037037037037037035
249 252 0.012195121951219513
249 286 0.024390243902439025
249 859 0.017241379310344827
979 979 1.0
494 690 0.07142857142857142
218 297 0.05263157894736842
218 872 0.07692307692307693
218 219 0.05555555555555555
963 210 0.012987012987012988
963 927 0.1111111111111111
963 240 0.05
963 234 0.029411764705882353
339 818 0.1
177 321 0.02702702702702703
26 26 0.03333333333333333
756 533 0.011764705882352941
333 105 0.008695652173913044
280 42 0.02
244 963 0.029411764705882353
107 963 0.029411764705882353
495 360 0.03571428571428571
107 690 0.07142857142857142
494 417 0.018867924528301886
23 950 0.022222222222222223
417 494 0.0125
281 932 0.018867924528301886
211 153 0.043478260869565216
80 395 0.027777777777777776
506 11 0.016129032258064516
86 932 0.018867924528301886
13 371 0.013157894736842105
19 42 0.02
84 323 0.03225806451612903
546 856 0.018867924528301886
105 333 0.010638297872340425
957 12 0.021739130434782608
329 190 0.034482758620689655
976 114 0.009174311926605505
529 213 0.027777777777777776
979 1 0.0196078431372549
979 106 0.0078125
979 170 0.011494252873563218
979 316 0.02631578947368421
225 460 0.022727272727272728
65 92 0.02631578947368421
822 936 0.14285714285714285
92 65 0.025
509 540 0.125
822 822 0.06666666666666667
599 209 0.016666666666666666
599 931 0.07692307692307693
195 252 0.012195121951219513
195 859 0.017241379310344827
540 509 0.02127659574468085
540 952 0.14285714285714285
518 21 0.009009009009009009
22 155 0.018867924528301886
155 22 0.07692307692307693
976 333 0.010638297872340425
976 361 0.02127659574468085
976 113 0.013513513513513514
976 417 0.018867924528301886
976 443 0.023809523809523808
976 263 0.02127659574468085
976 444 0.04
976 318 0.02
976 442 0.045454545454545456
976 919 0.09090909090909091
976 547 0.034482758620689655
976 423 0.03125
976 245 0.02127659574468085
976 47 0.02127659574468085
976 76 0.045454545454545456
976 48 0.021739130434782608
976 485 0.037037037037037035
976 171 0.02564102564102564
933 929 0.09090909090909091
933 592 0.034482758620689655
933 446 0.045454545454545456
933 447 0.03571428571428571
933 334 0.05555555555555555
223 218 0.023255813953488372
114 919 0.09090909090909091
114 976 0.1
83 642 0.05
154 17 0.01639344262295082
409 140 0.030303030303030304
409 39 0.030303030303030304
252 195 0.034482758620689655
371 13 0.01639344262295082
358 11 0.016129032258064516
427 950 0.022222222222222223
113 976 0.1
572 939 0.5
48 27 0.0196078431372549
54 174 0.015384615384615385
33 27 0.0196078431372549
174 54 0.023809523809523808
301 35 0.018867924528301886
76 139 0.027777777777777776
222 301 0.008620689655172414
856 83 0.011627906976744186
810 222 0.017857142857142856
939 572 0.045454545454545456
932 281 0.022222222222222223
11 956 0.07692307692307693
358 699 0.045454545454545456
358 501 0.07142857142857142
932 98 0.043478260869565216
914 900 0.041666666666666664
282 588 0.045454545454545456
86 236 0.020833333333333332
546 82 0.008264462809917356
395 80 0.01639344262295082
498 956 0.07692307692307693
498 967 0.2
723 723 0.09090909090909091
446 301 0.008620689655172414
952 540 0.125
15 933 0.06666666666666667
290 211 0.00847457627118644
921 930 0.07142857142857142
818 339 0.025
166 252 0.012195121951219513
93 464 0.023255813953488372
129 562 0.038461538461538464
562 129 0.007194244604316547
464 93 0.0196078431372549
563 706 0.1
131 2 0.012987012987012988
485 442 0.045454545454545456
367 155 0.018867924528301886
299 546 0.0136986301369863
98 932 0.018867924528301886
147 155 0.018867924528301886
931 5 0.008064516129032258
211 290 0.014925373134328358
155 147 0.02702702702702703
84 393 0.015151515151515152
218 288 0.03571428571428571
573 141 0.014705882352941176
113 925 0.07142857142857142
107 78 0.043478260869565216
218 86 0.006493506493506494
187 16 0.014705882352941176
96 242 0.03571428571428571
128 209 0.016666666666666666
8 160 0.0047169811320754715
131 208 0.019230769230769232
710 952 0.14285714285714285
933 335 0.043478260869565216
132 599 0.3333333333333333
952 710 0.05263157894736842
306 366 0.011627906976744186
930 921 0.09090909090909091
33 33 0.041666666666666664
83 513 0.024390243902439025
342 17 0.01639344262295082
342 340 0.010869565217391304
342 173 0.015873015873015872
342 493 0.0136986301369863
342 41 0.015151515151515152
83 162 0.0196078431372549
170 23 0.014705882352941176
932 86 0.006493506493506494
5 931 0.07692307692307693
5 252 0.012195121951219513
5 859 0.017241379310344827
285 949 0.05555555555555555
5 261 0.023255813953488372
52 719 0.08333333333333333
263 925 0.07142857142857142
263 919 0.09090909090909091
263 976 0.1
488 487 0.08333333333333333
300 460 0.022727272727272728
597 107 0.005917159763313609
956 11 0.016129032258064516
518 155 0.018867924528301886
922 922 0.058823529411764705
39 114 0.009174311926605505
114 39 0.030303030303030304
949 285 0.014705882352941176
311 106 0.0078125
106 311 0.03225806451612903
980 980 0.16666666666666666
342 621 0.07692307692307693
342 381 0.037037037037037035
342 149 0.041666666666666664
342 262 0.045454545454545456
342 343 0.05
342 346 0.041666666666666664
342 156 0.05
342 348 0.25
342 349 0.05555555555555555
342 907 0.08333333333333333
342 278 0.025
342 178 0.034482758620689655
342 257 0.0625
422 333 0.010638297872340425
246 421 0.020833333333333332
342 129 0.007194244604316547
342 393 0.015151515151515152
836 836 0.2
152 49 0.07692307692307693
177 218 0.023255813953488372
393 947 0.125
162 212 0.009900990099009901
930 301 0.008620689655172414
7 913 0.058823529411764705
974 128 0.007575757575757576
856 525 0.029411764705882353
856 765 0.05555555555555555
494 268 0.034482758620689655
480 667 0.03571428571428571
667 480 0.029411764705882353
980 5 0.008064516129032258
510 504 0.027777777777777776
222 690 0.07142857142857142
922 699 0.045454545454545456
922 908 0.05
922 847 0.03571428571428571
922 956 0.07692307692307693
922 205 0.037037037037037035
922 913 0.058823529411764705
922 822 0.06666666666666667
260 950 0.022222222222222223
107 597 0.07142857142857142
168 544 0.03571428571428571
160 222 0.017857142857142856
342 147 0.02702702702702703
977 977 0.3333333333333333
404 643 0.07692307692307693
5 980 0.16666666666666666
976 981 0.09090909090909091
272 710 0.05263157894736842
847 922 0.058823529411764705
719 52 0.05555555555555555
495 641 0.08333333333333333
389 326 0.02702702702702703
184 19 0.016129032258064516
29 459 0.015384615384615385
19 184 0.013888888888888888
860 978 0.3333333333333333
521 86 0.006493506493506494
976 847 0.03571428571428571
976 925 0.07142857142857142
372 494 0.0125
430 86 0.006493506493506494
268 494 0.0125
541 511 0.047619047619047616
976 976 0.1
541 155 0.018867924528301886
242 977 0.3333333333333333
299 509 0.02127659574468085
581 473 0.013333333333333334
155 541 0.07142857142857142
64 950 0.022222222222222223
201 183 0.006993006993006993
169 531 0.021739130434782608
243 252 0.012195121951219513
480 142 0.010101010101010102
211 949 0.05555555555555555
335 929 0.09090909090909091
132 949 0.05555555555555555
12 213 0.027777777777777776
281 59 0.021739130434782608
649 421 0.020833333333333332
908 593 0.02564102564102564
908 776 0.04
105 152 0.016666666666666666
621 130 0.027777777777777776
526 912 0.5
531 169 0.010416666666666666
318 5 0.008064516129032258
422 518 0.015151515151515152
124 142 0.010101010101010102
292 950 0.022222222222222223
142 124 0.030303030303030304
411 215 0.013333333333333334
982 137 0.012987012987012988
215 411 0.013513513513513514
85 146 0.07142857142857142
176 181 0.022222222222222223
114 36 0.023255813953488372
932 113 0.013513513513513514
932 333 0.010638297872340425
11 700 0.037037037037037035
11 699 0.045454545454545456
581 308 0.02857142857142857
107 438 0.013157894736842105
438 107 0.005917159763313609
5 318 0.02
256 133 0.0136986301369863
5 235 0.05555555555555555
116 420 0.009174311926605505
68 220 0.07142857142857142
487 487 0.08333333333333333
644 528 0.1111111111111111
473 581 0.037037037037037035
544 434 0.006622516556291391
963 107 0.005917159763313609
933 448 0.030303030303030304
40 953 0.1111111111111111
492 678 0.1111111111111111
427 980 0.16666666666666666
409 371 0.013157894736842105
809 160 0.0047169811320754715
169 360 0.03571428571428571
11 602 0.05
77 950 0.022222222222222223
107 166 0.007874015748031496
360 170 0.011494252873563218
333 211 0.00847457627118644
139 933 0.06666666666666667
160 809 0.022727272727272728
160 906 0.25
151 23 0.014705882352941176
443 976 0.1
420 60 0.02564102564102564
13 168 0.015873015873015872
13 236 0.020833333333333332
13 520 0.020833333333333332
18 852 0.2
541 249 0.008928571428571428
249 541 0.07142857142857142
980 261 0.023255813953488372
543 294 0.045454545454545456
963 301 0.008620689655172414
509 287 0.058823529411764705
851 350 0.05
345 350 0.05
162 15 0.022222222222222223
252 6 0.010752688172043012
252 809 0.022727272727272728
24 151 0.023809523809523808
160 256 0.00847457627118644
3 845 0.038461538461538464
83 87 0.009174311926605505
83 932 0.018867924528301886
83 546 0.0136986301369863
228 377 0.011363636363636364
932 115 0.009900990099009901
115 932 0.018867924528301886
115 883 0.09090909090909091
652 513 0.024390243902439025
271 13 0.01639344262295082
840 840 0.0625
826 859 0.017241379310344827
430 956 0.07692307692307693
13 271 0.017241379310344827
500 699 0.045454545454545456
459 44 0.010869565217391304
301 930 0.07142857142857142
301 963 0.029411764705882353
269 513 0.024390243902439025
459 464 0.023255813953488372
131 552 0.027777777777777776
124 513 0.024390243902439025
427 212 0.009900990099009901
908 51 0.016129032258064516
908 128 0.007575757575757576
908 167 0.02040816326530612
908 204 0.03571428571428571
908 205 0.037037037037037035
980 64 0.007352941176470588
956 913 0.058823529411764705
26 953 0.1111111111111111
685 194 0.023809523809523808
963 963 0.029411764705882353
146 160 0.0047169811320754715
145 83 0.011627906976744186
42 83 0.011627906976744186
393 422 0.03225806451612903
823 9 0.037037037037037035
74 756 0.058823529411764705
74 513 0.024390243902439025
12 452 0.034482758620689655
753 978 0.3333333333333333
340 46 0.014705882352941176
197 820 0.010416666666666666
963 83 0.011627906976744186
486 176 0.04
286 252 0.012195121951219513
183 504 0.027777777777777776
83 963 0.029411764705882353
753 914 0.05555555555555555
615 459 0.015384615384615385
510 84 0.020833333333333332
349 907 0.08333333333333333
971 3 0.016129032258064516
28 256 0.00847457627118644
59 812 0.022727272727272728
756 74 0.013157894736842105
462 5 0.008064516129032258
546 362 0.016129032258064516
812 46 0.014705882352941176
953 26 0.03333333333333333
552 131 0.021739130434782608
18 182 0.03571428571428571
182 18 0.021739130434782608
434 607 0.038461538461538464
548 607 0.038461538461538464
481 131 0.021739130434782608
912 765 0.05555555555555555
350 851 0.1111111111111111
546 44 0.010869565217391304
141 666 0.0625
367 32 0.03125
5 462 0.04
6 252 0.012195121951219513
231 177 0.024390243902439025
976 527 0.06666666666666667
976 455 0.0196078431372549
20 28 0.010416666666666666
177 231 0.02040816326530612
21 513 0.024390243902439025
513 21 0.009009009009009009
24 964 0.2
443 165 0.010869565217391304
137 434 0.006622516556291391
420 116 0.014705882352941176
381 686 0.125
459 589 0.0625
33 34 0.043478260869565216
33 29 0.020833333333333332
33 30 0.01818181818181818
33 31 0.02564102564102564
33 39 0.030303030303030304
747 513 0.024390243902439025
627 513 0.024390243902439025
252 131 0.021739130434782608
825 923 0.2
455 976 0.1
86 218 0.023255813953488372
180 172 0.014285714285714285
63 971 0.1
918 494 0.0125
30 721 0.16666666666666666
106 473 0.013333333333333334
86 430 0.024390243902439025
275 160 0.0047169811320754715
42 64 0.007352941176470588
28 20 0.015625
447 933 0.06666666666666667
211 513 0.024390243902439025
86 65 0.025
23 151 0.023809523809523808
33 590 0.03571428571428571
434 137 0.012987012987012988
544 82 0.008264462809917356
5 106 0.0078125
5 325 0.038461538461538464
106 5 0.008064516129032258
106 64 0.007352941176470588
243 373 0.043478260869565216
493 291 0.045454545454545456
900 455 0.0196078431372549
9 765 0.05555555555555555
929 269 0.014492753623188406
340 922 0.058823529411764705
981 318 0.02
981 114 0.009174311926605505
981 333 0.010638297872340425
520 13 0.01639344262295082
6 275 0.04
260 509 0.02127659574468085
823 521 0.07692307692307693
513 747 0.045454545454545456
661 505 0.07692307692307693
974 94 0.02702702702702703
88 924 0.1
88 271 0.017241379310344827
420 82 0.008264462809917356
210 252 0.012195121951219513
926 931 0.07692307692307693
927 963 0.029411764705882353
573 86 0.006493506493506494
329 4 0.013513513513513514
556 280 0.009615384615384616
493 909 0.16666666666666666
51 64 0.007352941176470588
64 51 0.016129032258064516
602 11 0.016129032258064516
94 974 0.14285714285714285
547 443 0.023809523809523808
197 199 0.02631578947368421
215 66 0.05
296 376 0.027777777777777776
131 212 0.009900990099009901
932 340 0.010869565217391304
932 106 0.0078125
932 153 0.043478260869565216
932 77 0.05555555555555555
932 253 0.043478260869565216
932 17 0.01639344262295082
932 173 0.015873015873015872
932 169 0.010416666666666666
932 46 0.014705882352941176
932 326 0.02702702702702703
932 671 0.04
932 820 0.010416666666666666
932 174 0.015384615384615385
932 355 0.024390243902439025
932 367 0.014084507042253521
932 702 0.5
932 453 0.05
932 506 0.0196078431372549
932 295 0.01818181818181818
932 45 0.02631578947368421
932 147 0.02702702702702703
932 249 0.008928571428571428
86 151 0.023809523809523808
300 187 0.02564102564102564
160 445 0.041666666666666664
932 131 0.021739130434782608
932 544 0.03571428571428571
932 489 0.037037037037037035
932 180 0.014705882352941176
278 292 0.029411764705882353
255 160 0.0047169811320754715
154 114 0.009174311926605505
300 194 0.023809523809523808
301 262 0.045454545454545456
262 301 0.008620689655172414
611 278 0.025
310 932 0.018867924528301886
132 194 0.023809523809523808
525 510 0.05263157894736842
170 607 0.038461538461538464
957 141 0.014705882352941176
951 141 0.014705882352941176
498 593 0.02564102564102564
498 765 0.05555555555555555
187 300 0.025
6 211 0.00847457627118644
211 6 0.010752688172043012
707 525 0.029411764705882353
194 132 0.019230769230769232
80 384 0.0625
168 484 0.05263157894736842
441 566 0.0625
3 6 0.010752688172043012
777 723 0.09090909090909091
777 259 0.04
212 427 0.02127659574468085
820 154 0.02631578947368421
113 983 0.3333333333333333
155 589 0.0625
478 325 0.038461538461538464
259 777 0.058823529411764705
131 285 0.014705882352941176
238 498 0.01639344262295082
480 550 0.04
154 820 0.010416666666666666
480 418 0.034482758620689655
404 145 0.02127659574468085
593 498 0.01639344262295082
353 106 0.0078125
368 1 0.0196078431372549
212 932 0.018867924528301886
914 816 0.05555555555555555
914 753 0.058823529411764705
919 919 0.09090909090909091
919 40 0.020833333333333332
145 404 0.01639344262295082
607 170 0.011494252873563218
498 922 0.058823529411764705
40 919 0.09090909090909091
126 6 0.010752688172043012
963 404 0.01639344262295082
404 963 0.029411764705882353
64 354 0.1
455 925 0.07142857142857142
459 225 0.04
455 914 0.05555555555555555
211 333 0.010638297872340425
59 845 0.038461538461538464
154 932 0.018867924528301886
154 492 0.043478260869565216
254 932 0.018867924528301886
333 411 0.013513513513513514
333 271 0.017241379310344827
509 480 0.029411764705882353
671 106 0.0078125
932 310 0.041666666666666664
914 455 0.0196078431372549
546 377 0.011363636363636364
167 483 0.027777777777777776
840 64 0.007352941176470588
64 840 0.0625
133 5 0.008064516129032258
311 297 0.05263157894736842
311 248 0.05
311 73 0.04
156 345 0.043478260869565216
170 471 0.125
377 546 0.0136986301369863
949 57 0.018518518518518517
204 196 0.043478260869565216
165 26 0.03333333333333333
165 847 0.03571428571428571
165 590 0.03571428571428571
165 844 0.5
59 971 0.1
86 573 0.058823529411764705
406 499 0.02564102564102564
669 930 0.07142857142857142
57 949 0.05555555555555555
271 481 0.02564102564102564
699 500 0.05555555555555555
529 332 0.05555555555555555
271 152 0.016666666666666666
401 276 0.1111111111111111
408 420 0.009174311926605505
5 581 0.037037037037037035
5 133 0.0136986301369863
6 285 0.014705882352941176
6 552 0.027777777777777776
6 126 0.03571428571428571
152 271 0.017241379310344827
21 184 0.013888888888888888
93 940 0.5
212 77 0.05555555555555555
498 238 0.027777777777777776
427 40 0.020833333333333332
440 280 0.009615384615384616
96 411 0.013513513513513514
615 513 0.024390243902439025
32 151 0.023809523809523808
411 333 0.010638297872340425
411 96 0.010309278350515464
411 114 0.009174311926605505
113 919 0.09090909090909091
917 974 0.14285714285714285
509 513 0.024390243902439025
170 442 0.045454545454545456
590 33 0.041666666666666664
151 32 0.03125
513 509 0.02127659574468085
922 560 0.03571428571428571
280 440 0.015873015873015872
232 64 0.007352941176470588
420 408 0.02631578947368421
39 165 0.010869565217391304
142 88 0.03333333333333333
92 238 0.027777777777777776
822 908 0.05
135 5 0.008064516129032258
235 963 0.029411764705882353
856 555 0.06666666666666667
471 170 0.011494252873563218
644 349 0.05555555555555555
448 494 0.0125
896 303 0.012048192771084338
437 339 0.025
44 459 0.015384615384615385
418 710 0.05263157894736842
560 922 0.058823529411764705
310 272 0.024390243902439025
54 131 0.021739130434782608
131 54 0.023809523809523808
87 128 0.007575757575757576
40 900 0.041666666666666664
491 170 0.011494252873563218
170 491 0.14285714285714285
152 82 0.008264462809917356
306 478 0.037037037037037035
333 154 0.02631578947368421
223 177 0.024390243902439025
478 306 0.03125
131 698 0.041666666666666664
698 131 0.021739130434782608
271 57 0.018518518518518517
285 131 0.021739130434782608
840 168 0.015873015873015872
55 131 0.021739130434782608
5 135 0.02857142857142857
61 498 0.01639344262295082
286 859 0.017241379310344827
981 263 0.02127659574468085
5 308 0.02857142857142857
5 868 0.5
5 557 0.06666666666666667
5 445 0.041666666666666664
945 945 0.25
710 418 0.034482758620689655
198 64 0.007352941176470588
86 936 0.14285714285714285
459 421 0.020833333333333332
666 856 0.018867924528301886
550 480 0.029411764705882353
154 106 0.0078125
417 976 0.1
417 925 0.07142857142857142
254 121 0.006369426751592357
168 840 0.0625
812 126 0.03571428571428571
459 513 0.024390243902439025
303 896 0.047619047619047616
529 922 0.058823529411764705
125 15 0.022222222222222223
167 198 0.05263157894736842
167 908 0.05
167 200 0.029411764705882353
167 917 0.05555555555555555
167 593 0.02564102564102564
167 776 0.04
167 205 0.037037037037037035
167 94 0.02702702702702703
167 751 0.2
167 207 0.034482758620689655
859 162 0.0196078431372549
108 301 0.008620689655172414
301 108 0.02702702702702703
457 92 0.02631578947368421
159 963 0.029411764705882353
466 324 0.07142857142857142
42 372 0.045454545454545456
105 92 0.02631578947368421
59 859 0.017241379310344827
466 231 0.02040816326530612
160 484 0.05263157894736842
138 420 0.009174311926605505
358 856 0.018867924528301886
141 293 0.0625
141 957 0.1
141 951 0.1111111111111111
856 358 0.025
160 92 0.02631578947368421
92 105 0.008695652173913044
92 160 0.0047169811320754715
252 194 0.023809523809523808
123 339 0.025
453 607 0.038461538461538464
211 495 0.02040816326530612
368 896 0.047619047619047616
271 46 0.014705882352941176
271 45 0.02631578947368421
545 183 0.006993006993006993
405 194 0.023809523809523808
126 812 0.022727272727272728
19 11 0.016129032258064516
678 549 0.023809523809523808
45 271 0.017241379310344827
10 329 0.011764705882352941
550 667 0.03571428571428571
954 154 0.02631578947368421
301 138 0.034482758620689655
301 168 0.015873015873015872
509 183 0.006993006993006993
895 114 0.009174311926605505
128 87 0.009174311926605505
333 145 0.02127659574468085
333 981 0.09090909090909091
86 19 0.016129032258064516
707 957 0.1
243 930 0.07142857142857142
196 908 0.05
847 171 0.02564102564102564
86 261 0.023255813953488372
453 86 0.006493506493506494
163 411 0.013513513513513514
271 142 0.010101010101010102
411 163 0.02702702702702703
271 252 0.012195121951219513
271 4 0.013513513513513514
494 296 0.014285714285714285
13 820 0.010416666666666666
820 13 0.01639344262295082
24 367 0.014084507042253521
179 376 0.027777777777777776
963 319 0.09090909090909091
372 42 0.02
546 597 0.07142857142857142
232 214 0.02
271 2 0.012987012987012988
214 232 0.012987012987012988
581 872 0.07692307692307693
581 310 0.041666666666666664
232 576 0.05263157894736842
271 301 0.008620689655172414
912 499 0.02564102564102564
232 6 0.010752688172043012
153 984 0.3333333333333333
100 935 0.25
685 64 0.007352941176470588
913 499 0.02564102564102564
921 63 0.009615384615384616
100 51 0.016129032258064516
51 100 0.027777777777777776
2 271 0.017241379310344827
929 15 0.022222222222222223
6 232 0.012987012987012988
297 311 0.03225806451612903
971 63 0.009615384615384616
459 221 0.018518518518518517
900 40 0.020833333333333332
331 44 0.010869565217391304
509 10 0.024390243902439025
949 411 0.013513513513513514
513 153 0.043478260869565216
411 949 0.05555555555555555
367 337 0.02702702702702703
367 30 0.01818181818181818
367 31 0.02564102564102564
367 39 0.030303030303030304
607 548 0.05
607 453 0.05
268 549 0.023809523809523808
607 128 0.007575757575757576
473 87 0.009174311926605505
856 331 0.05263157894736842
271 3 0.016129032258064516
294 543 0.030303030303030304
87 473 0.013333333333333334
212 64 0.007352941176470588
138 301 0.008620689655172414
310 581 0.037037037037037035
509 400 0.034482758620689655
560 142 0.010101010101010102
329 365 0.011111111111111112
13 980 0.16666666666666666
160 676 0.25
286 59 0.021739130434782608
859 809 0.022727272727272728
913 951 0.1111111111111111
409 197 0.030303030303030304
409 457 0.04
980 13 0.01639344262295082
97 5 0.008064516129032258
5 97 0.047619047619047616
820 644 0.08333333333333333
204 820 0.010416666666666666
26 28 0.010416666666666666
6 562 0.038461538461538464
672 672 0.07692307692307693
162 181 0.022222222222222223
914 170 0.011494252873563218
562 6 0.010752688172043012
204 141 0.014705882352941176
53 420 0.009174311926605505
872 581 0.037037037037037035
859 963 0.029411764705882353
685 252 0.012195121951219513
116 883 0.09090909090909091
125 124 0.030303030303030304
125 768 0.07692307692307693
494 539 0.14285714285714285
404 518 0.015151515151515152
66 984 0.3333333333333333
548 116 0.014705882352941176
932 963 0.029411764705882353
932 236 0.020833333333333332
473 93 0.0196078431372549
216 301 0.008620689655172414
13 239 0.09090909090909091
45 139 0.027777777777777776
115 152 0.016666666666666666
333 155 0.018867924528301886
949 131 0.021739130434782608
177 297 0.05263157894736842
240 931 0.07692307692307693
513 66 0.05
922 79 0.02857142857142857
931 294 0.045454545454545456
160 440 0.015873015873015872
726 107 0.005917159763313609
271 518 0.015151515151515152
922 280 0.009615384615384616
152 115 0.009900990099009901
395 64 0.007352941176470588
963 643 0.07692307692307693
467 142 0.010101010101010102
86 36 0.023255813953488372
301 216 0.038461538461538464
159 160 0.0047169811320754715
922 499 0.02564102564102564
152 404 0.01639344262295082
820 180 0.014705882352941176
170 914 0.05555555555555555
64 395 0.027777777777777776
666 951 0.1111111111111111
845 3 0.016129032258064516
932 252 0.012195121951219513
252 3 0.016129032258064516
932 128 0.007575757575757576
128 932 0.018867924528301886
907 377 0.011363636363636364
187 152 0.016666666666666666
153 932 0.018867924528301886
155 98 0.043478260869565216
98 155 0.018867924528301886
509 259 0.04
419 170 0.011494252873563218
820 533 0.011764705882352941
155 44 0.010869565217391304
333 984 0.3333333333333333
956 922 0.058823529411764705
30 337 0.02702702702702703
30 417 0.018867924528301886
30 116 0.014705882352941176
30 336 0.03125
30 136 0.037037037037037035
30 135 0.02857142857142857
13 357 0.023809523809523808
337 30 0.01818181818181818
932 748 0.047619047619047616
932 597 0.07142857142857142
129 473 0.013333333333333334
95 6 0.010752688172043012
172 820 0.010416666666666666
455 131 0.021739130434782608
455 271 0.017241379310344827
949 55 0.02857142857142857
949 481 0.02564102564102564
900 251 0.03225806451612903
492 950 0.022222222222222223
379 285 0.014705882352941176
937 640 0.058823529411764705
129 161 0.02857142857142857
161 129 0.007194244604316547
17 518 0.015151515151515152
886 59 0.021739130434782608
44 155 0.018867924528301886
160 389 0.029411764705882353
154 495 0.02040816326530612
932 576 0.05263157894736842
450 932 0.018867924528301886
490 460 0.022727272727272728
177 215 0.013333333333333334
59 886 0.5
163 20 0.015625
193 859 0.017241379310344827
460 490 0.029411764705882353
366 693 0.2
64 302 0.043478260869565216
197 196 0.043478260869565216
333 473 0.013333333333333334
473 333 0.010638297872340425
329 249 0.008928571428571428
90 459 0.015384615384615385
498 856 0.018867924528301886
411 24 0.038461538461538464
411 116 0.014705882352941176
411 261 0.023255813953488372
411 976 0.1
856 498 0.01639344262295082
5 728 0.0625
261 980 0.16666666666666666
376 985 1.0
506 86 0.006493506493506494
87 963 0.029411764705882353
411 469 0.05555555555555555
411 728 0.0625
411 455 0.0196078431372549
411 986 0.3333333333333333
411 987 0.08333333333333333
411 988 0.5
411 867 0.25
908 395 0.027777777777777776
411 866 0.3333333333333333
47 107 0.005917159763313609
906 156 0.05
963 87 0.009174311926605505
271 859 0.017241379310344827
255 472 0.14285714285714285
42 820 0.010416666666666666
125 424 0.011111111111111112
178 342 0.022727272727272728
469 469 0.05555555555555555
117 460 0.022727272727272728
128 974 0.14285714285714285
974 593 0.02564102564102564
395 908 0.05
186 420 0.009174311926605505
3 252 0.012195121951219513
3 271 0.017241379310344827
905 177 0.024390243902439025
434 431 0.043478260869565216
989 329 0.011764705882352941
172 256 0.00847457627118644
492 166 0.007874015748031496
403 473 0.013333333333333334
223 311 0.03225806451612903
298 549 0.023809523809523808
420 186 0.05
403 526 0.02
155 486 0.022727272727272728
142 859 0.017241379310344827
115 987 0.08333333333333333
612 347 0.041666666666666664
280 922 0.058823529411764705
304 271 0.017241379310344827
339 987 0.08333333333333333
698 271 0.017241379310344827
932 70 0.0625
509 713 0.5
269 643 0.07692307692307693
883 883 0.09090909090909091
424 142 0.010101010101010102
152 187 0.02564102564102564
317 1 0.0196078431372549
346 820 0.010416666666666666
251 900 0.041666666666666664
925 443 0.023809523809523808
283 252 0.012195121951219513
443 925 0.07142857142857142
710 272 0.024390243902439025
252 283 0.008333333333333333
753 753 0.058823529411764705
419 180 0.014705882352941176
272 446 0.045454545454545456
471 473 0.013333333333333334
169 326 0.02702702702702703
546 954 0.14285714285714285
301 340 0.010869565217391304
297 309 0.034482758620689655
19 525 0.029411764705882353
183 424 0.011111111111111112
66 111 0.125
301 21 0.009009009009009009
809 252 0.012195121951219513
949 54 0.023809523809523808
949 685 0.02702702702702703
949 56 0.02564102564102564
949 252 0.012195121951219513
949 59 0.021739130434782608
87 326 0.02702702702702703
518 271 0.017241379310344827
886 273 0.041666666666666664
469 211 0.00847457627118644
469 411 0.013513513513513514
3 281 0.022222222222222223
309 177 0.024390243902439025
309 218 0.023255813953488372
309 120 0.07142857142857142
309 310 0.041666666666666664
309 85 0.02857142857142857
309 312 0.047619047619047616
309 313 0.058823529411764705
309 224 0.1
309 314 0.03125
309 225 0.04
309 872 0.07692307692307693
309 317 0.05263157894736842
309 228 0.045454545454545456
309 341 0.1111111111111111
309 219 0.05555555555555555
499 238 0.027777777777777776
420 340 0.010869565217391304
85 309 0.034482758620689655
215 177 0.024390243902439025
317 309 0.034482758620689655
859 56 0.02564102564102564
859 194 0.023809523809523808
859 520 0.020833333333333332
859 59 0.021739130434782608
859 174 0.015384615384615385
927 931 0.07692307692307693
321 390 0.034482758620689655
346 21 0.009009009009009009
211 469 0.05555555555555555
211 845 0.038461538461538464
211 924 0.1
60 215 0.013333333333333334
252 601 0.02702702702702703
238 499 0.02564102564102564
56 859 0.017241379310344827
431 166 0.007874015748031496
131 683 0.1111111111111111
700 238 0.027777777777777776
93 450 0.018867924528301886
405 268 0.034482758620689655
353 160 0.0047169811320754715
138 3 0.016129032258064516
989 989 0.3333333333333333
823 15 0.022222222222222223
953 35 0.018867924528301886
132 152 0.016666666666666666
177 309 0.034482758620689655
183 400 0.034482758620689655
919 113 0.013513513513513514
974 918 0.05263157894736842
333 212 0.009900990099009901
212 333 0.010638297872340425
87 84 0.020833333333333332
152 132 0.019230769230769232
822 292 0.029411764705882353
446 46 0.014705882352941176
154 236 0.020833333333333332
154 424 0.011111111111111112
446 272 0.024390243902439025
128 607 0.038461538461538464
47 847 0.03571428571428571
856 560 0.03571428571428571
980 367 0.014084507042253521
980 757 0.25
238 176 0.04
411 511 0.047619047619047616
166 269 0.014492753623188406
373 121 0.006369426751592357
176 238 0.027777777777777776
419 405 0.012048192771084338
419 356 0.02127659574468085
333 169 0.010416666666666666
333 367 0.014084507042253521
343 214 0.02
333 329 0.011764705882352941
333 21 0.009009009009009009
333 81 0.010869565217391304
450 167 0.02040816326530612
169 256 0.00847457627118644
114 411 0.013513513513513514
340 333 0.010638297872340425
204 203 0.02564102564102564
393 152 0.016666666666666666
194 698 0.041666666666666664
39 883 0.09090909090909091
225 312 0.047619047619047616
698 194 0.023809523809523808
533 154 0.02631578947368421
533 155 0.018867924528301886
21 333 0.010638297872340425
560 856 0.018867924528301886
880 3 0.016129032258064516
21 152 0.016666666666666666
252 117 0.06666666666666667
252 611 0.04
252 66 0.05
252 389 0.029411764705882353
252 661 0.02564102564102564
252 153 0.043478260869565216
252 338 0.019230769230769232
252 480 0.029411764705882353
252 83 0.011627906976744186
252 654 0.02702702702702703
152 21 0.009009009009009009
883 39 0.030303030303030304
355 106 0.0078125
278 160 0.0047169811320754715
423 976 0.1
411 900 0.041666666666666664
271 283 0.008333333333333333
271 949 0.05555555555555555
896 375 0.018867924528301886
21 301 0.008620689655172414
421 765 0.05555555555555555
856 293 0.0625
464 459 0.015384615384615385
248 309 0.034482758620689655
180 419 0.013888888888888888
367 333 0.010638297872340425
573 525 0.029411764705882353
10 134 0.047619047619047616
537 459 0.015384615384615385
537 21 0.009009009009009009
537 20 0.015625
537 222 0.017857142857142856
537 405 0.012048192771084338
537 106 0.0078125
537 259 0.04
537 315 0.125
537 316 0.02631578947368421
537 607 0.038461538461538464
133 283 0.008333333333333333
950 333 0.010638297872340425
28 151 0.023809523809523808
459 226 0.021739130434782608
509 958 0.3333333333333333
293 765 0.05555555555555555
339 883 0.09090909090909091
0 6 0.010752688172043012
931 240 0.05
107 226 0.021739130434782608
20 301 0.008620689655172414
560 73 0.04
883 339 0.025
268 313 0.058823529411764705
404 687 0.14285714285714285
252 803 0.0625
212 131 0.021739130434782608
93 473 0.013333333333333334
86 271 0.017241379310344827
86 285 0.014705882352941176
411 375 0.018867924528301886
114 983 0.3333333333333333
180 950 0.022222222222222223
301 856 0.018867924528301886
143 42 0.02
86 498 0.01639344262295082
164 520 0.020833333333333332
537 231 0.02040816326530612
93 16 0.014705882352941176
231 537 0.05555555555555555
908 592 0.034482758620689655
252 162 0.0196078431372549
210 926 0.08333333333333333
162 133 0.0136986301369863
280 278 0.025
3 880 0.037037037037037035
209 42 0.02
283 133 0.0136986301369863
18 301 0.008620689655172414
73 560 0.03571428571428571
950 166 0.007874015748031496
953 23 0.014705882352941176
171 847 0.03571428571428571
474 23 0.014705882352941176
474 427 0.02127659574468085
474 41 0.015151515151515152
474 115 0.009900990099009901
970 546 0.0136986301369863
896 112 0.058823529411764705
474 340 0.010869565217391304
970 51 0.016129032258064516
970 917 0.05555555555555555
970 128 0.007575757575757576
544 607 0.038461538461538464
375 411 0.013513513513513514
85 18 0.021739130434782608
300 282 0.009433962264150943
221 280 0.009615384615384616
929 429 0.03333333333333333
280 221 0.018518518518518517
569 957 0.1
457 197 0.030303030303030304
457 294 0.045454545454545456
197 457 0.04
955 820 0.010416666666666666
845 211 0.00847457627118644
59 6 0.010752688172043012
520 971 0.1
18 215 0.013333333333333334
570 823 0.05
6 59 0.021739130434782608
856 374 0.1111111111111111
856 707 0.029411764705882353
856 264 0.037037037037037035
823 570 0.0625
474 42 0.02
42 23 0.014705882352941176
42 427 0.02127659574468085
42 333 0.010638297872340425
232 241 0.05
232 499 0.02564102564102564
981 847 0.03571428571428571
981 925 0.07142857142857142
981 527 0.06666666666666667
981 361 0.02127659574468085
981 113 0.013513513513513514
981 417 0.018867924528301886
981 443 0.023809523809523808
981 444 0.04
981 442 0.045454545454545456
981 919 0.09090909090909091
981 547 0.034482758620689655
981 423 0.03125
981 245 0.02127659574468085
981 47 0.02127659574468085
981 76 0.045454545454545456
981 48 0.021739130434782608
981 485 0.037037037037037035
981 171 0.02564102564102564
42 243 0.021739130434782608
42 143 0.022222222222222223
253 509 0.02127659574468085
859 269 0.014492753623188406
509 253 0.043478260869565216
957 569 0.034482758620689655
243 42 0.02
856 407 0.045454545454545456
422 513 0.024390243902439025
163 934 0.25
455 470 0.047619047619047616
271 281 0.022222222222222223
466 488 0.14285714285714285
914 987 0.08333333333333333
263 411 0.013513513513513514
131 373 0.043478260869565216
949 271 0.017241379310344827
424 820 0.010416666666666666
981 411 0.013513513513513514
42 212 0.009900990099009901
424 125 0.05
0 64 0.007352941176470588
820 424 0.011111111111111112
295 450 0.018867924528301886
812 971 0.1
281 271 0.017241379310344827
525 700 0.037037037037037035
756 118 0.041666666666666664
812 520 0.020833333333333332
494 593 0.02564102564102564
34 5 0.008064516129032258
118 756 0.058823529411764705
64 42 0.02
913 700 0.037037037037037035
5 34 0.043478260869565216
131 126 0.03571428571428571
196 64 0.007352941176470588
259 509 0.02127659574468085
64 196 0.043478260869565216
525 500 0.05555555555555555
215 18 0.021739130434782608
411 981 0.09090909090909091
114 981 0.09090909090909091
981 981 0.09090909090909091
829 290 0.014925373134328358
86 404 0.01639344262295082
856 573 0.058823529411764705
160 963 0.029411764705882353
820 422 0.03225806451612903
971 520 0.020833333333333332
371 183 0.006993006993006993
49 83 0.011627906976744186
424 424 0.011111111111111112
856 105 0.008695652173913044
892 491 0.14285714285714285
194 990 0.05
74 120 0.07142857142857142
74 314 0.03125
74 872 0.07692307692307693
314 74 0.013157894736842105
531 539 0.14285714285714285
153 422 0.03225806451612903
277 130 0.027777777777777776
375 105 0.008695652173913044
859 195 0.034482758620689655
283 254 0.034482758620689655
357 105 0.008695652173913044
313 560 0.03571428571428571
366 812 0.022727272727272728
610 142 0.010101010101010102
51 196 0.043478260869565216
273 301 0.008620689655172414
160 821 1.0
6 859 0.017241379310344827
569 365 0.011111111111111112
859 6 0.010752688172043012
422 272 0.024390243902439025
268 19 0.016129032258064516
32 33 0.041666666666666664
921 6 0.010752688172043012
981 455 0.0196078431372549
821 160 0.0047169811320754715
504 510 0.05263157894736842
496 268 0.034482758620689655
520 859 0.017241379310344827
803 252 0.012195121951219513
194 859 0.017241379310344827
6 921 0.09090909090909091
922 498 0.01639344262295082
411 252 0.012195121951219513
128 955 0.125
321 376 0.027777777777777776
376 321 0.02702702702702703
412 991 0.25
737 737 0.5
19 268 0.034482758620689655
991 412 0.016666666666666666
271 282 0.009433962264150943
142 271 0.017241379310344827
164 281 0.022222222222222223
83 594 0.16666666666666666
131 646 0.25
131 604 0.125
10 20 0.015625
822 494 0.0125
509 212 0.009900990099009901
32 31 0.02564102564102564
54 126 0.03571428571428571
305 990 0.05
303 859 0.017241379310344827
180 365 0.011111111111111112
115 411 0.013513513513513514
927 241 0.05
851 681 0.05
690 160 0.0047169811320754715
872 74 0.013157894736842105
31 107 0.005917159763313609
30 86 0.006493506493506494
426 458 0.024390243902439025
285 168 0.015873015873015872
285 172 0.014285714285714285
285 840 0.0625
285 425 0.058823529411764705
285 401 0.03125
285 562 0.038461538461538464
285 458 0.024390243902439025
285 457 0.04
340 28 0.010416666666666666
226 301 0.008620689655172414
226 419 0.013888888888888888
513 147 0.02702702702702703
42 296 0.014285714285714285
42 209 0.016666666666666666
859 990 0.05
197 955 0.125
2 990 0.05
4 990 0.05
83 365 0.011111111111111112
5 990 0.05
160 200 0.029411764705882353
546 850 0.5
546 604 0.125
93 337 0.02702702702702703
93 25 0.03125
93 361 0.02127659574468085
93 28 0.010416666666666666
93 417 0.018867924528301886
93 443 0.023809523809523808
93 29 0.020833333333333332
93 30 0.01818181818181818
93 116 0.014705882352941176
93 32 0.03125
93 261 0.023255813953488372
93 114 0.009174311926605505
93 482 0.02857142857142857
93 36 0.023255813953488372
93 336 0.03125
93 136 0.037037037037037035
93 169 0.010416666666666666
93 39 0.030303030303030304
93 171 0.02564102564102564
93 367 0.014084507042253521
93 135 0.02857142857142857
93 545 0.05263157894736842
569 11 0.016129032258064516
400 81 0.010869565217391304
371 329 0.011764705882352941
371 28 0.010416666666666666
371 161 0.02857142857142857
371 81 0.010869565217391304
371 351 0.023255813953488372
458 6 0.010752688172043012
6 0 0.03125
79 282 0.009433962264150943
282 79 0.02857142857142857
490 256 0.00847457627118644
269 334 0.05555555555555555
252 552 0.027777777777777776
126 285 0.014705882352941176
235 360 0.03571428571428571
101 155 0.018867924528301886
218 268 0.034482758620689655
12 957 0.1
602 238 0.027777777777777776
306 86 0.006493506493506494
282 28 0.010416666666666666
80 230 0.058823529411764705
32 590 0.03571428571428571
337 883 0.09090909090909091
45 301 0.008620689655172414
820 79 0.02857142857142857
783 16 0.014705882352941176
783 142 0.010101010101010102
118 121 0.006369426751592357
812 990 0.05
326 20 0.015625
142 10 0.024390243902439025
685 2 0.012987012987012988
142 211 0.00847457627118644
142 81 0.010869565217391304
133 42 0.02
142 531 0.021739130434782608
142 128 0.007575757575757576
142 28 0.010416666666666666
142 133 0.0136986301369863
883 337 0.02702702702702703
142 44 0.010869565217391304
142 296 0.014285714285714285
142 1 0.0196078431372549
360 235 0.05555555555555555
515 122 0.047619047619047616
261 165 0.010869565217391304
173 74 0.013157894736842105
173 223 0.024390243902439025
520 164 0.02564102564102564
113 23 0.014705882352941176
33 282 0.009433962264150943
932 258 0.03125
39 27 0.0196078431372549
81 400 0.034482758620689655
990 4 0.013513513513513514
11 420 0.009174311926605505
2 685 0.02702702702702703
421 268 0.034482758620689655
356 301 0.008620689655172414
80 950 0.022222222222222223
400 68 0.02564102564102564
420 11 0.016129032258064516
142 783 0.25
932 474 0.01639344262295082
327 306 0.03125
327 326 0.02702702702702703
334 46 0.014705882352941176
481 845 0.038461538461538464
353 142 0.010101010101010102
189 301 0.008620689655172414
845 481 0.02564102564102564
389 14 0.01818181818181818
652 163 0.02702702702702703
86 306 0.03125
163 5 0.008064516129032258
568 257 0.0625
527 333 0.010638297872340425
859 849 0.14285714285714285
257 568 0.043478260869565216
408 990 0.05
301 189 0.01639344262295082
494 226 0.021739130434782608
963 160 0.0047169811320754715
300 12 0.021739130434782608
238 700 0.037037037037037035
978 900 0.041666666666666664
978 860 0.0625
211 243 0.021739130434782608
531 142 0.010101010101010102
992 992 1.0
992 129 0.007194244604316547
337 27 0.0196078431372549
82 282 0.009433962264150943
32 35 0.018867924528301886
486 417 0.018867924528301886
900 5 0.008064516129032258
113 981 0.09090909090909091
17 696 0.14285714285714285
412 211 0.00847457627118644
112 469 0.05555555555555555
601 333 0.010638297872340425
281 105 0.008695652173913044
211 87 0.009174311926605505
281 990 0.05
105 281 0.022222222222222223
24 988 0.5
408 193 0.04
113 165 0.010869565217391304
30 160 0.0047169811320754715
429 274 0.043478260869565216
549 360 0.03571428571428571
549 104 0.03125
812 4 0.013513513513513514
282 221 0.018518518518518517
6 316 0.02631578947368421
160 123 0.03333333333333333
101 581 0.037037037037037035
367 82 0.008264462809917356
82 601 0.02702702702702703
82 932 0.018867924528301886
221 282 0.009433962264150943
408 993 1.0
226 513 0.024390243902439025
950 427 0.02127659574468085
404 16 0.014705882352941176
601 82 0.008264462809917356
5 55 0.02857142857142857
5 900 0.041666666666666664
404 896 0.047619047619047616
221 106 0.0078125
896 404 0.01639344262295082
121 31 0.02564102564102564
121 963 0.029411764705882353
932 44 0.010869565217391304
932 856 0.018867924528301886
82 693 0.2
82 372 0.045454545454545456
82 160 0.0047169811320754715
82 373 0.043478260869565216
82 594 0.16666666666666666
82 752 0.2
160 82 0.008264462809917356
131 121 0.006369426751592357
373 82 0.008264462809917356
75 655 0.038461538461538464
405 518 0.015151515151515152
581 101 0.04
214 179 0.02040816326530612
699 699 0.045454545454545456
699 953 0.1111111111111111
699 845 0.038461538461538464
671 411 0.013513513513513514
55 949 0.05555555555555555
949 949 0.05555555555555555
193 408 0.02631578947368421
6 994 1.0
338 987 0.08333333333333333
562 515 0.02564102564102564
470 986 0.3333333333333333
216 142 0.010101010101010102
494 312 0.047619047619047616
176 318 0.02
312 494 0.0125
54 807 0.16666666666666666
552 515 0.02564102564102564
105 375 0.018867924528301886
138 990 0.05
295 424 0.011111111111111112
295 142 0.010101010101010102
122 515 0.02564102564102564
268 218 0.023255813953488372
252 740 0.3333333333333333
225 494 0.0125
480 601 0.02702702702702703
601 480 0.029411764705882353
105 357 0.023809523809523808
932 233 0.022222222222222223
932 212 0.009900990099009901
932 163 0.02702702702702703
932 269 0.014492753623188406
932 23 0.014705882352941176
932 393 0.015151515151515152
932 404 0.01639344262295082
932 493 0.0136986301369863
932 586 0.04
932 427 0.02127659574468085
932 41 0.015151515151515152
82 172 0.014285714285714285
82 292 0.029411764705882353
199 42 0.02
366 121 0.006369426751592357
151 142 0.010101010101010102
155 236 0.020833333333333332
297 86 0.006493506493506494
107 726 0.1111111111111111
234 166 0.007874015748031496
268 419 0.013888888888888888
932 812 0.022727272727272728
932 3 0.016129032258064516
995 712 0.25
404 950 0.022222222222222223
166 234 0.029411764705882353
311 301 0.008620689655172414
932 371 0.013157894736842105
495 107 0.005917159763313609
621 284 0.02857142857142857
810 180 0.014705882352941176
758 758 0.07142857142857142
301 180 0.014705882352941176
845 193 0.04
82 376 0.027777777777777776
82 150 0.03125
612 492 0.043478260869565216
492 612 0.02127659574468085
82 255 0.022222222222222223
82 279 0.1111111111111111
82 641 0.08333333333333333
82 541 0.07142857142857142
730 82 0.008264462809917356
495 82 0.008264462809917356
279 82 0.008264462809917356
82 438 0.013157894736842105
207 343 0.05
82 509 0.02127659574468085
82 345 0.043478260869565216
82 681 0.05
82 191 0.02127659574468085
82 708 0.058823529411764705
82 99 0.043478260869565216
679 508 0.038461538461538464
343 207 0.034482758620689655
129 748 0.047619047619047616
641 82 0.008264462809917356
748 129 0.007194244604316547
184 105 0.008695652173913044
187 932 0.018867924528301886
160 880 0.037037037037037035
107 124 0.030303030303030304
18 219 0.05555555555555555
258 152 0.016666666666666666
336 883 0.09090909090909091
53 82 0.008264462809917356
105 184 0.013888888888888888
183 822 0.06666666666666667
13 949 0.05555555555555555
464 82 0.008264462809917356
99 82 0.008264462809917356
445 82 0.008264462809917356
509 82 0.008264462809917356
154 954 0.14285714285714285
525 238 0.027777777777777776
845 699 0.045454545454545456
845 953 0.1111111111111111
845 924 0.1
426 956 0.07692307692307693
845 812 0.022727272727272728
277 621 0.07692307692307693
238 525 0.029411764705882353
213 44 0.010869565217391304
990 138 0.034482758620689655
513 218 0.023255813953488372
238 92 0.02631578947368421
238 602 0.05
142 256 0.00847457627118644
172 365 0.011111111111111112
87 280 0.009615384615384616
87 661 0.02564102564102564
82 963 0.029411764705882353
263 981 0.09090909090909091
82 859 0.017241379310344827
80 105 0.008695652173913044
859 82 0.008264462809917356
546 245 0.02127659574468085
931 301 0.008620689655172414
303 82 0.008264462809917356
699 924 0.1
163 932 0.018867924528301886
105 10 0.024390243902439025
332 529 0.03125
42 422 0.03225806451612903
856 246 0.08333333333333333
856 956 0.07692307692307693
820 63 0.009615384615384616
105 80 0.01639344262295082
131 419 0.013888888888888888
131 82 0.008264462809917356
4 82 0.008264462809917356
42 492 0.043478260869565216
494 252 0.012195121951219513
166 340 0.010869565217391304
268 421 0.020833333333333332
765 44 0.010869565217391304
543 113 0.013513513513513514
520 812 0.022727272727272728
113 220 0.07142857142857142
440 129 0.007194244604316547
171 160 0.0047169811320754715
978 165 0.010869565217391304
113 543 0.030303030303030304
118 748 0.047619047619047616
280 87 0.009174311926605505
922 856 0.018867924528301886
261 82 0.008264462809917356
375 230 0.058823529411764705
133 142 0.010101010101010102
473 116 0.014705882352941176
473 170 0.011494252873563218
856 922 0.058823529411764705
422 473 0.013333333333333334
44 932 0.018867924528301886
460 256 0.00847457627118644
359 44 0.010869565217391304
168 6 0.010752688172043012
6 168 0.015873015873015872
621 277 0.0625
621 781 0.3333333333333333
304 58 0.009708737864077669
388 130 0.027777777777777776
411 405 0.012048192771084338
832 102 0.0625
193 990 0.05
952 81 0.010869565217391304
170 183 0.006993006993006993
392 393 0.015151515151515152
81 952 0.14285714285714285
301 36 0.023255813953488372
581 445 0.041666666666666664
914 531 0.021739130434782608
498 488 0.14285714285714285
40 40 0.020833333333333332
531 914 0.05555555555555555
82 124 0.030303030303030304
506 409 0.03333333333333333
883 336 0.03125
900 165 0.010869565217391304
907 593 0.02564102564102564
531 183 0.006993006993006993
301 931 0.07692307692307693
391 391 0.05263157894736842
546 163 0.02702702702702703
160 96 0.010309278350515464
160 194 0.023809523809523808
593 907 0.08333333333333333
160 423 0.03125
812 991 0.25
963 950 0.022222222222222223
359 951 0.1111111111111111
252 282 0.009433962264150943
282 252 0.012195121951219513
96 160 0.0047169811320754715
913 972 0.5
717 459 0.015384615384615385
481 281 0.022222222222222223
473 63 0.009615384615384616
411 318 0.02
651 2 0.012987012987012988
42 459 0.015384615384615385
42 495 0.02040816326530612
42 163 0.02702702702702703
42 255 0.022222222222222223
42 490 0.029411764705882353
293 661 0.02564102564102564
661 293 0.0625
254 518 0.015151515151515152
30 121 0.006369426751592357
932 210 0.012987012987012988
282 256 0.00847457627118644
118 83 0.011627906976744186
932 303 0.012048192771084338
293 856 0.018867924528301886
426 160 0.0047169811320754715
269 422 0.03225806451612903
236 155 0.018867924528301886
896 368 0.022222222222222223
167 296 0.014285714285714285
6 323 0.03225806451612903
27 121 0.006369426751592357
263 29 0.020833333333333332
323 6 0.010752688172043012
473 35 0.018867924528301886
155 104 0.03125
337 424 0.011111111111111112
42 671 0.04
322 933 0.06666666666666667
283 280 0.009615384615384616
166 459 0.015384615384615385
431 431 0.043478260869565216
458 152 0.016666666666666666
14 283 0.008333333333333333
933 322 0.05
768 323 0.03225806451612903
963 121 0.006369426751592357
932 63 0.009615384615384616
932 859 0.017241379310344827
280 283 0.008333333333333333
932 211 0.00847457627118644
152 458 0.024390243902439025
338 16 0.014705882352941176
106 280 0.009615384615384616
106 114 0.009174311926605505
106 607 0.038461538461538464
953 699 0.045454545454545456
953 845 0.038461538461538464
424 337 0.02702702702702703
392 283 0.008333333333333333
424 401 0.03125
83 118 0.041666666666666664
932 227 0.05263157894736842
949 698 0.041666666666666664
548 497 0.0625
548 816 0.05555555555555555
35 473 0.013333333333333334
546 252 0.012195121951219513
248 221 0.018518518518518517
42 473 0.013333333333333334
424 316 0.02631578947368421
17 932 0.018867924528301886
129 546 0.0136986301369863
231 214 0.02
224 160 0.0047169811320754715
546 129 0.007194244604316547
947 394 0.03333333333333333
486 232 0.012987012987012988
394 947 0.125
506 913 0.058823529411764705
232 486 0.022727272727272728
141 913 0.058823529411764705
113 106 0.0078125
655 980 0.16666666666666666
211 932 0.018867924528301886
4 323 0.03225806451612903
183 11 0.016129032258064516
523 618 0.07692307692307693
698 949 0.05555555555555555
63 126 0.03571428571428571
856 186 0.05
258 347 0.041666666666666664
126 131 0.021739130434782608
323 4 0.013513513513513514
375 514 0.09090909090909091
593 201 0.023255813953488372
543 291 0.045454545454545456
232 294 0.045454545454545456
932 531 0.021739130434782608
477 375 0.018867924528301886
107 207 0.034482758620689655
207 107 0.005917159763313609
812 932 0.018867924528301886
81 162 0.0196078431372549
812 812 0.022727272727272728
473 493 0.0136986301369863
473 129 0.007194244604316547
473 393 0.015151515151515152
473 296 0.014285714285714285
473 441 0.022727272727272728
473 404 0.01639344262295082
142 483 0.027777777777777776
473 355 0.024390243902439025
473 459 0.015384615384615385
473 340 0.010869565217391304
300 11 0.016129032258064516
473 531 0.021739130434782608
473 329 0.011764705882352941
473 474 0.01639344262295082
434 677 0.5
473 269 0.014492753623188406
473 46 0.014705882352941176
473 211 0.00847457627118644
473 147 0.02702702702702703
473 163 0.02702702702702703
473 490 0.029411764705882353
269 473 0.013333333333333334
86 706 0.1
473 489 0.037037037037037035
473 767 0.16666666666666666
473 174 0.015384615384615385
473 963 0.029411764705882353
147 473 0.013333333333333334
963 473 0.013333333333333334
371 473 0.013333333333333334
155 593 0.02564102564102564
489 473 0.013333333333333334
326 87 0.009174311926605505
291 464 0.023255813953488372
291 290 0.014925373134328358
291 133 0.0136986301369863
291 14 0.01818181818181818
812 635 0.5
963 932 0.018867924528301886
340 473 0.013333333333333334
529 913 0.058823529411764705
205 79 0.02857142857142857
174 473 0.013333333333333334
473 3 0.016129032258064516
141 420 0.009174311926605505
424 483 0.027777777777777776
107 64 0.007352941176470588
932 642 0.05
932 296 0.014285714285714285
931 210 0.012987012987012988
11 183 0.006993006993006993
932 255 0.022222222222222223
448 87 0.009174311926605505
11 300 0.025
12 996 1.0
820 932 0.018867924528301886
371 424 0.011111111111111112
473 280 0.009615384615384616
121 208 0.019230769230769232
87 448 0.030303030303030304
423 981 0.09090909090909091
256 152 0.016666666666666666
996 12 0.021739130434782608
420 141 0.014705882352941176
221 225 0.04
94 294 0.045454545454545456
131 963 0.029411764705882353
265 503 0.08333333333333333
435 942 1.0
210 931 0.07692307692307693
224 224 0.1
126 63 0.009615384615384616
126 54 0.023809523809523808
506 7 0.02040816326530612
963 131 0.021739130434782608
177 533 0.011764705882352941
833 7 0.02040816326530612
7 833 0.2
373 311 0.03225806451612903
423 527 0.06666666666666667
423 361 0.02127659574468085
423 443 0.023809523809523808
423 847 0.03571428571428571
423 925 0.07142857142857142
423 442 0.045454545454545456
423 547 0.034482758620689655
423 47 0.02127659574468085
423 48 0.021739130434782608
423 171 0.02564102564102564
253 932 0.018867924528301886
3 473 0.013333333333333334
400 509 0.02127659574468085
163 42 0.02
107 509 0.02127659574468085
64 99 0.043478260869565216
509 518 0.015151515151515152
473 362 0.016129032258064516
756 183 0.006993006993006993
932 21 0.009009009009009009
179 365 0.011111111111111112
129 282 0.009433962264150943
173 932 0.018867924528301886
280 473 0.013333333333333334
282 533 0.011764705882352941
649 452 0.034482758620689655
210 160 0.0047169811320754715
141 601 0.02702702702702703
249 179 0.02040816326530612
642 42 0.02
445 917 0.05555555555555555
601 141 0.014705882352941176
160 826 0.045454545454545456
409 346 0.041666666666666664
334 579 0.0625
23 337 0.02702702702702703
210 282 0.009433962264150943
155 157 0.018518518518518517
337 23 0.014705882352941176
487 213 0.027777777777777776
506 503 0.08333333333333333
271 470 0.047619047619047616
963 82 0.008264462809917356
358 913 0.058823529411764705
11 365 0.011111111111111112
86 855 0.25
5 99 0.043478260869565216
346 409 0.03333333333333333
473 326 0.02702702702702703
86 191 0.02127659574468085
859 932 0.018867924528301886
621 518 0.015151515151515152
440 365 0.011111111111111112
952 28 0.010416666666666666
506 452 0.034482758620689655
282 129 0.007194244604316547
518 621 0.07692307692307693
118 326 0.02702702702702703
177 200 0.029411764705882353
131 932 0.018867924528301886
458 426 0.021739130434782608
94 86 0.006493506493506494
150 389 0.029411764705882353
991 812 0.022727272727272728
255 42 0.02
282 190 0.034482758620689655
496 506 0.0196078431372549
932 114 0.009174311926605505
816 151 0.023809523809523808
151 816 0.05555555555555555
191 86 0.006493506493506494
533 129 0.007194244604316547
508 546 0.0136986301369863
231 457 0.04
106 17 0.01639344262295082
452 506 0.0196078431372549
40 964 0.2
118 300 0.025
991 520 0.020833333333333332
300 118 0.041666666666666664
812 215 0.013333333333333334
190 282 0.009433962264150943
932 28 0.010416666666666666
520 991 0.25
457 231 0.02040816326530612
503 506 0.0196078431372549
301 28 0.010416666666666666
471 256 0.00847457627118644
10 86 0.006493506493506494
932 81 0.010869565217391304
913 44 0.010869565217391304
935 100 0.027777777777777776
932 495 0.02040816326530612
484 292 0.029411764705882353
393 932 0.018867924528301886
206 575 0.09090909090909091
142 932 0.018867924528301886
257 543 0.030303030303030304
292 484 0.05263157894736842
183 562 0.038461538461538464
326 118 0.041666666666666664
294 457 0.04
210 244 0.037037037037037035
562 183 0.006993006993006993
271 56 0.02564102564102564
271 80 0.01639344262295082
63 473 0.013333333333333334
426 391 0.05263157894736842
28 952 0.14285714285714285
355 473 0.013333333333333334
373 131 0.021739130434782608
488 496 0.05
80 271 0.017241379310344827
147 932 0.018867924528301886
396 379 0.029411764705882353
156 122 0.047619047619047616
591 142 0.010101010101010102
282 932 0.018867924528301886
122 156 0.05
572 294 0.045454545454545456
597 651 0.08333333333333333
907 179 0.02040816326530612
756 42 0.02
42 756 0.058823529411764705
252 932 0.018867924528301886
408 473 0.013333333333333334
160 799 0.2
872 182 0.03571428571428571
212 411 0.013513513513513514
231 179 0.02040816326530612
947 947 0.125
577 377 0.011363636363636364
56 4 0.013513513513513514
252 87 0.009174311926605505
182 872 0.07692307692307693
24 953 0.1111111111111111
24 997 0.3333333333333333
933 956 0.07692307692307693
937 937 0.14285714285714285
180 932 0.018867924528301886
142 597 0.07142857142857142
155 377 0.011363636363636364
141 107 0.005917159763313609
546 509 0.02127659574468085
495 278 0.025
494 932 0.018867924528301886
926 301 0.008620689655172414
107 179 0.02040816326530612
156 906 0.25
316 6 0.010752688172043012
170 497 0.0625
107 468 0.047619047619047616
107 18 0.021739130434782608
412 105 0.008695652173913044
170 282 0.009433962264150943
86 33 0.041666666666666664
405 4 0.013513513513513514
146 226 0.021739130434782608
10 105 0.008695652173913044
282 170 0.011494252873563218
497 170 0.011494252873563218
510 12 0.021739130434782608
487 922 0.058823529411764705
430 420 0.009174311926605505
860 170 0.011494252873563218
411 400 0.034482758620689655
649 466 0.027777777777777776
105 412 0.016666666666666666
164 579 0.0625
671 690 0.07142857142857142
10 282 0.009433962264150943
877 28 0.010416666666666666
275 86 0.006493506493506494
497 548 0.05
474 932 0.018867924528301886
859 991 0.25
191 645 0.2
107 96 0.010309278350515464
400 411 0.013513513513513514
107 591 0.14285714285714285
160 492 0.043478260869565216
281 164 0.02564102564102564
492 160 0.0047169811320754715
20 932 0.018867924528301886
548 753 0.058823529411764705
499 700 0.037037037037037035
579 429 0.03333333333333333
931 243 0.021739130434782608
214 284 0.02857142857142857
922 487 0.08333333333333333
107 214 0.02
28 877 0.125
18 107 0.005917159763313609
284 130 0.027777777777777776
859 132 0.019230769230769232
969 509 0.02127659574468085
285 990 0.05
169 33 0.041666666666666664
980 470 0.047619047619047616
917 483 0.027777777777777776
254 433 0.05263157894736842
607 365 0.011111111111111112
253 142 0.010101010101010102
513 365 0.011111111111111112
226 225 0.04
459 340 0.010869565217391304
453 932 0.018867924528301886
930 208 0.019230769230769232
85 467 0.05
816 987 0.08333333333333333
411 816 0.05555555555555555
845 56 0.02564102564102564
225 226 0.021739130434782608
896 2 0.012987012987012988
268 405 0.012048192771084338
70 212 0.009900990099009901
969 184 0.013888888888888888
3 405 0.012048192771084338
249 513 0.024390243902439025
249 172 0.014285714285714285
405 3 0.016129032258064516
2 405 0.012048192771084338
2 896 0.047619047619047616
193 845 0.038461538461538464
4 405 0.012048192771084338
211 990 0.05
467 85 0.02857142857142857
980 427 0.02127659574468085
473 427 0.02127659574468085
473 367 0.014084507042253521
256 256 0.00847457627118644
473 115 0.009900990099009901
27 953 0.1111111111111111
27 997 0.3333333333333333
33 32 0.03125
335 933 0.06666666666666667
154 282 0.009433962264150943
329 989 0.3333333333333333
373 964 0.2
437 169 0.010416666666666666
820 16 0.014705882352941176
307 218 0.023255813953488372
107 568 0.043478260869565216
466 510 0.05263157894736842
87 42 0.02
28 473 0.013333333333333334
129 484 0.05263157894736842
484 129 0.007194244604316547
300 662 0.0625
268 300 0.025
925 263 0.02127659574468085
820 950 0.022222222222222223
5 763 0.5
20 260 0.05263157894736842
20 10 0.024390243902439025
20 42 0.02
13 177 0.024390243902439025
493 473 0.013333333333333334
334 322 0.05
473 201 0.023255813953488372
473 141 0.014705882352941176
159 926 0.08333333333333333
159 927 0.1111111111111111
763 5 0.008064516129032258
387 950 0.022222222222222223
141 922 0.058823529411764705
925 333 0.010638297872340425
685 990 0.05
900 115 0.009900990099009901
138 880 0.037037037037037035
248 372 0.045454545454545456
269 282 0.009433962264150943
456 64 0.007352941176470588
212 70 0.0625
40 816 0.05555555555555555
492 932 0.018867924528301886
765 365 0.011111111111111112
261 29 0.020833333333333332
133 820 0.010416666666666666
265 161 0.02857142857142857
473 421 0.020833333333333332
473 483 0.027777777777777776
932 492 0.043478260869565216
28 301 0.008620689655172414
947 377 0.011363636363636364
160 339 0.025
65 818 0.1
65 998 1.0
65 525 0.029411764705882353
65 352 0.047619047619047616
65 264 0.037037037037037035
65 320 0.025
65 334 0.05555555555555555
65 639 0.16666666666666666
65 358 0.025
65 135 0.02857142857142857
65 307 0.08333333333333333
65 177 0.024390243902439025
65 515 0.02564102564102564
65 176 0.04
65 204 0.03571428571428571
65 0 0.03125
65 483 0.027777777777777776
65 990 0.05
13 29 0.020833333333333332
13 167 0.02040816326530612
409 177 0.024390243902439025
335 45 0.02631578947368421
546 256 0.00847457627118644
909 280 0.009615384615384616
474 859 0.017241379310344827
215 812 0.022727272727272728
963 859 0.017241379310344827
173 859 0.017241379310344827
506 293 0.0625
440 970 0.5
80 474 0.01639344262295082
294 572 0.045454545454545456
503 44 0.010869565217391304
81 932 0.018867924528301886
124 335 0.043478260869565216
509 969 0.5
509 546 0.0136986301369863
211 128 0.007575757575757576
63 405 0.012048192771084338
63 896 0.047619047619047616
427 932 0.018867924528301886
24 411 0.013513513513513514
411 338 0.019230769230769232
32 28 0.010416666666666666
147 859 0.017241379310344827
466 53 0.037037037037037035
859 147 0.02702702702702703
420 12 0.021739130434782608
169 16 0.014705882352941176
812 950 0.022222222222222223
420 53 0.037037037037037035
531 367 0.014084507042253521
494 529 0.03125
322 929 0.09090909090909091
170 900 0.041666666666666664
170 860 0.0625
929 322 0.05
210 3 0.016129032258064516
122 468 0.047619047619047616
690 316 0.02631578947368421
453 745 0.2
427 107 0.005917159763313609
892 423 0.03125
579 164 0.02564102564102564
579 272 0.024390243902439025
859 971 0.1
177 409 0.03333333333333333
404 932 0.018867924528301886
142 46 0.014705882352941176
138 921 0.09090909090909091
143 405 0.012048192771084338
921 138 0.034482758620689655
440 733 0.1
108 409 0.03333333333333333
46 128 0.007575757575757576
46 3 0.016129032258064516
46 137 0.012987012987012988
932 419 0.013888888888888888
816 336 0.03125
909 87 0.009174311926605505
96 107 0.005917159763313609
411 115 0.009900990099009901
423 301 0.008620689655172414
765 499 0.02564102564102564
25 24 0.038461538461538464
87 909 0.16666666666666666
913 699 0.045454545454545456
295 947 0.125
301 423 0.03125
64 640 0.058823529411764705
503 61 0.01818181818181818
546 462 0.04
465 316 0.02631578947368421
189 966 0.5
822 900 0.041666666666666664
822 953 0.1111111111111111
225 215 0.013333333333333334
607 296 0.014285714285714285
607 105 0.008695652173913044
292 822 0.06666666666666667
955 955 0.125
488 499 0.02564102564102564
305 420 0.009174311926605505
160 490 0.029411764705882353
563 936 0.14285714285714285
909 546 0.0136986301369863
160 601 0.02702702702702703
710 189 0.01639344262295082
494 544 0.03571428571428571
417 170 0.011494252873563218
61 503 0.08333333333333333
420 305 0.019230769230769232
16 121 0.006369426751592357
153 211 0.00847457627118644
3 210 0.012987012987012988
3 128 0.007575757575757576
3 371 0.013157894736842105
3 211 0.00847457627118644
3 46 0.014705882352941176
339 179 0.02040816326530612
325 260 0.05263157894736842
932 31 0.02564102564102564
612 162 0.0196078431372549
316 465 0.1111111111111111
140 735 0.16666666666666666
971 971 0.1
28 932 0.018867924528301886
880 252 0.012195121951219513
127 613 0.125
932 68 0.02564102564102564
81 518 0.015151515151515152
271 400 0.034482758620689655
921 412 0.016666666666666666
619 5 0.008064516129032258
278 789 0.1
826 63 0.009615384615384616
458 714 0.043478260869565216
419 300 0.025
82 563 0.08333333333333333
563 93 0.0196078431372549
563 82 0.008264462809917356
409 338 0.019230769230769232
93 563 0.08333333333333333
409 506 0.0196078431372549
956 506 0.0196078431372549
956 362 0.016129032258064516
820 301 0.008620689655172414
18 120 0.07142857142857142
453 170 0.011494252873563218
405 143 0.022222222222222223
405 78 0.043478260869565216
311 756 0.058823529411764705
499 246 0.08333333333333333
160 15 0.022222222222222223
300 268 0.034482758620689655
334 933 0.06666666666666667
200 917 0.05555555555555555
156 321 0.02702702702702703
15 160 0.0047169811320754715
86 229 0.037037037037037035
86 31 0.02564102564102564
980 119 0.07692307692307693
16 338 0.019230769230769232
448 16 0.014705882352941176
215 214 0.02
16 448 0.030303030303030304
4 360 0.03571428571428571
4 430 0.024390243902439025
214 215 0.013333333333333334
473 411 0.013513513513513514
268 934 0.25
184 82 0.008264462809917356
252 236 0.020833333333333332
186 932 0.018867924528301886
499 86 0.006493506493506494
83 465 0.1111111111111111
87 607 0.038461538461538464
120 18 0.021739130434782608
607 87 0.009174311926605505
607 544 0.03571428571428571
613 747 0.045454545454545456
613 163 0.02702702702702703
613 537 0.05555555555555555
458 789 0.1
487 452 0.034482758620689655
999 145 0.02127659574468085
937 64 0.007352941176470588
465 83 0.011627906976744186
420 430 0.024390243902439025
224 309 0.034482758620689655
84 492 0.043478260869565216
176 423 0.03125
726 283 0.008333333333333333
93 789 0.1
129 932 0.018867924528301886
77 932 0.018867924528301886
423 176 0.04
134 777 0.058823529411764705
756 166 0.007874015748031496
283 726 0.1111111111111111
340 932 0.018867924528301886
171 64 0.007352941176470588
166 756 0.058823529411764705
186 450 0.018867924528301886
812 193 0.04
145 999 1.0
424 448 0.030303030303030304
64 937 0.14285714285714285
812 272 0.024390243902439025
480 362 0.016129032258064516
450 186 0.05
224 64 0.007352941176470588
154 963 0.029411764705882353
963 154 0.02631578947368421
498 503 0.08333333333333333
183 170 0.011494252873563218
607 460 0.022727272727272728
412 473 0.013333333333333334
64 224 0.1
412 81 0.010869565217391304
437 337 0.02702702702702703
437 25 0.03125
437 443 0.023809523809523808
437 30 0.01818181818181818
437 816 0.05555555555555555
437 261 0.023255813953488372
437 547 0.034482758620689655
437 47 0.02127659574468085
437 336 0.03125
443 437 0.038461538461538464
448 421 0.020833333333333332
300 42 0.02
105 170 0.011494252873563218
194 252 0.012195121951219513
460 607 0.038461538461538464
193 812 0.022727272727272728
193 252 0.012195121951219513
937 404 0.01639344262295082
272 812 0.022727272727272728
170 513 0.024390243902439025
260 260 0.05263157894736842
473 412 0.016666666666666666
42 300 0.025
47 437 0.038461538461538464
552 256 0.00847457627118644
812 826 0.045454545454545456
269 932 0.018867924528301886
455 29 0.020833333333333332
170 987 0.08333333333333333
404 421 0.020833333333333332
419 607 0.038461538461538464
411 170 0.011494252873563218
518 771 0.125
333 983 0.3333333333333333
145 326 0.02702702702702703
979 745 0.2
393 421 0.020833333333333332
437 847 0.03571428571428571
246 141 0.014705882352941176
181 950 0.022222222222222223
298 301 0.008620689655172414
445 5 0.008064516129032258
546 106 0.0078125
859 64 0.007352941176470588
106 546 0.0136986301369863
473 80 0.01639344262295082
504 967 0.2
932 129 0.007194244604316547
430 421 0.020833333333333332
419 131 0.021739130434782608
419 932 0.018867924528301886
20 329 0.011764705882352941
936 936 0.14285714285714285
184 420 0.009174311926605505
329 20 0.015625
245 981 0.09090909090909091
170 105 0.008695652173913044
922 529 0.03125
408 859 0.017241379310344827
333 421 0.020833333333333332
518 121 0.006369426751592357
321 349 0.05555555555555555
321 179 0.02040816326530612
261 986 0.3333333333333333
253 121 0.006369426751592357
932 254 0.034482758620689655
420 184 0.013888888888888888
537 74 0.013157894736842105
217 49 0.07692307692307693
789 5 0.008064516129032258
168 133 0.0136986301369863
215 340 0.010869565217391304
427 87 0.009174311926605505
422 819 0.2
756 375 0.018867924528301886
375 756 0.058823529411764705
283 137 0.012987012987012988
283 3 0.016129032258064516
766 766 0.5
766 521 0.07692307692307693
134 766 0.5
671 375 0.018867924528301886
766 134 0.047619047619047616
5 789 0.1
62 708 0.058823529411764705
812 803 0.0625
803 193 0.04
166 166 0.007874015748031496
68 142 0.010101010101010102
181 133 0.0136986301369863
187 42 0.02
44 529 0.03125
139 541 0.07142857142857142
932 420 0.009174311926605505
80 473 0.013333333333333334
7 720 0.0625
7 956 0.07692307692307693
7 922 0.058823529411764705
7 765 0.05555555555555555
115 421 0.020833333333333332
121 425 0.058823529411764705
107 201 0.023255813953488372
107 206 0.022727272727272728
403 493 0.0136986301369863
193 803 0.0625
19 121 0.006369426751592357
405 162 0.0196078431372549
186 490 0.029411764705882353
121 473 0.013333333333333334
121 419 0.013888888888888888
518 106 0.0078125
473 121 0.006369426751592357
64 292 0.029411764705882353
419 121 0.006369426751592357
105 347 0.041666666666666664
568 121 0.006369426751592357
420 337 0.02702702702702703
45 16 0.014705882352941176
145 20 0.015625
545 462 0.04
699 913 0.058823529411764705
118 667 0.03571428571428571
548 365 0.011111111111111112
168 122 0.047619047619047616
249 548 0.05
133 419 0.013888888888888888
23 932 0.018867924528301886
607 106 0.0078125
122 168 0.015873015873015872
833 856 0.018867924528301886
404 217 0.06666666666666667
217 404 0.01639344262295082
292 1000 0.2
1000 232 0.012987012987012988
7 420 0.009174311926605505
105 607 0.038461538461538464
549 877 0.125
549 299 0.047619047619047616
215 347 0.041666666666666664
215 440 0.015873015873015872
162 186 0.05
168 900 0.041666666666666664
168 822 0.06666666666666667
409 28 0.010416666666666666
489 249 0.008928571428571428
756 223 0.024390243902439025
268 340 0.010869565217391304
420 325 0.038461538461538464
201 278 0.025
166 242 0.03571428571428571
166 320 0.025
404 373 0.043478260869565216
20 271 0.017241379310344827
54 107 0.005917159763313609
803 63 0.009615384615384616
18 365 0.011111111111111112
133 181 0.022222222222222223
435 163 0.02702702702702703
1000 918 0.05263157894736842
6 1001 0.2
212 191 0.02127659574468085
661 440 0.015873015873015872
918 1000 0.2
93 883 0.09090909090909091
896 63 0.009615384615384616
932 490 0.029411764705882353
932 165 0.010869565217391304
252 419 0.013888888888888888
883 93 0.0196078431372549
409 667 0.03571428571428571
191 212 0.009900990099009901
490 356 0.02127659574468085
490 258 0.03125
212 856 0.018867924528301886
170 163 0.02702702702702703
86 753 0.058823529411764705
86 115 0.009900990099009901
86 170 0.011494252873563218
474 474 0.01639344262295082
252 427 0.02127659574468085
68 212 0.009900990099009901
427 252 0.012195121951219513
427 546 0.0136986301369863
271 10 0.024390243902439025
14 128 0.007575757575757576
128 14 0.01818181818181818
252 849 0.14285714285714285
333 249 0.008928571428571428
103 182 0.03571428571428571
74 537 0.05555555555555555
166 429 0.03333333333333333
166 446 0.045454545454545456
8 950 0.022222222222222223
52 197 0.030303030303030304
424 170 0.011494252873563218
5 690 0.07142857142857142
159 166 0.007874015748031496
213 720 0.0625
213 573 0.058823529411764705
213 602 0.05
213 266 0.043478260869565216
213 332 0.05555555555555555
213 525 0.029411764705882353
213 452 0.034482758620689655
213 700 0.037037037037037035
266 213 0.027777777777777776
166 143 0.022222222222222223
213 823 0.05
132 234 0.029411764705882353
823 213 0.027777777777777776
295 717 0.1
170 424 0.011111111111111112
321 157 0.018518518518518517
321 389 0.029411764705882353
321 392 0.05263157894736842
321 397 0.029411764705882353
321 378 0.041666666666666664
321 384 0.0625
321 385 0.047619047619047616
321 387 0.043478260869565216
321 388 0.043478260869565216
321 395 0.027777777777777776
321 396 0.07142857142857142
321 150 0.03125
95 917 0.05555555555555555
429 166 0.007874015748031496
720 213 0.027777777777777776
458 543 0.030303030303030304
1001 6 0.010752688172043012
326 325 0.038461538461538464
326 327 0.034482758620689655
237 236 0.020833333333333332
777 777 0.058823529411764705
707 213 0.027777777777777776
589 256 0.00847457627118644
249 833 0.2
690 5 0.008064516129032258
123 987 0.08333333333333333
318 40 0.020833333333333332
212 68 0.02564102564102564
166 42 0.02
929 592 0.034482758620689655
27 883 0.09090909090909091
166 1000 0.2
197 52 0.05555555555555555
291 93 0.0196078431372549
4 166 0.007874015748031496
411 859 0.017241379310344827
411 323 0.03225806451612903
859 411 0.013513513513513514
513 268 0.034482758620689655
510 499 0.02564102564102564
1000 166 0.007874015748031496
84 119 0.07692307692307693
953 900 0.041666666666666664
953 822 0.06666666666666667
953 997 0.3333333333333333
953 292 0.029411764705882353
833 249 0.008928571428571428
494 113 0.013513513513513514
925 417 0.018867924528301886
155 877 0.125
599 481 0.02564102564102564
106 548 0.05
601 536 0.09090909090909091
106 28 0.010416666666666666
499 510 0.05263157894736842
393 607 0.038461538461538464
12 638 0.16666666666666666
491 497 0.0625
491 816 0.05555555555555555
491 753 0.058823529411764705
1001 2 0.012987012987012988
116 987 0.08333333333333333
859 803 0.0625
42 607 0.038461538461538464
883 27 0.0196078431372549
896 12 0.021739130434782608
254 211 0.00847457627118644
181 283 0.008333333333333333
420 68 0.02564102564102564
820 420 0.009174311926605505
42 166 0.007874015748031496
367 106 0.0078125
789 458 0.024390243902439025
323 271 0.017241379310344827
156 734 0.07692307692307693
271 323 0.03225806451612903
2 1001 0.2
560 1 0.0196078431372549
560 1002 1.0
560 276 0.1111111111111111
560 221 0.018518518518518517
560 224 0.1
560 218 0.023255813953488372
560 386 0.125
560 21 0.009009009009009009
560 313 0.058823529411764705
560 363 0.02564102564102564
560 607 0.038461538461538464
930 927 0.1111111111111111
93 291 0.045454545454545456
50 654 0.02702702702702703
833 833 0.2
601 121 0.006369426751592357
927 930 0.07142857142857142
612 427 0.02127659574468085
473 642 0.05
490 128 0.007575757575757576
221 560 0.03571428571428571
86 196 0.043478260869565216
859 212 0.009900990099009901
122 411 0.013513513513513514
419 296 0.014285714285714285
9 957 0.1
167 420 0.009174311926605505
196 86 0.006493506493506494
86 459 0.015384615384615385
179 160 0.0047169811320754715
958 509 0.02127659574468085
490 420 0.009174311926605505
833 62 0.00558659217877095
142 68 0.02564102564102564
900 987 0.08333333333333333
411 123 0.03333333333333333
932 83 0.011627906976744186
123 411 0.013513513513513514
494 287 0.058823529411764705
482 655 0.038461538461538464
421 365 0.011111111111111112
166 4 0.013513513513513514
249 421 0.020833333333333332
165 86 0.006493506493506494
464 450 0.018867924528301886
166 150 0.03125
166 0 0.03125
166 181 0.022222222222222223
166 857 0.25
180 421 0.020833333333333332
222 607 0.038461538461538464
121 433 0.05263157894736842
255 421 0.020833333333333332
166 529 0.03125
453 420 0.009174311926605505
213 8 0.029411764705882353
917 557 0.06666666666666667
917 445 0.041666666666666664
114 420 0.009174311926605505
412 826 0.045454545454545456
4 880 0.037037037037037035
128 490 0.029411764705882353
249 170 0.011494252873563218
820 421 0.020833333333333332
196 918 0.05263157894736842
323 654 0.02702702702702703
196 593 0.02564102564102564
196 776 0.04
196 205 0.037037037037037035
269 254 0.034482758620689655
139 274 0.043478260869565216
287 494 0.0125
420 19 0.016129032258064516
151 27 0.0196078431372549
172 87 0.009174311926605505
420 190 0.034482758620689655
212 212 0.009900990099009901
445 256 0.00847457627118644
445 518 0.015151515151515152
19 420 0.009174311926605505
162 236 0.020833333333333332
556 113 0.013513513513513514
404 420 0.009174311926605505
367 420 0.009174311926605505
145 612 0.02127659574468085
271 513 0.024390243902439025
133 600 0.1
165 105 0.008695652173913044
513 271 0.017241379310344827
91 989 0.3333333333333333
230 533 0.011764705882352941
593 974 0.14285714285714285
299 80 0.01639344262295082
860 337 0.02702702702702703
860 116 0.014705882352941176
860 123 0.03333333333333333
860 165 0.010869565217391304
860 336 0.03125
860 338 0.019230769230769232
860 339 0.025
113 556 0.14285714285714285
420 474 0.01639344262295082
166 3 0.016129032258064516
80 299 0.047619047619047616
1001 4 0.013513513513513514
299 287 0.058823529411764705
936 546 0.0136986301369863
23 421 0.020833333333333332
287 299 0.047619047619047616
42 221 0.018518518518518517
105 215 0.013333333333333334
215 249 0.008928571428571428
278 495 0.02040816326530612
223 73 0.04
655 427 0.02127659574468085
922 53 0.037037037037037035
526 221 0.018518518518518517
8 213 0.027777777777777776
529 166 0.007874015748031496
438 987 0.08333333333333333
1000 14 0.01818181818181818
1003 258 0.03125
411 438 0.013157894736842105
258 1003 1.0
925 981 0.09090909090909091
726 212 0.009900990099009901
506 466 0.027777777777777776
212 726 0.1111111111111111
914 135 0.02857142857142857
146 533 0.011764705882352941
55 1004 1.0
213 503 0.08333333333333333
135 914 0.05555555555555555
169 987 0.08333333333333333
245 329 0.011764705882352941
777 86 0.006493506493506494
438 411 0.013513513513513514
546 936 0.14285714285714285
86 466 0.027777777777777776
420 222 0.017857142857142856
466 86 0.006493506493506494
974 917 0.05555555555555555
419 91 0.037037037037037035
419 253 0.043478260869565216
607 243 0.021739130434782608
91 419 0.013888888888888888
116 411 0.013513513513513514
240 963 0.029411764705882353
503 213 0.027777777777777776
213 956 0.07692307692307693
213 913 0.058823529411764705
0 166 0.007874015748031496
89 924 0.1
301 8 0.029411764705882353
420 114 0.009174311926605505
62 833 0.2
1000 292 0.029411764705882353
420 280 0.009615384615384616
803 990 0.05
437 900 0.041666666666666664
914 105 0.008695652173913044
420 133 0.0136986301369863
62 212 0.009900990099009901
62 131 0.021739130434782608
62 586 0.04
62 812 0.022727272727272728
607 471 0.125
338 420 0.009174311926605505
280 420 0.009174311926605505
329 245 0.02127659574468085
242 926 0.08333333333333333
8 301 0.008620689655172414
44 10 0.024390243902439025
3 990 0.05
851 214 0.02
133 420 0.009174311926605505
132 859 0.017241379310344827
290 184 0.013888888888888888
285 921 0.09090909090909091
4 1001 0.2
826 990 0.05
826 1001 0.2
471 607 0.038461538461538464
46 812 0.022727272727272728
45 933 0.06666666666666667
42 343 0.05
420 230 0.058823529411764705
212 641 0.08333333333333333
312 420 0.009174311926605505
13 244 0.037037037037037035
68 366 0.011627906976744186
654 121 0.006369426751592357
607 42 0.02
733 825 0.25
160 228 0.045454545454545456
607 421 0.020833333333333332
160 429 0.03333333333333333
3 1001 0.2
509 190 0.034482758620689655
172 212 0.009900990099009901
329 486 0.022727272727272728
56 921 0.09090909090909091
480 107 0.005917159763313609
173 366 0.011627906976744186
205 955 0.125
265 856 0.018867924528301886
420 188 0.038461538461538464
429 160 0.0047169811320754715
249 388 0.043478260869565216
949 880 0.037037037037037035
32 165 0.010869565217391304
313 623 0.1111111111111111
68 420 0.009174311926605505
152 395 0.027777777777777776
509 420 0.009174311926605505
549 371 0.013157894736842105
549 296 0.014285714285714285
832 520 0.020833333333333332
299 968 0.3333333333333333
249 950 0.022222222222222223
422 244 0.037037037037037035
244 422 0.03225806451612903
102 832 0.045454545454545456
361 981 0.09090909090909091
87 45 0.02631578947368421
953 590 0.03571428571428571
226 533 0.011764705882352941
113 950 0.022222222222222223
152 494 0.0125
152 86 0.006493506493506494
13 302 0.043478260869565216
316 420 0.009174311926605505
188 420 0.009174311926605505
205 917 0.05555555555555555
520 832 0.045454545454545456
577 757 0.25
422 424 0.011111111111111112
256 489 0.037037037037037035
47 925 0.07142857142857142
925 47 0.02127659574468085
917 27 0.0196078431372549
32 883 0.09090909090909091
707 950 0.022222222222222223
115 163 0.02702702702702703
373 306 0.03125
250 368 0.022222222222222223
496 922 0.058823529411764705
424 422 0.03225806451612903
426 231 0.02040816326530612
7 212 0.009900990099009901
278 347 0.041666666666666664
212 7 0.02040816326530612
420 189 0.01639344262295082
883 32 0.03125
958 962 0.5
160 529 0.03125
160 496 0.05
409 151 0.023809523809523808
420 820 0.010416666666666666
1001 193 0.04
1001 826 0.045454545454545456
1001 194 0.023809523809523808
1001 832 0.045454545454545456
1001 803 0.0625
1001 990 0.05
107 222 0.017857142857142856
420 218 0.023255813953488372
163 170 0.011494252873563218
661 569 0.034482758620689655
533 607 0.038461538461538464
52 128 0.007575757575757576
223 142 0.010101010101010102
373 112 0.058823529411764705
128 52 0.05555555555555555
160 857 0.25
420 163 0.02702702702702703
607 533 0.011764705882352941
621 160 0.0047169811320754715
607 256 0.00847457627118644
420 293 0.0625
592 929 0.09090909090909091
536 601 0.02702702702702703
148 225 0.04
163 420 0.009174311926605505
720 856 0.018867924528301886
180 420 0.009174311926605505
856 720 0.0625
160 346 0.041666666666666664
120 0 0.03125
230 5 0.008064516129032258
285 420 0.009174311926605505
5 230 0.058823529411764705
51 200 0.029411764705882353
460 440 0.015873015873015872
460 347 0.041666666666666664
232 1000 0.2
913 707 0.029411764705882353
207 160 0.0047169811320754715
579 335 0.043478260869565216
579 929 0.09090909090909091
579 334 0.05555555555555555
565 823 0.05
968 968 0.3333333333333333
388 249 0.008928571428571428
918 232 0.012987012987012988
65 107 0.005917159763313609
420 450 0.018867924528301886
1000 206 0.022727272727272728
420 172 0.014285714285714285
593 918 0.05263157894736842
420 666 0.0625
409 36 0.023255813953488372
420 99 0.043478260869565216
420 404 0.01639344262295082
420 520 0.020833333333333332
66 91 0.037037037037037035
420 526 0.02
271 256 0.00847457627118644
859 408 0.02631578947368421
419 84 0.020833333333333332
129 377 0.011363636363636364
142 151 0.023809523809523808
13 900 0.041666666666666664
925 318 0.02
925 114 0.009174311926605505
925 423 0.03125
925 245 0.02127659574468085
925 48 0.021739130434782608
206 1000 0.2
420 367 0.014084507042253521
546 803 0.0625
707 499 0.02564102564102564
707 602 0.05
13 297 0.05263157894736842
59 990 0.05
121 458 0.024390243902439025
900 13 0.01639344262295082
241 232 0.012987012987012988
420 28 0.010416666666666666
256 87 0.009174311926605505
28 420 0.009174311926605505
420 285 0.014705882352941176
87 227 0.05263157894736842
420 143 0.022222222222222223
174 859 0.017241379310344827
440 460 0.022727272727272728
52 786 0.2
506 932 0.018867924528301886
